Model::init:  starts
   Model::ExponentialKernel::ExponentialKernel:  ... done
   Model::LennardJonesCollision::LennardJonesCollision:  ... done
   WELL: REACS
   Model::RRHO::RRHO:  starts
      Model::RigidRotor::RigidRotor:  starts
         molecular geometry will be used to estimate rotational constants
         rotational configuration: nonlinear
         rotational constants[1/cm]:        0.878137        0.12634       0.118562
      Model::RigidRotor::RigidRotor:  done, cpu time[sec] = 0.01, elapsed time[sec] = 0
      1-th ROTOR:
      Model::HinderedRotor::HinderedRotor:  starts
         Model::HinderedRotor::_read:  starts
            Fourier Expansion Coefficients(kcal/mol):
              0            1.3
              1    3.62848e-16
              2       -1.32333
              3     -0.0057735
              4           0.02
              5     3.7181e-16
              6     0.00333333
         Model::HinderedRotor::_read:  done, cpu time[sec] = 0, elapsed time[sec] = 0
         effective rotational constant[1/cm]  = 6.24022
         analytic  frequency at minimum[1/cm] = 218.376
         numerical frequency at minimum[1/cm] = 218.376
         minimum energy[kcal/mol]             = -4.92885e-05
         maximum energy[kcal/mol]             = 2.64005
         maximum frequency[1/cm]              = 218.459
         maximum imaginary frequency[1/cm]    = 232.344
         ground energy [kcal/mol]             = 0.305002
         highest energy level [kcal/mol]      = 371.261
         number of levels                     = 97
         10 lowest excited states [kcal/mol] relative to the ground: 0.593 1.15 1.66 2.05 2.58 2.65 3.65 3.65 5.07
         Statistical Weight (*** - deep tunneling regime):
          T, K        Quantum      Classical  Semiclassical  ***
           100        1.05381        1.49915        1.04574
           200        1.30456        1.42117        1.30303
           300        1.63933        1.69641         1.6388
           400        2.00891        2.04322        2.00867
           500        2.39048        2.41332        2.39036
           600        2.77157        2.78776         2.7715
           700        3.14554        3.15763        3.14558
           800        3.50941        3.51866        3.50942
           900        3.86169        3.86896        3.86169
          1000        4.20198        4.20789        4.20204
      Model::HinderedRotor::HinderedRotor:  done, cpu time[sec] = 0.01, elapsed time[sec] = 0
      2-th ROTOR:
      Model::HinderedRotor::HinderedRotor:  starts
         Model::HinderedRotor::_read:  starts
            Fourier Expansion Coefficients(kcal/mol):
              0          2.006
              1      0.0240656
              2      -0.431276
              3     -0.0607086
              4       0.339452
              5      0.0330657
              6       -2.03038
              7     -0.0596188
              8      0.0768222
              9          0.028
             10          0.018
             11     0.00597612
             12      0.0230482
             13    3.20981e-06
             14   -0.000517882
             15     -0.0013596
             16   -0.000322173
             17     0.00100325
             18   -0.000829526
             19   -2.19509e-15
             20    6.80339e-18
         Model::HinderedRotor::_read:  done, cpu time[sec] = 0, elapsed time[sec] = 0
         effective rotational constant[1/cm]  = 1.7071
         analytic  frequency at minimum[1/cm] = 154.084
         numerical frequency at minimum[1/cm] = 154.081
         minimum energy[kcal/mol]             = -0.0306686
         maximum energy[kcal/mol]             = 4.89837
         maximum frequency[1/cm]              = 154.395
         maximum imaginary frequency[1/cm]    = 161.802
         ground energy [kcal/mol]             = 0.186746
         highest energy level [kcal/mol]      = 11.5874
         number of levels                     = 89
         10 lowest excited states [kcal/mol] relative to the ground: 0.00188 0.00778 0.375 0.412 0.429 0.738 0.805 0.846 1.09
         Statistical Weight (*** - deep tunneling regime):
          T, K        Quantum      Classical  Semiclassical  ***
           100        3.41154        4.02052        3.40741
           200        4.73506        4.92771        4.73445
           300        6.25305         6.3582        6.25295
           400        7.88117        7.94995         7.8812
           500        9.58782        9.63699        9.58796
           600        11.3444        11.3815        11.3447
           700        13.1245        13.1547         13.126
           800        14.9072         14.935        14.9121
           900         16.676         16.707        16.6884
          1000        18.4188        18.4601        18.4446
      Model::HinderedRotor::HinderedRotor:  done, cpu time[sec] = 0.03, elapsed time[sec] = 0
      3-th ROTOR:
      Model::HinderedRotor::HinderedRotor:  starts
         Model::HinderedRotor::_read:  starts
            Fourier Expansion Coefficients(kcal/mol):
              0       0.621667
              1      0.0337639
              2      0.0194936
              3      0.0707254
              4     -0.0441667
              5          -0.01
              6      -0.576667
              7     -0.0476314
              8     -0.0241667
              9    -0.00376388
             10     0.00217308
             11   -8.36319e-16
             12     0.00166667
         Model::HinderedRotor::_read:  done, cpu time[sec] = 0, elapsed time[sec] = 0
         effective rotational constant[1/cm]  = 22.1957
         analytic  frequency at minimum[1/cm] = 296.329
         numerical frequency at minimum[1/cm] = 296.325
         minimum energy[kcal/mol]             = -0.000361184
         maximum energy[kcal/mol]             = 1.38017
         maximum frequency[1/cm]              = 298.449
         maximum imaginary frequency[1/cm]    = 319.775
         ground energy [kcal/mol]             = 0.379084
         highest energy level [kcal/mol]      = 146.838
         number of levels                     = 97
         10 lowest excited states [kcal/mol] relative to the ground: 0.00607 0.0852 0.587 0.627 0.764 0.984 1.3 1.33 1.86
         Statistical Weight (*** - deep tunneling regime):
          T, K        Quantum      Classical  Semiclassical  ***
           100        2.74749        4.31312        2.64186
           200         3.5533        3.88958        3.53654
           300        4.39599        4.53482        4.39101
           400        5.19424        5.26755         5.1922
           500        5.93468        5.97902        5.93371
           600        6.62128        6.65054        6.62078
           700        7.26103        7.28156        7.26077
           800        7.86062        7.87569        7.86049
           900        8.42572        8.43718        8.42566
          1000        8.96101        8.96996        8.96099
      Model::HinderedRotor::HinderedRotor:  done, cpu time[sec] = 0.02, elapsed time[sec] = 0
      interpolating states number/density starts
         core state contribution ... done, cpu time[sec] = 0.01, elapsed time[sec] = 0
         vibrational modes contribution ... done, cpu time[sec] = 0.05, elapsed time[sec] = 0
         hindered rotors contribution starts
            Model::HinderedRotor::set:  starts
               hamiltonian size                = 101
               ground energy [kcal/mol]        = 0.305002
               highest level energy [kcal/mol] = 386.532
               number of levels                = 99
            Model::HinderedRotor::set:  done, cpu time[sec] = 0, elapsed time[sec] = 0
            Model::HinderedRotor::set:  starts
               hamiltonian size                = 575
               ground energy [kcal/mol]        = 0.186746
               highest level energy [kcal/mol] = 401.175
               number of levels                = 573
            Model::HinderedRotor::set:  done, cpu time[sec] = 1.97, elapsed time[sec] = 0
            Model::HinderedRotor::set:  starts
               hamiltonian size                = 161
               ground energy [kcal/mol]        = 0.379084
               highest level energy [kcal/mol] = 396.299
               number of levels                = 159
            Model::HinderedRotor::set:  done, cpu time[sec] = 0.1, elapsed time[sec] = 0
         hindered rotors contribution done, cpu time[sec] = 3.83, elapsed time[sec] = 0
         effective power exponent at 399.998 kcal/mol = 25.0328
      interpolating states number/density done, cpu time[sec] = 4.17, elapsed time[sec] = 0
   Model::RRHO::RRHO:  done, cpu time[sec] = 4.24, elapsed time[sec] = 0
   BIMOLECULAR: PRODS
   Model::Bimolecular::Bimolecular:  starts
      Model::RRHO::RRHO:  starts
         Model::RigidRotor::RigidRotor:  starts
            molecular geometry will be used to estimate rotational constants
            rotational configuration: nonlinear
            rotational constants[1/cm]:         6.49782        1.00826        0.87981
         Model::RigidRotor::RigidRotor:  done, cpu time[sec] = 0, elapsed time[sec] = 0
         1-th ROTOR:
         Model::HinderedRotor::HinderedRotor:  starts
            Model::HinderedRotor::_read:  starts
               Fourier Expansion Coefficients(kcal/mol):
                 0        1.18375
                 1       -1.16395
                 2        -1.2493
                 3         0.8625
                 4           0.05
                 5      -0.168948
                 6       0.154303
                 7    1.39304e-16
                 8       -0.13875
            Model::HinderedRotor::_read:  done, cpu time[sec] = 0, elapsed time[sec] = 0
            effective rotational constant[1/cm]  = 31.7378
            analytic  frequency at minimum[1/cm] = 411.412
            numerical frequency at minimum[1/cm] = 411.404
            minimum energy[kcal/mol]             = -0.000769831
            maximum energy[kcal/mol]             = 4.12193
            maximum frequency[1/cm]              = 615.775
            maximum imaginary frequency[1/cm]    = 915.47
            ground energy [kcal/mol]             = 0.301783
            highest energy level [kcal/mol]      = 837.462
            number of levels                     = 97
            10 lowest excited states [kcal/mol] relative to the ground: 0.502 1.3 2.14 2.9 4.2 4.49 6.77 6.8 10
            Statistical Weight (*** - deep tunneling regime):
             T, K        Quantum      Classical  Semiclassical  ***
              100        1.08147        1.71172         2.0693  ***
              200         1.3263        1.53971        1.34173  ***
              300        1.58084        1.70373        1.58318
              400        1.82954        1.91339        1.82963
              500        2.07124        2.13316        2.07089
              600        2.30601        2.35369        2.30549
              700        2.53348        2.57141        2.53308
              800        2.75402        2.78472        2.75361
              900        2.96751         2.9929        2.96721
             1000        3.17442        3.19563        3.17413
         Model::HinderedRotor::HinderedRotor:  done, cpu time[sec] = 0.06, elapsed time[sec] = 0
      Model::RRHO::RRHO:  done, cpu time[sec] = 0.07, elapsed time[sec] = 0
      Model::RRHO::RRHO:  starts
         Model::RigidRotor::RigidRotor:  starts
            molecular geometry will be used to estimate rotational constants
            rotational configuration: nonlinear
            rotational constants[1/cm]:         3.47442       0.764503        0.70828
         Model::RigidRotor::RigidRotor:  done, cpu time[sec] = 0, elapsed time[sec] = 0
         1-th ROTOR:
         Model::HinderedRotor::HinderedRotor:  starts
            Model::HinderedRotor::_read:  starts
               Fourier Expansion Coefficients(kcal/mol):
                 0         0.0275
                 1         -0.005
                 2          -0.03
                 3   -6.12323e-19
                 4         0.0025
            Model::HinderedRotor::_read:  done, cpu time[sec] = 0, elapsed time[sec] = 0
            effective rotational constant[1/cm]  = 15.1392
            analytic  frequency at minimum[1/cm] = 90.4308
            numerical frequency at minimum[1/cm] = 90.4309
            minimum energy[kcal/mol]             = -0.000611106
            maximum energy[kcal/mol]             = 0.0603116
            maximum frequency[1/cm]              = 97.3347
            maximum imaginary frequency[1/cm]    = 123.765
            ground energy [kcal/mol]             = 0.0272031
            highest energy level [kcal/mol]      = 3590.22
            number of levels                     = 97
            10 lowest excited states [kcal/mol] relative to the ground: 1.56 1.56 6.23 6.23 14 14 24.9 24.9 39
            Statistical Weight (*** - deep tunneling regime):
             T, K        Quantum      Classical  Semiclassical  ***
              100        1.00078       0.635726        0.63324
              200        1.03961       0.895789       0.895131
              300        1.14641        1.09649        1.09623
              400        1.28226        1.26592        1.26578
              500        1.42041        1.41526        1.41518
              600        1.55186         1.5503        1.55025
              700        1.67488         1.6745        1.67447
              800        1.79024        1.79012        1.79009
              900        1.89873        1.89871        1.89869
             1000        2.00141        2.00142         2.0014
         Model::HinderedRotor::HinderedRotor:  done, cpu time[sec] = 0.04, elapsed time[sec] = 0
      Model::RRHO::RRHO:  done, cpu time[sec] = 0.04, elapsed time[sec] = 0
   Model::Bimolecular::Bimolecular:  done, cpu time[sec] = 0.11, elapsed time[sec] = 0
   BARRIER: TS
   Model::RRHO::RRHO:  starts
      Model::RigidRotor::RigidRotor:  starts
         molecular geometry will be used to estimate rotational constants
         rotational configuration: nonlinear
         rotational constants[1/cm]:        0.638347       0.084776      0.0787943
      Model::RigidRotor::RigidRotor:  done, cpu time[sec] = 0, elapsed time[sec] = 0
      interpolating states number/density starts
         core state contribution ... done, cpu time[sec] = 0.04, elapsed time[sec] = 0
         vibrational modes contribution ... done, cpu time[sec] = 0.25, elapsed time[sec] = 0
         effective power exponent at 332.56 kcal/mol = 25.7454
      interpolating states number/density done, cpu time[sec] = 0.52, elapsed time[sec] = 0
   Model::RRHO::RRHO:  done, cpu time[sec] = 0.52, elapsed time[sec] = 0
   checking input ... done
   setting connectivity ... done
   checking connectivity ... done
   setting dissociation limit ... done
   setting maximum barrier height ... done
   partition functions (relative to the ground level, units - 1/cm3):
     T\Q        REACS        PROD1        Prod2           TS
     100  3.75703e+30  5.75048e+28  2.79152e+28  1.06609e+31
     200  8.23759e+31  3.05088e+29  3.26956e+29   3.8353e+32
     300  7.83666e+32   1.3029e+30  1.50842e+30  5.18119e+33
     400  5.30711e+33   3.9987e+30  4.98168e+30  4.65435e+34
     500  3.02474e+34  1.02608e+31  1.40228e+31  3.35225e+35
     600  1.54816e+35  2.35154e+31  3.59551e+31  2.08541e+36
     700  7.31022e+35  4.97489e+31  8.64814e+31  1.15993e+37
     800  3.22607e+36  9.90139e+31  1.98095e+32  5.88099e+37
     900  1.34086e+37  1.87652e+32   4.3597e+32  2.75284e+38
    1000  5.27716e+37  3.41507e+32  9.27201e+32  1.20084e+39
    1100  1.97498e+38  6.00482e+32  1.91332e+33  4.91738e+39
    1200  7.05351e+38   1.0249e+33  3.84247e+33   1.9015e+40
    1300  2.41132e+39   1.7042e+33  7.52773e+33  6.97759e+40
    1400  7.91193e+39   2.7688e+33  1.44138e+34  2.43989e+41
    1500  2.49773e+40  4.40577e+33  2.70179e+34  8.15919e+41
    1600  7.60329e+40  6.87971e+33  4.96452e+34  2.61756e+42
    1700   2.2363e+41  1.05598e+34  8.95324e+34  8.07831e+42
    1800  6.36704e+41   1.5955e+34  1.58646e+35  2.40431e+43
    1900  1.75782e+42  2.37587e+34  2.76467e+35  6.91625e+43
    2000  4.71339e+42  3.49058e+34  4.74253e+35  1.92679e+44
   partition functions (relative to 0 kcal/mol, units - 1/cm3):
     T\Q        REACS           TS
     100  3.75703e+30 4.36342e-117
     200  8.23759e+31  7.75918e-42
     300  7.83666e+32  3.84686e-16
     400  5.30711e+33   0.00662014
     500  3.02474e+34   1.1162e+06
     600  1.54816e+35  5.68238e+11
     700  7.31022e+35  1.02096e+16
     800  3.22607e+36  2.21797e+19
     900  1.34086e+37  1.15702e+22
    1000  5.27716e+37  2.19123e+24
    1100  1.97498e+38  1.96258e+26
    1200  7.05351e+38   9.9258e+27
    1300  2.41132e+39  3.20752e+29
    1400  7.91193e+39  7.23865e+30
    1500  2.49773e+40  1.21838e+32
    1600  7.60329e+40  1.60749e+33
    1700   2.2363e+41  1.72759e+34
    1800  6.36704e+41  1.55873e+35
    1900  1.75782e+42  1.20951e+36
    2000  4.71339e+42  8.23069e+36
   tunneling partition function correction factors & high pressure effective energy shifts (D), kcal/mol:
     T\B           TS            D
     100            1           -0
     200            1           -0
     300            1           -0
     400            1           -0
     500            1           -0
     600            1           -0
     700            1           -0
     800            1           -0
     900            1           -0
    1000            1           -0
    1100            1           -0
    1200            1           -0
    1300            1           -0
    1400            1           -0
    1500            1           -0
    1600            1           -0
    1700            1           -0
    1800            1           -0
    1900            1           -0
    2000            1           -0
Model::init:  done, cpu time[sec] = 5.02, elapsed time[sec] = 0
rate calculation starts
   MasterEquation::set:  starts
      Temperature      = 300 K
      Collision rate   = 2.09009e-10cm^3/sec
      Energy reference = 29843 1/cm
      Energy step      = 42 1/cm
      setting wells, barriers, and bimolecular starts
         REACS Well: density of states done, elapsed time[sec] = 0
         REACS Well: collisional energy transfer kernel done, elapsed time[sec] = 0.05
         REACS Well: relaxation modes basis done, elapsed time[sec] = 0.03
         REACS Well: kernel in relaxation modes basis done, elapsed time[sec] = 0.23
         REACS Well: relaxation eigenvalues done, elapsed time[sec] = 0.06
         REACS Well: minimal relaxation eigenvalue = 0.122331
         REACS Well: maximal relaxation eigenvalue = 0.986737
         REACS Well:       grid size = 249
         REACS Well:      real depth = 0 1/cm
         REACS Well: effective depth = 19385 1/cm
         TS Barrier:        grid size = 149
         TS Barrier:      real height = 23587 1/cm
         TS Barrier: effective height = 23585 1/cm
      setting wells, barriers, and bimolecular done, cpu time[sec] = 0.38, elapsed time[sec] = 0
      Bound Species (D1/D2 - density of states at dissociation energy (DE)/reference energy):
       Name  Depth     DE      *D1      *D2
              1/cm   1/cm       cm       cm
      REACS  19385  23585 7.99e+17 4.95e+19
      Well-to-Bimolecular Barriers (N - number of states at the reference energy):
       Name Height       *N
              1/cm         
         TS  23585 2.09e+14
      Effective equilibrium constants(bimolecular units - cm^3):
        Q/Q     REACS     PRODS
      REACS         1  6.92e+09
      PRODS  1.44e-10         1
      Real equilibrium constants(bimolecular units - cm^3):
        Q/Q     REACS     PRODS
      REACS         1  7.23e+33
      PRODS  1.38e-34         1
   MasterEquation::set:  done, cpu time[sec] = 0.38, elapsed time[sec] = 0
   MasterEquation::direct_diagonalization_method:  starts
      Pressure = 0.1 atm	 Temperature = 300 K
      collision frequency = 5.11254e+08 1/sec
      global relaxation matrix dimension = 249
      setting global matrices ... done, cpu time[sec] = 0.04, elapsed time[sec] = 0
      diagonalizing global relaxation matrix ... done, cpu time[sec] = 0.25, elapsed time[sec] = 0
      minimal relaxation eigenvalue / collision frequency = 0.122333
      maximal relaxation eigenvalue / collision frequency = 0.986737
      microscopic rate coefficients (at reference energy) over collision frequency:
       REACS->PRODS
        0.000247023
      some eigenvalues are too small: using low eigenvalue method
      low eigenvalue method starts
         MasterEquation::low_eigenvalue_matrix:  starts
            setting up kinetic matrices ... done, cpu time[sec] = 2.98, elapsed time[sec] = 1
            inverting kinetic matrices ... done, cpu time[sec] = 0.03, elapsed time[sec] = 0
         MasterEquation::low_eigenvalue_matrix:  done, cpu time[sec] = 3.01, elapsed time[sec] = 1
         direct-diagonalization(DD)-versus-low-eigenvalue(LE) eigenvalues
             L      DD eval      LE eval     LE proj
             0  1.09466e-14  2.65361e-16  4.30641e-22
      low eigenvalue method done, cpu time[sec] = 3.02, elapsed time[sec] = 1
      eigenvector populations normalized:
          L        *R        *P     REACS
          0  2.65e-16         0         1
         *R - eigenvalue over the relaxation limit
         *P - eigenvector projection squared on the relaxation subspace
      eigenvector projections:
          L        *Q        *P     REACS
          0  3.25e-17         0         1
         *Z       ---       ---  1.54e+22
         *Q - eigenvalue over the collision frequency
         *P - eigenvector projection squared on the relaxation subspace
         *Z - well partition function square root
      isomers-to-bimolecular equilibrium coefficients (kappa matrix):
        W\P    PRODS
      REACS        0
      projection error = 0
      Wa->Wb/Wb->Wa rate constants ratios:
      Wb\Wa     REACS
      REACS         1
      W->P/P->W rate constants ratios:
        P\W     REACS
      PRODS         1
   MasterEquation::direct_diagonalization_method:  done, cpu time[sec] = 3.33, elapsed time[sec] = 1
   MasterEquation::direct_diagonalization_method:  starts
      Pressure = 1 atm	 Temperature = 300 K
      collision frequency = 5.11254e+09 1/sec
      global relaxation matrix dimension = 249
      setting global matrices ... done, cpu time[sec] = 0.04, elapsed time[sec] = 0
      diagonalizing global relaxation matrix ... done, cpu time[sec] = 0.2, elapsed time[sec] = 0
      minimal relaxation eigenvalue / collision frequency = 0.122331
      maximal relaxation eigenvalue / collision frequency = 0.986737
      microscopic rate coefficients (at reference energy) over collision frequency:
       REACS->PRODS
        2.47023e-05
      some eigenvalues are too small: using low eigenvalue method
      low eigenvalue method starts
         MasterEquation::low_eigenvalue_matrix:  starts
            setting up kinetic matrices ... done, cpu time[sec] = 2.95, elapsed time[sec] = 0
            inverting kinetic matrices ... done, cpu time[sec] = 0.02, elapsed time[sec] = 0
         MasterEquation::low_eigenvalue_matrix:  done, cpu time[sec] = 2.97, elapsed time[sec] = 0
         direct-diagonalization(DD)-versus-low-eigenvalue(LE) eigenvalues
             L      DD eval      LE eval     LE proj
             0 -8.61857e-15  2.65366e-17  4.30706e-24
      low eigenvalue method done, cpu time[sec] = 2.97, elapsed time[sec] = 0
      eigenvector populations normalized:
          L        *R        *P     REACS
          0  2.65e-17  2.22e-16         1
         *R - eigenvalue over the relaxation limit
         *P - eigenvector projection squared on the relaxation subspace
      eigenvector projections:
          L        *Q        *P     REACS
          0  3.25e-18  2.22e-16         1
         *Z       ---       ---  1.54e+22
         *Q - eigenvalue over the collision frequency
         *P - eigenvector projection squared on the relaxation subspace
         *Z - well partition function square root
      isomers-to-bimolecular equilibrium coefficients (kappa matrix):
        W\P    PRODS
      REACS        0
      projection error = 2.2e-16
      Wa->Wb/Wb->Wa rate constants ratios:
      Wb\Wa     REACS
      REACS         1
      W->P/P->W rate constants ratios:
        P\W     REACS
      PRODS         1
   MasterEquation::direct_diagonalization_method:  done, cpu time[sec] = 3.23, elapsed time[sec] = 0
   MasterEquation::direct_diagonalization_method:  starts
      Pressure = 10 atm	 Temperature = 300 K
      collision frequency = 5.11254e+10 1/sec
      global relaxation matrix dimension = 249
      setting global matrices ... done, cpu time[sec] = 0.05, elapsed time[sec] = 0
      diagonalizing global relaxation matrix ... done, cpu time[sec] = 0.18, elapsed time[sec] = 0
      minimal relaxation eigenvalue / collision frequency = 0.122331
      maximal relaxation eigenvalue / collision frequency = 0.986737
      microscopic rate coefficients (at reference energy) over collision frequency:
       REACS->PRODS
        2.47023e-06
      some eigenvalues are too small: using low eigenvalue method
      low eigenvalue method starts
         MasterEquation::low_eigenvalue_matrix:  starts
            setting up kinetic matrices ... done, cpu time[sec] = 2.97, elapsed time[sec] = 0
            inverting kinetic matrices ... done, cpu time[sec] = 0.03, elapsed time[sec] = 0
         MasterEquation::low_eigenvalue_matrix:  done, cpu time[sec] = 3, elapsed time[sec] = 0
         direct-diagonalization(DD)-versus-low-eigenvalue(LE) eigenvalues
             L      DD eval      LE eval     LE proj
             0 -2.41534e-15  2.65367e-18  4.30712e-26
      low eigenvalue method done, cpu time[sec] = 3, elapsed time[sec] = 0
      eigenvector populations normalized:
          L        *R        *P     REACS
          0  2.65e-18         0         1
         *R - eigenvalue over the relaxation limit
         *P - eigenvector projection squared on the relaxation subspace
      eigenvector projections:
          L        *Q        *P     REACS
          0  3.25e-19         0         1
         *Z       ---       ---  1.54e+22
         *Q - eigenvalue over the collision frequency
         *P - eigenvector projection squared on the relaxation subspace
         *Z - well partition function square root
      isomers-to-bimolecular equilibrium coefficients (kappa matrix):
        W\P    PRODS
      REACS        0
      projection error = 0
      Wa->Wb/Wb->Wa rate constants ratios:
      Wb\Wa     REACS
      REACS         1
      W->P/P->W rate constants ratios:
        P\W     REACS
      PRODS         1
   MasterEquation::direct_diagonalization_method:  done, cpu time[sec] = 3.26, elapsed time[sec] = 0
   MasterEquation::direct_diagonalization_method:  starts
      Pressure = 1000 atm	 Temperature = 300 K
      collision frequency = 5.11254e+12 1/sec
      global relaxation matrix dimension = 249
      setting global matrices ... done, cpu time[sec] = 0.04, elapsed time[sec] = 0
      diagonalizing global relaxation matrix ... done, cpu time[sec] = 0.18, elapsed time[sec] = 0
      minimal relaxation eigenvalue / collision frequency = 0.122331
      maximal relaxation eigenvalue / collision frequency = 0.986737
      microscopic rate coefficients (at reference energy) over collision frequency:
       REACS->PRODS
        2.47023e-08
      some eigenvalues are too small: using low eigenvalue method
      low eigenvalue method starts
         MasterEquation::low_eigenvalue_matrix:  starts
            setting up kinetic matrices ... done, cpu time[sec] = 3.08, elapsed time[sec] = 0
            inverting kinetic matrices ... done, cpu time[sec] = 0.01, elapsed time[sec] = 0
         MasterEquation::low_eigenvalue_matrix:  done, cpu time[sec] = 3.09, elapsed time[sec] = 0
         direct-diagonalization(DD)-versus-low-eigenvalue(LE) eigenvalues
             L      DD eval      LE eval     LE proj
             0 -1.74604e-14  2.65367e-20  4.30713e-30
      low eigenvalue method done, cpu time[sec] = 3.1, elapsed time[sec] = 0
      eigenvector populations normalized:
          L        *R        *P     REACS
          0  2.65e-20         0         1
         *R - eigenvalue over the relaxation limit
         *P - eigenvector projection squared on the relaxation subspace
      eigenvector projections:
          L        *Q        *P     REACS
          0  3.25e-21         0         1
         *Z       ---       ---  1.54e+22
         *Q - eigenvalue over the collision frequency
         *P - eigenvector projection squared on the relaxation subspace
         *Z - well partition function square root
      isomers-to-bimolecular equilibrium coefficients (kappa matrix):
        W\P    PRODS
      REACS        0
      projection error = 0
      Wa->Wb/Wb->Wa rate constants ratios:
      Wb\Wa     REACS
      REACS         1
      W->P/P->W rate constants ratios:
        P\W     REACS
      PRODS         1
   MasterEquation::direct_diagonalization_method:  done, cpu time[sec] = 3.34, elapsed time[sec] = 0
   MasterEquation::set:  starts
      Temperature      = 400 K
      Collision rate   = 2.22286e-10cm^3/sec
      Energy reference = 31928 1/cm
      Energy step      = 56 1/cm
      setting wells, barriers, and bimolecular starts
         REACS Well: density of states done, elapsed time[sec] = 0
         REACS Well: collisional energy transfer kernel done, elapsed time[sec] = 0.04
         REACS Well: relaxation modes basis done, elapsed time[sec] = 0.04
         REACS Well: kernel in relaxation modes basis done, elapsed time[sec] = 0.23
         REACS Well: relaxation eigenvalues done, elapsed time[sec] = 0.07
         REACS Well: minimal relaxation eigenvalue = 0.107117
         REACS Well: maximal relaxation eigenvalue = 0.986349
         REACS Well:       grid size = 249
         REACS Well:      real depth = 0 1/cm
         REACS Well: effective depth = 17983 1/cm
         TS Barrier:        grid size = 149
         TS Barrier:      real height = 23587 1/cm
         TS Barrier: effective height = 23583 1/cm
      setting wells, barriers, and bimolecular done, cpu time[sec] = 0.38, elapsed time[sec] = 0
      Bound Species (D1/D2 - density of states at dissociation energy (DE)/reference energy):
       Name  Depth     DE      *D1      *D2
              1/cm   1/cm       cm       cm
      REACS  17984  23584 7.98e+17 1.71e+20
      Well-to-Bimolecular Barriers (N - number of states at the reference energy):
       Name Height       *N
              1/cm         
         TS  23584 6.04e+15
      Effective equilibrium constants(bimolecular units - cm^3):
        Q/Q     REACS     PRODS
      REACS         1  3.33e+05
      PRODS  3.01e-06         1
      Real equilibrium constants(bimolecular units - cm^3):
        Q/Q     REACS     PRODS
      REACS         1  2.34e+18
      PRODS  4.27e-19         1
   MasterEquation::set:  done, cpu time[sec] = 0.38, elapsed time[sec] = 0
   MasterEquation::direct_diagonalization_method:  starts
      Pressure = 0.1 atm	 Temperature = 400 K
      collision frequency = 4.07797e+08 1/sec
      global relaxation matrix dimension = 249
      setting global matrices ... done, cpu time[sec] = 0.04, elapsed time[sec] = 0
      diagonalizing global relaxation matrix ... done, cpu time[sec] = 0.19, elapsed time[sec] = 0
      minimal relaxation eigenvalue / collision frequency = 0.10713
      maximal relaxation eigenvalue / collision frequency = 0.987721
      microscopic rate coefficients (at reference energy) over collision frequency:
       REACS->PRODS
         0.00259082
      some eigenvalues are too small: using low eigenvalue method
      low eigenvalue method starts
         MasterEquation::low_eigenvalue_matrix:  starts
            setting up kinetic matrices ... done, cpu time[sec] = 3.08, elapsed time[sec] = 0
            inverting kinetic matrices ... done, cpu time[sec] = 0.01, elapsed time[sec] = 0
         MasterEquation::low_eigenvalue_matrix:  done, cpu time[sec] = 3.09, elapsed time[sec] = 0
         direct-diagonalization(DD)-versus-low-eigenvalue(LE) eigenvalues
             L      DD eval      LE eval     LE proj
             0  4.14827e-15  6.50632e-15  2.03766e-19
      low eigenvalue method done, cpu time[sec] = 3.09, elapsed time[sec] = 0
      eigenvector populations normalized:
          L        *R        *P     REACS
          0  6.51e-15  2.22e-16         1
         *R - eigenvalue over the relaxation limit
         *P - eigenvector projection squared on the relaxation subspace
      eigenvector projections:
          L        *Q        *P     REACS
          0  6.97e-16  2.22e-16         1
         *Z       ---       ---  8.99e+21
         *Q - eigenvalue over the collision frequency
         *P - eigenvector projection squared on the relaxation subspace
         *Z - well partition function square root
      isomers-to-bimolecular equilibrium coefficients (kappa matrix):
        W\P    PRODS
      REACS        0
      projection error = 2.2e-16
      Wa->Wb/Wb->Wa rate constants ratios:
      Wb\Wa     REACS
      REACS         1
      W->P/P->W rate constants ratios:
        P\W     REACS
      PRODS         1
   MasterEquation::direct_diagonalization_method:  done, cpu time[sec] = 3.34, elapsed time[sec] = 0
   MasterEquation::direct_diagonalization_method:  starts
      Pressure = 1 atm	 Temperature = 400 K
      collision frequency = 4.07797e+09 1/sec
      global relaxation matrix dimension = 249
      setting global matrices ... done, cpu time[sec] = 0.05, elapsed time[sec] = 0
      diagonalizing global relaxation matrix ... done, cpu time[sec] = 0.17, elapsed time[sec] = 0
      minimal relaxation eigenvalue / collision frequency = 0.107118
      maximal relaxation eigenvalue / collision frequency = 0.986349
      microscopic rate coefficients (at reference energy) over collision frequency:
       REACS->PRODS
        0.000259082
      some eigenvalues are too small: using low eigenvalue method
      low eigenvalue method starts
         MasterEquation::low_eigenvalue_matrix:  starts
            setting up kinetic matrices ... done, cpu time[sec] = 3.02, elapsed time[sec] = 1
            inverting kinetic matrices ... done, cpu time[sec] = 0.01, elapsed time[sec] = 0
         MasterEquation::low_eigenvalue_matrix:  done, cpu time[sec] = 3.03, elapsed time[sec] = 1
         direct-diagonalization(DD)-versus-low-eigenvalue(LE) eigenvalues
             L      DD eval      LE eval     LE proj
             0 -4.00044e-15  6.50722e-16  2.04327e-21
      low eigenvalue method done, cpu time[sec] = 3.03, elapsed time[sec] = 1
      eigenvector populations normalized:
          L        *R        *P     REACS
          0  6.51e-16         0         1
         *R - eigenvalue over the relaxation limit
         *P - eigenvector projection squared on the relaxation subspace
      eigenvector projections:
          L        *Q        *P     REACS
          0  6.97e-17         0         1
         *Z       ---       ---  8.99e+21
         *Q - eigenvalue over the collision frequency
         *P - eigenvector projection squared on the relaxation subspace
         *Z - well partition function square root
      isomers-to-bimolecular equilibrium coefficients (kappa matrix):
        W\P    PRODS
      REACS        0
      projection error = 0
      Wa->Wb/Wb->Wa rate constants ratios:
      Wb\Wa     REACS
      REACS         1
      W->P/P->W rate constants ratios:
        P\W     REACS
      PRODS         1
   MasterEquation::direct_diagonalization_method:  done, cpu time[sec] = 3.27, elapsed time[sec] = 1
   MasterEquation::direct_diagonalization_method:  starts
      Pressure = 10 atm	 Temperature = 400 K
      collision frequency = 4.07797e+10 1/sec
      global relaxation matrix dimension = 249
      setting global matrices ... done, cpu time[sec] = 0.04, elapsed time[sec] = 0
      diagonalizing global relaxation matrix ... done, cpu time[sec] = 0.17, elapsed time[sec] = 0
      minimal relaxation eigenvalue / collision frequency = 0.107117
      maximal relaxation eigenvalue / collision frequency = 0.986349
      microscopic rate coefficients (at reference energy) over collision frequency:
       REACS->PRODS
        2.59082e-05
      some eigenvalues are too small: using low eigenvalue method
      low eigenvalue method starts
         MasterEquation::low_eigenvalue_matrix:  starts
            setting up kinetic matrices ... done, cpu time[sec] = 3.08, elapsed time[sec] = 0
            inverting kinetic matrices ... done, cpu time[sec] = 0.01, elapsed time[sec] = 0
         MasterEquation::low_eigenvalue_matrix:  done, cpu time[sec] = 3.1, elapsed time[sec] = 0
         direct-diagonalization(DD)-versus-low-eigenvalue(LE) eigenvalues
             L      DD eval      LE eval     LE proj
             0 -4.26983e-15  6.50731e-17  2.04384e-23
      low eigenvalue method done, cpu time[sec] = 3.11, elapsed time[sec] = 0
      eigenvector populations normalized:
          L        *R        *P     REACS
          0  6.51e-17  4.44e-16         1
         *R - eigenvalue over the relaxation limit
         *P - eigenvector projection squared on the relaxation subspace
      eigenvector projections:
          L        *Q        *P     REACS
          0  6.97e-18  4.44e-16         1
         *Z       ---       ---  8.99e+21
         *Q - eigenvalue over the collision frequency
         *P - eigenvector projection squared on the relaxation subspace
         *Z - well partition function square root
      isomers-to-bimolecular equilibrium coefficients (kappa matrix):
        W\P    PRODS
      REACS        0
      projection error = 4.4e-16
      Wa->Wb/Wb->Wa rate constants ratios:
      Wb\Wa     REACS
      REACS         1
      W->P/P->W rate constants ratios:
        P\W     REACS
      PRODS         1
   MasterEquation::direct_diagonalization_method:  done, cpu time[sec] = 3.35, elapsed time[sec] = 0
   MasterEquation::direct_diagonalization_method:  starts
      Pressure = 1000 atm	 Temperature = 400 K
      collision frequency = 4.07797e+12 1/sec
      global relaxation matrix dimension = 249
      setting global matrices ... done, cpu time[sec] = 0.04, elapsed time[sec] = 0
      diagonalizing global relaxation matrix ... done, cpu time[sec] = 0.18, elapsed time[sec] = 0
      minimal relaxation eigenvalue / collision frequency = 0.107117
      maximal relaxation eigenvalue / collision frequency = 0.986349
      microscopic rate coefficients (at reference energy) over collision frequency:
       REACS->PRODS
        2.59082e-07
      some eigenvalues are too small: using low eigenvalue method
      low eigenvalue method starts
         MasterEquation::low_eigenvalue_matrix:  starts
            setting up kinetic matrices ... done, cpu time[sec] = 2.93, elapsed time[sec] = 0
            inverting kinetic matrices ... done, cpu time[sec] = 0.01, elapsed time[sec] = 0
         MasterEquation::low_eigenvalue_matrix:  done, cpu time[sec] = 2.94, elapsed time[sec] = 0
         direct-diagonalization(DD)-versus-low-eigenvalue(LE) eigenvalues
             L      DD eval      LE eval     LE proj
             0 -2.55493e-14  6.50732e-19   2.0439e-27
      low eigenvalue method done, cpu time[sec] = 2.95, elapsed time[sec] = 0
      eigenvector populations normalized:
          L        *R        *P     REACS
          0  6.51e-19  6.66e-16         1
         *R - eigenvalue over the relaxation limit
         *P - eigenvector projection squared on the relaxation subspace
      eigenvector projections:
          L        *Q        *P     REACS
          0  6.97e-20  6.66e-16         1
         *Z       ---       ---  8.99e+21
         *Q - eigenvalue over the collision frequency
         *P - eigenvector projection squared on the relaxation subspace
         *Z - well partition function square root
      isomers-to-bimolecular equilibrium coefficients (kappa matrix):
        W\P    PRODS
      REACS        0
      projection error = 6.7e-16
      Wa->Wb/Wb->Wa rate constants ratios:
      Wb\Wa     REACS
      REACS         1
      W->P/P->W rate constants ratios:
        P\W     REACS
      PRODS         1
   MasterEquation::direct_diagonalization_method:  done, cpu time[sec] = 3.18, elapsed time[sec] = 0
   MasterEquation::set:  starts
      Temperature      = 500 K
      Collision rate   = 2.35386e-10cm^3/sec
      Energy reference = 34013 1/cm
      Energy step      = 70 1/cm
      setting wells, barriers, and bimolecular starts
         REACS Well: density of states done, elapsed time[sec] = 0
         REACS Well: collisional energy transfer kernel done, elapsed time[sec] = 0.04
         REACS Well: relaxation modes basis done, elapsed time[sec] = 0.03
         REACS Well: kernel in relaxation modes basis done, elapsed time[sec] = 0.23
         REACS Well: relaxation eigenvalues done, elapsed time[sec] = 0.07
         REACS Well: minimal relaxation eigenvalue = 0.0940101
         REACS Well: maximal relaxation eigenvalue = 0.986185
         REACS Well:       grid size = 249
         REACS Well:      real depth = 0 1/cm
         REACS Well: effective depth = 16583 1/cm
         TS Barrier:        grid size = 149
         TS Barrier:      real height = 23587 1/cm
         TS Barrier: effective height = 23583 1/cm
      setting wells, barriers, and bimolecular done, cpu time[sec] = 0.37, elapsed time[sec] = 0
      Bound Species (D1/D2 - density of states at dissociation energy (DE)/reference energy):
       Name  Depth     DE      *D1      *D2
              1/cm   1/cm       cm       cm
      REACS  16583  23583 7.98e+17 5.61e+20
      Well-to-Bimolecular Barriers (N - number of states at the reference energy):
       Name Height       *N
              1/cm         
         TS  23583 1.09e+17
      Effective equilibrium constants(bimolecular units - cm^3):
        Q/Q     REACS     PRODS
      REACS         1       319
      PRODS   0.00314         1
      Real equilibrium constants(bimolecular units - cm^3):
        Q/Q     REACS     PRODS
      REACS         1   1.2e+09
      PRODS  8.36e-10         1
   MasterEquation::set:  done, cpu time[sec] = 0.37, elapsed time[sec] = 0
   MasterEquation::direct_diagonalization_method:  starts
      Pressure = 0.1 atm	 Temperature = 500 K
      collision frequency = 3.45464e+08 1/sec
      global relaxation matrix dimension = 249
      setting global matrices ... done, cpu time[sec] = 0.05, elapsed time[sec] = 0
      diagonalizing global relaxation matrix ... done, cpu time[sec] = 0.17, elapsed time[sec] = 0
      minimal relaxation eigenvalue / collision frequency = 0.0940464
      maximal relaxation eigenvalue / collision frequency = 0.999492
      microscopic rate coefficients (at reference energy) over collision frequency:
       REACS->PRODS
          0.0168099
      some eigenvalues are too small: using low eigenvalue method
      low eigenvalue method starts
         MasterEquation::low_eigenvalue_matrix:  starts
            setting up kinetic matrices ... done, cpu time[sec] = 2.91, elapsed time[sec] = 0
            inverting kinetic matrices ... done, cpu time[sec] = 0.01, elapsed time[sec] = 0
         MasterEquation::low_eigenvalue_matrix:  done, cpu time[sec] = 2.93, elapsed time[sec] = 0
         direct-diagonalization(DD)-versus-low-eigenvalue(LE) eigenvalues
             L      DD eval      LE eval     LE proj
             0  1.42518e-13  1.38006e-13  5.04995e-17
      low eigenvalue method done, cpu time[sec] = 2.93, elapsed time[sec] = 0
      eigenvector populations normalized:
          L        *R        *P     REACS
          0  1.38e-13         0         1
         *R - eigenvalue over the relaxation limit
         *P - eigenvector projection squared on the relaxation subspace
      eigenvector projections:
          L        *Q        *P     REACS
          0   1.3e-14         0         1
         *Z       ---       ---  5.14e+21
         *Q - eigenvalue over the collision frequency
         *P - eigenvector projection squared on the relaxation subspace
         *Z - well partition function square root
      isomers-to-bimolecular equilibrium coefficients (kappa matrix):
        W\P    PRODS
      REACS        0
      projection error = 0
      Wa->Wb/Wb->Wa rate constants ratios:
      Wb\Wa     REACS
      REACS         1
      W->P/P->W rate constants ratios:
        P\W     REACS
      PRODS         1
   MasterEquation::direct_diagonalization_method:  done, cpu time[sec] = 3.17, elapsed time[sec] = 0
   MasterEquation::direct_diagonalization_method:  starts
      Pressure = 1 atm	 Temperature = 500 K
      collision frequency = 3.45464e+09 1/sec
      global relaxation matrix dimension = 249
      setting global matrices ... done, cpu time[sec] = 0.05, elapsed time[sec] = 0
      diagonalizing global relaxation matrix ... done, cpu time[sec] = 0.17, elapsed time[sec] = 0
      minimal relaxation eigenvalue / collision frequency = 0.0940143
      maximal relaxation eigenvalue / collision frequency = 0.986555
      microscopic rate coefficients (at reference energy) over collision frequency:
       REACS->PRODS
         0.00168099
      some eigenvalues are too small: using low eigenvalue method
      low eigenvalue method starts
         MasterEquation::low_eigenvalue_matrix:  starts
            setting up kinetic matrices ... done, cpu time[sec] = 2.85, elapsed time[sec] = 0
            inverting kinetic matrices ... done, cpu time[sec] = 0.02, elapsed time[sec] = 0
         MasterEquation::low_eigenvalue_matrix:  done, cpu time[sec] = 2.88, elapsed time[sec] = 0
         direct-diagonalization(DD)-versus-low-eigenvalue(LE) eigenvalues
             L      DD eval      LE eval     LE proj
             0  1.47854e-14  1.38104e-14  5.17969e-19
      low eigenvalue method done, cpu time[sec] = 2.88, elapsed time[sec] = 0
      eigenvector populations normalized:
          L        *R        *P     REACS
          0  1.38e-14         0         1
         *R - eigenvalue over the relaxation limit
         *P - eigenvector projection squared on the relaxation subspace
      eigenvector projections:
          L        *Q        *P     REACS
          0   1.3e-15         0         1
         *Z       ---       ---  5.14e+21
         *Q - eigenvalue over the collision frequency
         *P - eigenvector projection squared on the relaxation subspace
         *Z - well partition function square root
      isomers-to-bimolecular equilibrium coefficients (kappa matrix):
        W\P    PRODS
      REACS        0
      projection error = 0
      Wa->Wb/Wb->Wa rate constants ratios:
      Wb\Wa     REACS
      REACS         1
      W->P/P->W rate constants ratios:
        P\W     REACS
      PRODS         1
   MasterEquation::direct_diagonalization_method:  done, cpu time[sec] = 3.12, elapsed time[sec] = 0
   MasterEquation::direct_diagonalization_method:  starts
      Pressure = 10 atm	 Temperature = 500 K
      collision frequency = 3.45464e+10 1/sec
      global relaxation matrix dimension = 249
      setting global matrices ... done, cpu time[sec] = 0.04, elapsed time[sec] = 0
      diagonalizing global relaxation matrix ... done, cpu time[sec] = 0.18, elapsed time[sec] = 0
      minimal relaxation eigenvalue / collision frequency = 0.0940106
      maximal relaxation eigenvalue / collision frequency = 0.986185
      microscopic rate coefficients (at reference energy) over collision frequency:
       REACS->PRODS
        0.000168099
      some eigenvalues are too small: using low eigenvalue method
      low eigenvalue method starts
         MasterEquation::low_eigenvalue_matrix:  starts
            setting up kinetic matrices ... done, cpu time[sec] = 2.85, elapsed time[sec] = 1
            inverting kinetic matrices ... done, cpu time[sec] = 0.02, elapsed time[sec] = 0
         MasterEquation::low_eigenvalue_matrix:  done, cpu time[sec] = 2.87, elapsed time[sec] = 1
         direct-diagonalization(DD)-versus-low-eigenvalue(LE) eigenvalues
             L      DD eval      LE eval     LE proj
             0  4.93293e-16  1.38115e-15  5.19345e-21
      low eigenvalue method done, cpu time[sec] = 2.87, elapsed time[sec] = 1
      eigenvector populations normalized:
          L        *R        *P     REACS
          0  1.38e-15         0         1
         *R - eigenvalue over the relaxation limit
         *P - eigenvector projection squared on the relaxation subspace
      eigenvector projections:
          L        *Q        *P     REACS
          0   1.3e-16         0         1
         *Z       ---       ---  5.14e+21
         *Q - eigenvalue over the collision frequency
         *P - eigenvector projection squared on the relaxation subspace
         *Z - well partition function square root
      isomers-to-bimolecular equilibrium coefficients (kappa matrix):
        W\P    PRODS
      REACS        0
      projection error = 0
      Wa->Wb/Wb->Wa rate constants ratios:
      Wb\Wa     REACS
      REACS         1
      W->P/P->W rate constants ratios:
        P\W     REACS
      PRODS         1
   MasterEquation::direct_diagonalization_method:  done, cpu time[sec] = 3.12, elapsed time[sec] = 1
   MasterEquation::direct_diagonalization_method:  starts
      Pressure = 1000 atm	 Temperature = 500 K
      collision frequency = 3.45464e+12 1/sec
      global relaxation matrix dimension = 249
      setting global matrices ... done, cpu time[sec] = 0.05, elapsed time[sec] = 0
      diagonalizing global relaxation matrix ... done, cpu time[sec] = 0.18, elapsed time[sec] = 0
      minimal relaxation eigenvalue / collision frequency = 0.0940101
      maximal relaxation eigenvalue / collision frequency = 0.986185
      microscopic rate coefficients (at reference energy) over collision frequency:
       REACS->PRODS
        1.68099e-06
      some eigenvalues are too small: using low eigenvalue method
      low eigenvalue method starts
         MasterEquation::low_eigenvalue_matrix:  starts
            setting up kinetic matrices ... done, cpu time[sec] = 2.93, elapsed time[sec] = 0
            inverting kinetic matrices ... done, cpu time[sec] = 0.01, elapsed time[sec] = 0
         MasterEquation::low_eigenvalue_matrix:  done, cpu time[sec] = 2.94, elapsed time[sec] = 0
         direct-diagonalization(DD)-versus-low-eigenvalue(LE) eigenvalues
             L      DD eval      LE eval     LE proj
             0 -3.70004e-15  1.38116e-17  5.19497e-25
      low eigenvalue method done, cpu time[sec] = 2.94, elapsed time[sec] = 0
      eigenvector populations normalized:
          L        *R        *P     REACS
          0  1.38e-17  4.44e-16         1
         *R - eigenvalue over the relaxation limit
         *P - eigenvector projection squared on the relaxation subspace
      eigenvector projections:
          L        *Q        *P     REACS
          0   1.3e-18  4.44e-16         1
         *Z       ---       ---  5.14e+21
         *Q - eigenvalue over the collision frequency
         *P - eigenvector projection squared on the relaxation subspace
         *Z - well partition function square root
      isomers-to-bimolecular equilibrium coefficients (kappa matrix):
        W\P    PRODS
      REACS        0
      projection error = 4.4e-16
      Wa->Wb/Wb->Wa rate constants ratios:
      Wb\Wa     REACS
      REACS         1
      W->P/P->W rate constants ratios:
        P\W     REACS
      PRODS         1
   MasterEquation::direct_diagonalization_method:  done, cpu time[sec] = 3.19, elapsed time[sec] = 0
   MasterEquation::set:  starts
      Temperature      = 600 K
      Collision rate   = 2.47989e-10cm^3/sec
      Energy reference = 36098 1/cm
      Energy step      = 83 1/cm
      setting wells, barriers, and bimolecular starts
         REACS Well: density of states done, elapsed time[sec] = 0
         REACS Well: collisional energy transfer kernel done, elapsed time[sec] = 0.04
         REACS Well: relaxation modes basis done, elapsed time[sec] = 0.04
         REACS Well: kernel in relaxation modes basis done, elapsed time[sec] = 0.23
         REACS Well: relaxation eigenvalues done, elapsed time[sec] = 0.06
         REACS Well: minimal relaxation eigenvalue = 0.0822265
         REACS Well: maximal relaxation eigenvalue = 0.986522
         REACS Well:       grid size = 252
         REACS Well:      real depth = 0 1/cm
         REACS Well: effective depth = 15182 1/cm
         TS Barrier:        grid size = 151
         TS Barrier:      real height = 23587 1/cm
         TS Barrier: effective height = 23565 1/cm
      setting wells, barriers, and bimolecular done, cpu time[sec] = 0.39, elapsed time[sec] = 0
      Bound Species (D1/D2 - density of states at dissociation energy (DE)/reference energy):
       Name  Depth     DE      *D1      *D2
              1/cm   1/cm       cm       cm
      REACS  15183  23566 7.87e+17 1.75e+21
      Well-to-Bimolecular Barriers (N - number of states at the reference energy):
       Name Height       *N
              1/cm         
         TS  23566  1.4e+18
      Effective equilibrium constants(bimolecular units - cm^3):
        Q/Q     REACS     PRODS
      REACS         1      1.38
      PRODS     0.724         1
      Real equilibrium constants(bimolecular units - cm^3):
        Q/Q     REACS     PRODS
      REACS         1       780
      PRODS   0.00128         1
   MasterEquation::set:  done, cpu time[sec] = 0.39, elapsed time[sec] = 0
   MasterEquation::direct_diagonalization_method:  starts
      Pressure = 0.1 atm	 Temperature = 600 K
      collision frequency = 3.033e+08 1/sec
      global relaxation matrix dimension = 252
      setting global matrices ... done, cpu time[sec] = 0.04, elapsed time[sec] = 0
      diagonalizing global relaxation matrix ... done, cpu time[sec] = 0.2, elapsed time[sec] = 0
      minimal relaxation eigenvalue / collision frequency = 0.0822871
      maximal relaxation eigenvalue / collision frequency = 1.05695
      microscopic rate coefficients (at reference energy) over collision frequency:
       REACS->PRODS
          0.0790136
      some eigenvalues are too small: using low eigenvalue method
      low eigenvalue method starts
         MasterEquation::low_eigenvalue_matrix:  starts
            setting up kinetic matrices ... done, cpu time[sec] = 2.89, elapsed time[sec] = 0
            inverting kinetic matrices ... done, cpu time[sec] = 0.02, elapsed time[sec] = 0
         MasterEquation::low_eigenvalue_matrix:  done, cpu time[sec] = 2.92, elapsed time[sec] = 0
         direct-diagonalization(DD)-versus-low-eigenvalue(LE) eigenvalues
             L      DD eval      LE eval     LE proj
             0  2.69714e-12  2.71014e-12  7.15659e-15
      low eigenvalue method done, cpu time[sec] = 2.93, elapsed time[sec] = 0
      eigenvector populations normalized:
          L        *R        *P     REACS
          0  2.71e-12  6.88e-15         1
         *R - eigenvalue over the relaxation limit
         *P - eigenvector projection squared on the relaxation subspace
      eigenvector projections:
          L        *Q        *P     REACS
          0  2.23e-13  6.88e-15         1
         *Z       ---       ---  2.89e+21
         *Q - eigenvalue over the collision frequency
         *P - eigenvector projection squared on the relaxation subspace
         *Z - well partition function square root
      isomers-to-bimolecular equilibrium coefficients (kappa matrix):
        W\P    PRODS
      REACS        0
      projection error = 6.9e-15
      Wa->Wb/Wb->Wa rate constants ratios:
      Wb\Wa     REACS
      REACS         1
      W->P/P->W rate constants ratios:
        P\W     REACS
      PRODS         1
   MasterEquation::direct_diagonalization_method:  done, cpu time[sec] = 3.2, elapsed time[sec] = 0
   MasterEquation::direct_diagonalization_method:  starts
      Pressure = 1 atm	 Temperature = 600 K
      collision frequency = 3.033e+09 1/sec
      global relaxation matrix dimension = 252
      setting global matrices ... done, cpu time[sec] = 0.04, elapsed time[sec] = 0
      diagonalizing global relaxation matrix ... done, cpu time[sec] = 0.19, elapsed time[sec] = 0
      minimal relaxation eigenvalue / collision frequency = 0.0822354
      maximal relaxation eigenvalue / collision frequency = 0.991666
      microscopic rate coefficients (at reference energy) over collision frequency:
       REACS->PRODS
         0.00790136
      some eigenvalues are too small: using low eigenvalue method
      low eigenvalue method starts
         MasterEquation::low_eigenvalue_matrix:  starts
            setting up kinetic matrices ... done, cpu time[sec] = 2.95, elapsed time[sec] = 0
            inverting kinetic matrices ... done, cpu time[sec] = 0.01, elapsed time[sec] = 0
         MasterEquation::low_eigenvalue_matrix:  done, cpu time[sec] = 2.96, elapsed time[sec] = 0
         direct-diagonalization(DD)-versus-low-eigenvalue(LE) eigenvalues
             L      DD eval      LE eval     LE proj
             0  2.81444e-13  2.71977e-13  8.18561e-17
      low eigenvalue method done, cpu time[sec] = 2.97, elapsed time[sec] = 0
      eigenvector populations normalized:
          L        *R        *P     REACS
          0  2.72e-13  4.44e-16         1
         *R - eigenvalue over the relaxation limit
         *P - eigenvector projection squared on the relaxation subspace
      eigenvector projections:
          L        *Q        *P     REACS
          0  2.24e-14  4.44e-16         1
         *Z       ---       ---  2.89e+21
         *Q - eigenvalue over the collision frequency
         *P - eigenvector projection squared on the relaxation subspace
         *Z - well partition function square root
      isomers-to-bimolecular equilibrium coefficients (kappa matrix):
        W\P    PRODS
      REACS        0
      projection error = 4.4e-16
      Wa->Wb/Wb->Wa rate constants ratios:
      Wb\Wa     REACS
      REACS         1
      W->P/P->W rate constants ratios:
        P\W     REACS
      PRODS         1
   MasterEquation::direct_diagonalization_method:  done, cpu time[sec] = 3.22, elapsed time[sec] = 0
   MasterEquation::direct_diagonalization_method:  starts
      Pressure = 10 atm	 Temperature = 600 K
      collision frequency = 3.033e+10 1/sec
      global relaxation matrix dimension = 252
      setting global matrices ... done, cpu time[sec] = 0.04, elapsed time[sec] = 0
      diagonalizing global relaxation matrix ... done, cpu time[sec] = 0.18, elapsed time[sec] = 0
      minimal relaxation eigenvalue / collision frequency = 0.0822274
      maximal relaxation eigenvalue / collision frequency = 0.986522
      microscopic rate coefficients (at reference energy) over collision frequency:
       REACS->PRODS
        0.000790136
      some eigenvalues are too small: using low eigenvalue method
      low eigenvalue method starts
         MasterEquation::low_eigenvalue_matrix:  starts
            setting up kinetic matrices ... done, cpu time[sec] = 2.89, elapsed time[sec] = 0
            inverting kinetic matrices ... done, cpu time[sec] = 0.01, elapsed time[sec] = 0
         MasterEquation::low_eigenvalue_matrix:  done, cpu time[sec] = 2.9, elapsed time[sec] = 0
         direct-diagonalization(DD)-versus-low-eigenvalue(LE) eigenvalues
             L      DD eval      LE eval     LE proj
             0  5.19905e-15  2.72089e-14  8.32052e-19
      low eigenvalue method done, cpu time[sec] = 2.9, elapsed time[sec] = 0
      eigenvector populations normalized:
          L        *R        *P     REACS
          0  2.72e-14  4.44e-16         1
         *R - eigenvalue over the relaxation limit
         *P - eigenvector projection squared on the relaxation subspace
      eigenvector projections:
          L        *Q        *P     REACS
          0  2.24e-15  4.44e-16         1
         *Z       ---       ---  2.89e+21
         *Q - eigenvalue over the collision frequency
         *P - eigenvector projection squared on the relaxation subspace
         *Z - well partition function square root
      isomers-to-bimolecular equilibrium coefficients (kappa matrix):
        W\P    PRODS
      REACS        0
      projection error = 4.4e-16
      Wa->Wb/Wb->Wa rate constants ratios:
      Wb\Wa     REACS
      REACS         1
      W->P/P->W rate constants ratios:
        P\W     REACS
      PRODS         1
   MasterEquation::direct_diagonalization_method:  done, cpu time[sec] = 3.15, elapsed time[sec] = 0
   MasterEquation::direct_diagonalization_method:  starts
      Pressure = 1000 atm	 Temperature = 600 K
      collision frequency = 3.033e+12 1/sec
      global relaxation matrix dimension = 252
      setting global matrices ... done, cpu time[sec] = 0.04, elapsed time[sec] = 0
      diagonalizing global relaxation matrix ... done, cpu time[sec] = 0.17, elapsed time[sec] = 0
      minimal relaxation eigenvalue / collision frequency = 0.0822265
      maximal relaxation eigenvalue / collision frequency = 0.986522
      microscopic rate coefficients (at reference energy) over collision frequency:
       REACS->PRODS
        7.90136e-06
      some eigenvalues are too small: using low eigenvalue method
      low eigenvalue method starts
         MasterEquation::low_eigenvalue_matrix:  starts
            setting up kinetic matrices ... done, cpu time[sec] = 2.95, elapsed time[sec] = 1
            inverting kinetic matrices ... done, cpu time[sec] = 0.02, elapsed time[sec] = 0
         MasterEquation::low_eigenvalue_matrix:  done, cpu time[sec] = 2.98, elapsed time[sec] = 1
         direct-diagonalization(DD)-versus-low-eigenvalue(LE) eigenvalues
             L      DD eval      LE eval     LE proj
             0  -1.1269e-14  2.72102e-16  8.33585e-23
      low eigenvalue method done, cpu time[sec] = 2.98, elapsed time[sec] = 1
      eigenvector populations normalized:
          L        *R        *P     REACS
          0  2.72e-16  2.22e-16         1
         *R - eigenvalue over the relaxation limit
         *P - eigenvector projection squared on the relaxation subspace
      eigenvector projections:
          L        *Q        *P     REACS
          0  2.24e-17  2.22e-16         1
         *Z       ---       ---  2.89e+21
         *Q - eigenvalue over the collision frequency
         *P - eigenvector projection squared on the relaxation subspace
         *Z - well partition function square root
      isomers-to-bimolecular equilibrium coefficients (kappa matrix):
        W\P    PRODS
      REACS        0
      projection error = 2.2e-16
      Wa->Wb/Wb->Wa rate constants ratios:
      Wb\Wa     REACS
      REACS         1
      W->P/P->W rate constants ratios:
        P\W     REACS
      PRODS         1
   MasterEquation::direct_diagonalization_method:  done, cpu time[sec] = 3.23, elapsed time[sec] = 1
   MasterEquation::set:  starts
      Temperature      = 700 K
      Collision rate   = 2.60029e-10cm^3/sec
      Energy reference = 38184 1/cm
      Energy step      = 97 1/cm
      setting wells, barriers, and bimolecular starts
         REACS Well: density of states done, elapsed time[sec] = 0
         REACS Well: collisional energy transfer kernel done, elapsed time[sec] = 0.05
         REACS Well: relaxation modes basis done, elapsed time[sec] = 0.03
         REACS Well: kernel in relaxation modes basis done, elapsed time[sec] = 0.22
         REACS Well: relaxation eigenvalues done, elapsed time[sec] = 0.07
         REACS Well: minimal relaxation eigenvalue = 0.0714936
         REACS Well: maximal relaxation eigenvalue = 0.986636
         REACS Well:       grid size = 251
         REACS Well:      real depth = 0 1/cm
         REACS Well: effective depth = 13837 1/cm
         TS Barrier:        grid size = 151
         TS Barrier:      real height = 23587 1/cm
         TS Barrier: effective height = 23537 1/cm
      setting wells, barriers, and bimolecular done, cpu time[sec] = 0.38, elapsed time[sec] = 0
      Bound Species (D1/D2 - density of states at dissociation energy (DE)/reference energy):
       Name  Depth     DE      *D1      *D2
              1/cm   1/cm       cm       cm
      REACS  13838  23537 7.72e+17  5.2e+21
      Well-to-Bimolecular Barriers (N - number of states at the reference energy):
       Name Height       *N
              1/cm         
         TS  23537 1.39e+19
      Effective equilibrium constants(bimolecular units - cm^3):
        Q/Q     REACS     PRODS
      REACS         1    0.0131
      PRODS      76.5         1
      Real equilibrium constants(bimolecular units - cm^3):
        Q/Q     REACS     PRODS
      REACS         1    0.0305
      PRODS      32.8         1
   MasterEquation::set:  done, cpu time[sec] = 0.38, elapsed time[sec] = 0
   MasterEquation::direct_diagonalization_method:  starts
      Pressure = 0.1 atm	 Temperature = 700 K
      collision frequency = 2.72594e+08 1/sec
      global relaxation matrix dimension = 251
      setting global matrices ... done, cpu time[sec] = 0.04, elapsed time[sec] = 0
      diagonalizing global relaxation matrix ... done, cpu time[sec] = 0.19, elapsed time[sec] = 0
      minimal relaxation eigenvalue / collision frequency = 0.0715733
      maximal relaxation eigenvalue / collision frequency = 1.26224
      microscopic rate coefficients (at reference energy) over collision frequency:
       REACS->PRODS
           0.294612
      some eigenvalues are too small: using low eigenvalue method
      low eigenvalue method starts
         MasterEquation::low_eigenvalue_matrix:  starts
            setting up kinetic matrices ... done, cpu time[sec] = 2.8, elapsed time[sec] = 0
            inverting kinetic matrices ... done, cpu time[sec] = 0.01, elapsed time[sec] = 0
         MasterEquation::low_eigenvalue_matrix:  done, cpu time[sec] = 2.82, elapsed time[sec] = 0
         direct-diagonalization(DD)-versus-low-eigenvalue(LE) eigenvalues
             L      DD eval      LE eval     LE proj
             0  5.36482e-11  5.36447e-11   6.1286e-13
      low eigenvalue method done, cpu time[sec] = 2.83, elapsed time[sec] = 0
      eigenvector populations normalized:
          L        *R        *P     REACS
          0  5.36e-11  6.13e-13         1
         *R - eigenvalue over the relaxation limit
         *P - eigenvector projection squared on the relaxation subspace
      eigenvector projections:
          L        *Q        *P     REACS
          0  3.84e-12  6.13e-13         1
         *Z       ---       ---  1.53e+21
         *Q - eigenvalue over the collision frequency
         *P - eigenvector projection squared on the relaxation subspace
         *Z - well partition function square root
      isomers-to-bimolecular equilibrium coefficients (kappa matrix):
        W\P    PRODS
      REACS        0
      projection error = 6.1e-13
      Wa->Wb/Wb->Wa rate constants ratios:
      Wb\Wa     REACS
      REACS         1
      W->P/P->W rate constants ratios:
        P\W     REACS
      PRODS         1
   MasterEquation::direct_diagonalization_method:  done, cpu time[sec] = 3.08, elapsed time[sec] = 0
   MasterEquation::direct_diagonalization_method:  starts
      Pressure = 1 atm	 Temperature = 700 K
      collision frequency = 2.72594e+09 1/sec
      global relaxation matrix dimension = 251
      setting global matrices ... done, cpu time[sec] = 0.04, elapsed time[sec] = 0
      diagonalizing global relaxation matrix ... done, cpu time[sec] = 0.19, elapsed time[sec] = 0
      minimal relaxation eigenvalue / collision frequency = 0.0715088
      maximal relaxation eigenvalue / collision frequency = 1.01053
      microscopic rate coefficients (at reference energy) over collision frequency:
       REACS->PRODS
          0.0294612
      some eigenvalues are too small: using low eigenvalue method
      low eigenvalue method starts
         MasterEquation::low_eigenvalue_matrix:  starts
            setting up kinetic matrices ... done, cpu time[sec] = 2.8, elapsed time[sec] = 0
            inverting kinetic matrices ... done, cpu time[sec] = 0.01, elapsed time[sec] = 0
         MasterEquation::low_eigenvalue_matrix:  done, cpu time[sec] = 2.81, elapsed time[sec] = 0
         direct-diagonalization(DD)-versus-low-eigenvalue(LE) eigenvalues
             L      DD eval      LE eval     LE proj
             0  5.45643e-12  5.45014e-12   9.2507e-15
      low eigenvalue method done, cpu time[sec] = 2.81, elapsed time[sec] = 0
      eigenvector populations normalized:
          L        *R        *P     REACS
          0  5.45e-12   9.1e-15         1
         *R - eigenvalue over the relaxation limit
         *P - eigenvector projection squared on the relaxation subspace
      eigenvector projections:
          L        *Q        *P     REACS
          0   3.9e-13   9.1e-15         1
         *Z       ---       ---  1.53e+21
         *Q - eigenvalue over the collision frequency
         *P - eigenvector projection squared on the relaxation subspace
         *Z - well partition function square root
      isomers-to-bimolecular equilibrium coefficients (kappa matrix):
        W\P    PRODS
      REACS        0
      projection error = 9.1e-15
      Wa->Wb/Wb->Wa rate constants ratios:
      Wb\Wa     REACS
      REACS         1
      W->P/P->W rate constants ratios:
        P\W     REACS
      PRODS         1
   MasterEquation::direct_diagonalization_method:  done, cpu time[sec] = 3.07, elapsed time[sec] = 0
   MasterEquation::direct_diagonalization_method:  starts
      Pressure = 10 atm	 Temperature = 700 K
      collision frequency = 2.72594e+10 1/sec
      global relaxation matrix dimension = 251
      setting global matrices ... done, cpu time[sec] = 0.04, elapsed time[sec] = 0
      diagonalizing global relaxation matrix ... done, cpu time[sec] = 0.19, elapsed time[sec] = 0
      minimal relaxation eigenvalue / collision frequency = 0.0714953
      maximal relaxation eigenvalue / collision frequency = 0.987193
      microscopic rate coefficients (at reference energy) over collision frequency:
       REACS->PRODS
         0.00294612
      some eigenvalues are too small: using low eigenvalue method
      low eigenvalue method starts
         MasterEquation::low_eigenvalue_matrix:  starts
            setting up kinetic matrices ... done, cpu time[sec] = 2.85, elapsed time[sec] = 0
            inverting kinetic matrices ... done, cpu time[sec] = 0.01, elapsed time[sec] = 0
         MasterEquation::low_eigenvalue_matrix:  done, cpu time[sec] = 2.86, elapsed time[sec] = 0
         direct-diagonalization(DD)-versus-low-eigenvalue(LE) eigenvalues
             L      DD eval      LE eval     LE proj
             0  5.51747e-13  5.46176e-13  9.93452e-17
      low eigenvalue method done, cpu time[sec] = 2.86, elapsed time[sec] = 0
      eigenvector populations normalized:
          L        *R        *P     REACS
          0  5.46e-13         0         1
         *R - eigenvalue over the relaxation limit
         *P - eigenvector projection squared on the relaxation subspace
      eigenvector projections:
          L        *Q        *P     REACS
          0   3.9e-14         0         1
         *Z       ---       ---  1.53e+21
         *Q - eigenvalue over the collision frequency
         *P - eigenvector projection squared on the relaxation subspace
         *Z - well partition function square root
      isomers-to-bimolecular equilibrium coefficients (kappa matrix):
        W\P    PRODS
      REACS        0
      projection error = 0
      Wa->Wb/Wb->Wa rate constants ratios:
      Wb\Wa     REACS
      REACS         1
      W->P/P->W rate constants ratios:
        P\W     REACS
      PRODS         1
   MasterEquation::direct_diagonalization_method:  done, cpu time[sec] = 3.11, elapsed time[sec] = 0
   MasterEquation::direct_diagonalization_method:  starts
      Pressure = 1000 atm	 Temperature = 700 K
      collision frequency = 2.72594e+12 1/sec
      global relaxation matrix dimension = 251
      setting global matrices ... done, cpu time[sec] = 0.04, elapsed time[sec] = 0
      diagonalizing global relaxation matrix ... done, cpu time[sec] = 0.18, elapsed time[sec] = 0
      minimal relaxation eigenvalue / collision frequency = 0.0714936
      maximal relaxation eigenvalue / collision frequency = 0.986636
      microscopic rate coefficients (at reference energy) over collision frequency:
       REACS->PRODS
        2.94612e-05
      some eigenvalues are too small: using low eigenvalue method
      low eigenvalue method starts
         MasterEquation::low_eigenvalue_matrix:  starts
            setting up kinetic matrices ... done, cpu time[sec] = 2.89, elapsed time[sec] = 0
            inverting kinetic matrices ... done, cpu time[sec] = 0.01, elapsed time[sec] = 0
         MasterEquation::low_eigenvalue_matrix:  done, cpu time[sec] = 2.9, elapsed time[sec] = 0
         direct-diagonalization(DD)-versus-low-eigenvalue(LE) eigenvalues
             L      DD eval      LE eval     LE proj
             0  1.20103e-14  5.46311e-15  1.00198e-20
      low eigenvalue method done, cpu time[sec] = 2.9, elapsed time[sec] = 0
      eigenvector populations normalized:
          L        *R        *P     REACS
          0  5.46e-15  2.22e-16         1
         *R - eigenvalue over the relaxation limit
         *P - eigenvector projection squared on the relaxation subspace
      eigenvector projections:
          L        *Q        *P     REACS
          0  3.91e-16  2.22e-16         1
         *Z       ---       ---  1.53e+21
         *Q - eigenvalue over the collision frequency
         *P - eigenvector projection squared on the relaxation subspace
         *Z - well partition function square root
      isomers-to-bimolecular equilibrium coefficients (kappa matrix):
        W\P    PRODS
      REACS        0
      projection error = 2.2e-16
      Wa->Wb/Wb->Wa rate constants ratios:
      Wb\Wa     REACS
      REACS         1
      W->P/P->W rate constants ratios:
        P\W     REACS
      PRODS         1
   MasterEquation::direct_diagonalization_method:  done, cpu time[sec] = 3.15, elapsed time[sec] = 0
   MasterEquation::set:  starts
      Temperature      = 800 K
      Collision rate   = 2.7148e-10cm^3/sec
      Energy reference = 40269 1/cm
      Energy step      = 111 1/cm
      setting wells, barriers, and bimolecular starts
         REACS Well: density of states done, elapsed time[sec] = 0
         REACS Well: collisional energy transfer kernel done, elapsed time[sec] = 0.04
         REACS Well: relaxation modes basis done, elapsed time[sec] = 0.03
         REACS Well: kernel in relaxation modes basis done, elapsed time[sec] = 0.22
         REACS Well: relaxation eigenvalues done, elapsed time[sec] = 0.07
         REACS Well: minimal relaxation eigenvalue = 0.0614949
         REACS Well: maximal relaxation eigenvalue = 0.986924
         REACS Well:       grid size = 251
         REACS Well:      real depth = 0 1/cm
         REACS Well: effective depth = 12408 1/cm
         TS Barrier:        grid size = 151
         TS Barrier:      real height = 23587 1/cm
         TS Barrier: effective height = 23507 1/cm
      setting wells, barriers, and bimolecular done, cpu time[sec] = 0.37, elapsed time[sec] = 1
      Bound Species (D1/D2 - density of states at dissociation energy (DE)/reference energy):
       Name  Depth     DE      *D1      *D2
              1/cm   1/cm       cm       cm
      REACS  12408  23508 7.56e+17 1.48e+22
      Well-to-Bimolecular Barriers (N - number of states at the reference energy):
       Name Height       *N
              1/cm         
         TS  23508 1.13e+20
      Effective equilibrium constants(bimolecular units - cm^3):
        Q/Q     REACS     PRODS
      REACS         1  0.000234
      PRODS  4.28e+03         1
      Real equilibrium constants(bimolecular units - cm^3):
        Q/Q     REACS     PRODS
      REACS         1  1.54e-05
      PRODS  6.48e+04         1
   MasterEquation::set:  done, cpu time[sec] = 0.37, elapsed time[sec] = 1
   MasterEquation::direct_diagonalization_method:  starts
      Pressure = 0.1 atm	 Temperature = 800 K
      collision frequency = 2.49023e+08 1/sec
      global relaxation matrix dimension = 251
      setting global matrices ... done, cpu time[sec] = 0.06, elapsed time[sec] = 0
      diagonalizing global relaxation matrix ... done, cpu time[sec] = 0.19, elapsed time[sec] = 0
      minimal relaxation eigenvalue / collision frequency = 0.0615901
      maximal relaxation eigenvalue / collision frequency = 1.87028
      microscopic rate coefficients (at reference energy) over collision frequency:
       REACS->PRODS
             0.9213
      some eigenvalues are too small: using low eigenvalue method
      low eigenvalue method starts
         MasterEquation::low_eigenvalue_matrix:  starts
            setting up kinetic matrices ... done, cpu time[sec] = 2.75, elapsed time[sec] = 0
            inverting kinetic matrices ... done, cpu time[sec] = 0.02, elapsed time[sec] = 0
         MasterEquation::low_eigenvalue_matrix:  done, cpu time[sec] = 2.77, elapsed time[sec] = 0
         direct-diagonalization(DD)-versus-low-eigenvalue(LE) eigenvalues
             L      DD eval      LE eval     LE proj
             0  9.09374e-10  9.09354e-10  2.85138e-11
      low eigenvalue method done, cpu time[sec] = 2.77, elapsed time[sec] = 0
      eigenvector populations normalized:
          L        *R        *P     REACS
          0  9.09e-10  2.85e-11         1
         *R - eigenvalue over the relaxation limit
         *P - eigenvector projection squared on the relaxation subspace
      eigenvector projections:
          L        *Q        *P     REACS
          0   5.6e-11  2.85e-11         1
         *Z       ---       ---  8.37e+20
         *Q - eigenvalue over the collision frequency
         *P - eigenvector projection squared on the relaxation subspace
         *Z - well partition function square root
      isomers-to-bimolecular equilibrium coefficients (kappa matrix):
        W\P    PRODS
      REACS        0
      projection error = 2.9e-11
      Wa->Wb/Wb->Wa rate constants ratios:
      Wb\Wa     REACS
      REACS         1
      W->P/P->W rate constants ratios:
        P\W     REACS
      PRODS         1
   MasterEquation::direct_diagonalization_method:  done, cpu time[sec] = 3.04, elapsed time[sec] = 0
   MasterEquation::direct_diagonalization_method:  starts
      Pressure = 1 atm	 Temperature = 800 K
      collision frequency = 2.49023e+09 1/sec
      global relaxation matrix dimension = 251
      setting global matrices ... done, cpu time[sec] = 0.04, elapsed time[sec] = 0
      diagonalizing global relaxation matrix ... done, cpu time[sec] = 0.18, elapsed time[sec] = 0
      minimal relaxation eigenvalue / collision frequency = 0.0615161
      maximal relaxation eigenvalue / collision frequency = 1.06851
      microscopic rate coefficients (at reference energy) over collision frequency:
       REACS->PRODS
            0.09213
      some eigenvalues are too small: using low eigenvalue method
      low eigenvalue method starts
         MasterEquation::low_eigenvalue_matrix:  starts
            setting up kinetic matrices ... done, cpu time[sec] = 3.05, elapsed time[sec] = 0
            inverting kinetic matrices ... done, cpu time[sec] = 0.01, elapsed time[sec] = 0
         MasterEquation::low_eigenvalue_matrix:  done, cpu time[sec] = 3.06, elapsed time[sec] = 0
         direct-diagonalization(DD)-versus-low-eigenvalue(LE) eigenvalues
             L      DD eval      LE eval     LE proj
             0  9.57667e-11  9.57529e-11  6.39772e-13
      low eigenvalue method done, cpu time[sec] = 3.06, elapsed time[sec] = 0
      eigenvector populations normalized:
          L        *R        *P     REACS
          0  9.58e-11   6.4e-13         1
         *R - eigenvalue over the relaxation limit
         *P - eigenvector projection squared on the relaxation subspace
      eigenvector projections:
          L        *Q        *P     REACS
          0  5.89e-12   6.4e-13         1
         *Z       ---       ---  8.37e+20
         *Q - eigenvalue over the collision frequency
         *P - eigenvector projection squared on the relaxation subspace
         *Z - well partition function square root
      isomers-to-bimolecular equilibrium coefficients (kappa matrix):
        W\P    PRODS
      REACS        0
      projection error = 6.4e-13
      Wa->Wb/Wb->Wa rate constants ratios:
      Wb\Wa     REACS
      REACS         1
      W->P/P->W rate constants ratios:
        P\W     REACS
      PRODS         1
   MasterEquation::direct_diagonalization_method:  done, cpu time[sec] = 3.31, elapsed time[sec] = 0
   MasterEquation::direct_diagonalization_method:  starts
      Pressure = 10 atm	 Temperature = 800 K
      collision frequency = 2.49023e+10 1/sec
      global relaxation matrix dimension = 251
      setting global matrices ... done, cpu time[sec] = 0.04, elapsed time[sec] = 0
      diagonalizing global relaxation matrix ... done, cpu time[sec] = 0.23, elapsed time[sec] = 0
      minimal relaxation eigenvalue / collision frequency = 0.0614978
      maximal relaxation eigenvalue / collision frequency = 0.992149
      microscopic rate coefficients (at reference energy) over collision frequency:
       REACS->PRODS
           0.009213
      some eigenvalues are too small: using low eigenvalue method
      low eigenvalue method starts
         MasterEquation::low_eigenvalue_matrix:  starts
            setting up kinetic matrices ... done, cpu time[sec] = 2.94, elapsed time[sec] = 0
            inverting kinetic matrices ... done, cpu time[sec] = 0.01, elapsed time[sec] = 0
         MasterEquation::low_eigenvalue_matrix:  done, cpu time[sec] = 2.95, elapsed time[sec] = 0
         direct-diagonalization(DD)-versus-low-eigenvalue(LE) eigenvalues
             L      DD eval      LE eval     LE proj
             0  9.65681e-12  9.66259e-12  8.00143e-15
      low eigenvalue method done, cpu time[sec] = 2.96, elapsed time[sec] = 0
      eigenvector populations normalized:
          L        *R        *P     REACS
          0  9.66e-12  8.66e-15         1
         *R - eigenvalue over the relaxation limit
         *P - eigenvector projection squared on the relaxation subspace
      eigenvector projections:
          L        *Q        *P     REACS
          0  5.94e-13  8.66e-15         1
         *Z       ---       ---  8.37e+20
         *Q - eigenvalue over the collision frequency
         *P - eigenvector projection squared on the relaxation subspace
         *Z - well partition function square root
      isomers-to-bimolecular equilibrium coefficients (kappa matrix):
        W\P    PRODS
      REACS        0
      projection error = 8.7e-15
      Wa->Wb/Wb->Wa rate constants ratios:
      Wb\Wa     REACS
      REACS         1
      W->P/P->W rate constants ratios:
        P\W     REACS
      PRODS         1
   MasterEquation::direct_diagonalization_method:  done, cpu time[sec] = 3.25, elapsed time[sec] = 0
   MasterEquation::direct_diagonalization_method:  starts
      Pressure = 1000 atm	 Temperature = 800 K
      collision frequency = 2.49023e+12 1/sec
      global relaxation matrix dimension = 251
      setting global matrices ... done, cpu time[sec] = 0.05, elapsed time[sec] = 0
      diagonalizing global relaxation matrix ... done, cpu time[sec] = 0.18, elapsed time[sec] = 0
      minimal relaxation eigenvalue / collision frequency = 0.061495
      maximal relaxation eigenvalue / collision frequency = 0.986924
      microscopic rate coefficients (at reference energy) over collision frequency:
       REACS->PRODS
          9.213e-05
      some eigenvalues are too small: using low eigenvalue method
      low eigenvalue method starts
         MasterEquation::low_eigenvalue_matrix:  starts
            setting up kinetic matrices ... done, cpu time[sec] = 3.05, elapsed time[sec] = 0
            inverting kinetic matrices ... done, cpu time[sec] = 0.02, elapsed time[sec] = 0
         MasterEquation::low_eigenvalue_matrix:  done, cpu time[sec] = 3.07, elapsed time[sec] = 0
         direct-diagonalization(DD)-versus-low-eigenvalue(LE) eigenvalues
             L      DD eval      LE eval     LE proj
             0  1.03172e-13  9.67373e-14  8.25762e-19
      low eigenvalue method done, cpu time[sec] = 3.08, elapsed time[sec] = 0
      eigenvector populations normalized:
          L        *R        *P     REACS
          0  9.67e-14  4.44e-16         1
         *R - eigenvalue over the relaxation limit
         *P - eigenvector projection squared on the relaxation subspace
      eigenvector projections:
          L        *Q        *P     REACS
          0  5.95e-15  4.44e-16         1
         *Z       ---       ---  8.37e+20
         *Q - eigenvalue over the collision frequency
         *P - eigenvector projection squared on the relaxation subspace
         *Z - well partition function square root
      isomers-to-bimolecular equilibrium coefficients (kappa matrix):
        W\P    PRODS
      REACS        0
      projection error = 4.4e-16
      Wa->Wb/Wb->Wa rate constants ratios:
      Wb\Wa     REACS
      REACS         1
      W->P/P->W rate constants ratios:
        P\W     REACS
      PRODS         1
   MasterEquation::direct_diagonalization_method:  done, cpu time[sec] = 3.33, elapsed time[sec] = 0
   MasterEquation::set:  starts
      Temperature      = 900 K
      Collision rate   = 2.82342e-10cm^3/sec
      Energy reference = 42354 1/cm
      Energy step      = 125 1/cm
      setting wells, barriers, and bimolecular starts
         REACS Well: density of states done, elapsed time[sec] = 0
         REACS Well: collisional energy transfer kernel done, elapsed time[sec] = 0.03
         REACS Well: relaxation modes basis done, elapsed time[sec] = 0.04
         REACS Well: kernel in relaxation modes basis done, elapsed time[sec] = 0.22
         REACS Well: relaxation eigenvalues done, elapsed time[sec] = 0.06
         REACS Well: minimal relaxation eigenvalue = 0.0524453
         REACS Well: maximal relaxation eigenvalue = 0.987387
         REACS Well:       grid size = 251
         REACS Well:      real depth = 0 1/cm
         REACS Well: effective depth = 10979 1/cm
         TS Barrier:        grid size = 151
         TS Barrier:      real height = 23587 1/cm
         TS Barrier: effective height = 23479 1/cm
      setting wells, barriers, and bimolecular done, cpu time[sec] = 0.37, elapsed time[sec] = 0
      Bound Species (D1/D2 - density of states at dissociation energy (DE)/reference energy):
       Name  Depth     DE      *D1      *D2
              1/cm   1/cm       cm       cm
      REACS  10980  23479  7.4e+17 4.06e+22
      Well-to-Bimolecular Barriers (N - number of states at the reference energy):
       Name Height       *N
              1/cm         
         TS  23479 7.83e+20
      Effective equilibrium constants(bimolecular units - cm^3):
        Q/Q     REACS     PRODS
      REACS         1  5.91e-06
      PRODS  1.69e+05         1
      Real equilibrium constants(bimolecular units - cm^3):
        Q/Q     REACS     PRODS
      REACS         1  4.31e-08
      PRODS  2.32e+07         1
   MasterEquation::set:  done, cpu time[sec] = 0.37, elapsed time[sec] = 0
   MasterEquation::direct_diagonalization_method:  starts
      Pressure = 0.1 atm	 Temperature = 900 K
      collision frequency = 2.3021e+08 1/sec
      global relaxation matrix dimension = 251
      setting global matrices ... done, cpu time[sec] = 0.05, elapsed time[sec] = 0
      diagonalizing global relaxation matrix ... done, cpu time[sec] = 0.21, elapsed time[sec] = 0
      minimal relaxation eigenvalue / collision frequency = 0.052566
      maximal relaxation eigenvalue / collision frequency = 3.43193
      microscopic rate coefficients (at reference energy) over collision frequency:
       REACS->PRODS
            2.51208
      some eigenvalues are too small: using low eigenvalue method
      low eigenvalue method starts
         MasterEquation::low_eigenvalue_matrix:  starts
            setting up kinetic matrices ... done, cpu time[sec] = 3.03, elapsed time[sec] = 1
            inverting kinetic matrices ... done, cpu time[sec] = 0.01, elapsed time[sec] = 0
         MasterEquation::low_eigenvalue_matrix:  done, cpu time[sec] = 3.04, elapsed time[sec] = 1
         direct-diagonalization(DD)-versus-low-eigenvalue(LE) eigenvalues
             L      DD eval      LE eval     LE proj
             0  1.44954e-08  1.44954e-08  8.96734e-10
      low eigenvalue method done, cpu time[sec] = 3.05, elapsed time[sec] = 1
      eigenvector populations normalized:
          L        *R        *P     REACS
          0  1.45e-08  8.97e-10         1
         *R - eigenvalue over the relaxation limit
         *P - eigenvector projection squared on the relaxation subspace
      eigenvector projections:
          L        *Q        *P     REACS
          0  7.62e-10  8.97e-10         1
         *Z       ---       ---  4.45e+20
         *Q - eigenvalue over the collision frequency
         *P - eigenvector projection squared on the relaxation subspace
         *Z - well partition function square root
      isomers-to-bimolecular equilibrium coefficients (kappa matrix):
        W\P    PRODS
      REACS        0
      projection error = 9e-10
      Wa->Wb/Wb->Wa rate constants ratios:
      Wb\Wa     REACS
      REACS         1
      W->P/P->W rate constants ratios:
        P\W     REACS
      PRODS         1
   MasterEquation::direct_diagonalization_method:  done, cpu time[sec] = 3.33, elapsed time[sec] = 1
   MasterEquation::direct_diagonalization_method:  starts
      Pressure = 1 atm	 Temperature = 900 K
      collision frequency = 2.3021e+09 1/sec
      global relaxation matrix dimension = 251
      setting global matrices ... done, cpu time[sec] = 0.05, elapsed time[sec] = 0
      diagonalizing global relaxation matrix ... done, cpu time[sec] = 0.19, elapsed time[sec] = 0
      minimal relaxation eigenvalue / collision frequency = 0.0524747
      maximal relaxation eigenvalue / collision frequency = 1.21977
      microscopic rate coefficients (at reference energy) over collision frequency:
       REACS->PRODS
           0.251208
      some eigenvalues are too small: using low eigenvalue method
      low eigenvalue method starts
         MasterEquation::low_eigenvalue_matrix:  starts
            setting up kinetic matrices ... done, cpu time[sec] = 3.04, elapsed time[sec] = 0
            inverting kinetic matrices ... done, cpu time[sec] = 0.01, elapsed time[sec] = 0
         MasterEquation::low_eigenvalue_matrix:  done, cpu time[sec] = 3.05, elapsed time[sec] = 0
         direct-diagonalization(DD)-versus-low-eigenvalue(LE) eigenvalues
             L      DD eval      LE eval     LE proj
             0  1.64057e-09  1.64057e-09  3.01962e-11
      low eigenvalue method done, cpu time[sec] = 3.05, elapsed time[sec] = 0
      eigenvector populations normalized:
          L        *R        *P     REACS
          0  1.64e-09  3.02e-11         1
         *R - eigenvalue over the relaxation limit
         *P - eigenvector projection squared on the relaxation subspace
      eigenvector projections:
          L        *Q        *P     REACS
          0  8.61e-11  3.02e-11         1
         *Z       ---       ---  4.45e+20
         *Q - eigenvalue over the collision frequency
         *P - eigenvector projection squared on the relaxation subspace
         *Z - well partition function square root
      isomers-to-bimolecular equilibrium coefficients (kappa matrix):
        W\P    PRODS
      REACS        0
      projection error = 3e-11
      Wa->Wb/Wb->Wa rate constants ratios:
      Wb\Wa     REACS
      REACS         1
      W->P/P->W rate constants ratios:
        P\W     REACS
      PRODS         1
   MasterEquation::direct_diagonalization_method:  done, cpu time[sec] = 3.31, elapsed time[sec] = 0
   MasterEquation::direct_diagonalization_method:  starts
      Pressure = 10 atm	 Temperature = 900 K
      collision frequency = 2.3021e+10 1/sec
      global relaxation matrix dimension = 251
      setting global matrices ... done, cpu time[sec] = 0.05, elapsed time[sec] = 0
      diagonalizing global relaxation matrix ... done, cpu time[sec] = 0.17, elapsed time[sec] = 0
      minimal relaxation eigenvalue / collision frequency = 0.0524499
      maximal relaxation eigenvalue / collision frequency = 1.00603
      microscopic rate coefficients (at reference energy) over collision frequency:
       REACS->PRODS
          0.0251208
      some eigenvalues are too small: using low eigenvalue method
      low eigenvalue method starts
         MasterEquation::low_eigenvalue_matrix:  starts
            setting up kinetic matrices ... done, cpu time[sec] = 2.95, elapsed time[sec] = 0
            inverting kinetic matrices ... done, cpu time[sec] = 0.02, elapsed time[sec] = 0
         MasterEquation::low_eigenvalue_matrix:  done, cpu time[sec] = 2.97, elapsed time[sec] = 0
         direct-diagonalization(DD)-versus-low-eigenvalue(LE) eigenvalues
             L      DD eval      LE eval     LE proj
             0   1.6899e-10  1.68996e-10  5.00148e-13
      low eigenvalue method done, cpu time[sec] = 2.97, elapsed time[sec] = 0
      eigenvector populations normalized:
          L        *R        *P     REACS
          0  1.69e-10     5e-13         1
         *R - eigenvalue over the relaxation limit
         *P - eigenvector projection squared on the relaxation subspace
      eigenvector projections:
          L        *Q        *P     REACS
          0  8.86e-12     5e-13         1
         *Z       ---       ---  4.45e+20
         *Q - eigenvalue over the collision frequency
         *P - eigenvector projection squared on the relaxation subspace
         *Z - well partition function square root
      isomers-to-bimolecular equilibrium coefficients (kappa matrix):
        W\P    PRODS
      REACS        0
      projection error = 5e-13
      Wa->Wb/Wb->Wa rate constants ratios:
      Wb\Wa     REACS
      REACS         1
      W->P/P->W rate constants ratios:
        P\W     REACS
      PRODS         1
   MasterEquation::direct_diagonalization_method:  done, cpu time[sec] = 3.22, elapsed time[sec] = 0
   MasterEquation::direct_diagonalization_method:  starts
      Pressure = 1000 atm	 Temperature = 900 K
      collision frequency = 2.3021e+12 1/sec
      global relaxation matrix dimension = 251
      setting global matrices ... done, cpu time[sec] = 0.04, elapsed time[sec] = 0
      diagonalizing global relaxation matrix ... done, cpu time[sec] = 0.21, elapsed time[sec] = 0
      minimal relaxation eigenvalue / collision frequency = 0.0524454
      maximal relaxation eigenvalue / collision frequency = 0.987387
      microscopic rate coefficients (at reference energy) over collision frequency:
       REACS->PRODS
        0.000251208
      some eigenvalues are too small: using low eigenvalue method
      low eigenvalue method starts
         MasterEquation::low_eigenvalue_matrix:  starts
            setting up kinetic matrices ... done, cpu time[sec] = 3.02, elapsed time[sec] = 0
            inverting kinetic matrices ... done, cpu time[sec] = 0.01, elapsed time[sec] = 0
         MasterEquation::low_eigenvalue_matrix:  done, cpu time[sec] = 3.03, elapsed time[sec] = 0
         direct-diagonalization(DD)-versus-low-eigenvalue(LE) eigenvalues
             L      DD eval      LE eval     LE proj
             0  1.70389e-12  1.69763e-12  5.50152e-17
      low eigenvalue method done, cpu time[sec] = 3.03, elapsed time[sec] = 0
      eigenvector populations normalized:
          L        *R        *P     REACS
          0   1.7e-12         0         1
         *R - eigenvalue over the relaxation limit
         *P - eigenvector projection squared on the relaxation subspace
      eigenvector projections:
          L        *Q        *P     REACS
          0   8.9e-14         0         1
         *Z       ---       ---  4.45e+20
         *Q - eigenvalue over the collision frequency
         *P - eigenvector projection squared on the relaxation subspace
         *Z - well partition function square root
      isomers-to-bimolecular equilibrium coefficients (kappa matrix):
        W\P    PRODS
      REACS        0
      projection error = 0
      Wa->Wb/Wb->Wa rate constants ratios:
      Wb\Wa     REACS
      REACS         1
      W->P/P->W rate constants ratios:
        P\W     REACS
      PRODS         1
   MasterEquation::direct_diagonalization_method:  done, cpu time[sec] = 3.3, elapsed time[sec] = 0
   MasterEquation::set:  starts
      Temperature      = 1000 K
      Collision rate   = 2.92635e-10cm^3/sec
      Energy reference = 44439 1/cm
      Energy step      = 139 1/cm
      setting wells, barriers, and bimolecular starts
         REACS Well: density of states done, elapsed time[sec] = 0
         REACS Well: collisional energy transfer kernel done, elapsed time[sec] = 0.03
         REACS Well: relaxation modes basis done, elapsed time[sec] = 0.04
         REACS Well: kernel in relaxation modes basis done, elapsed time[sec] = 0.22
         REACS Well: relaxation eigenvalues done, elapsed time[sec] = 0.06
         REACS Well: minimal relaxation eigenvalue = 0.0445976
         REACS Well: maximal relaxation eigenvalue = 0.988048
         REACS Well:       grid size = 251
         REACS Well:      real depth = 0 1/cm
         REACS Well: effective depth = 9549 1/cm
         TS Barrier:        grid size = 151
         TS Barrier:      real height = 23587 1/cm
         TS Barrier: effective height = 23449 1/cm
      setting wells, barriers, and bimolecular done, cpu time[sec] = 0.37, elapsed time[sec] = 0
      Bound Species (D1/D2 - density of states at dissociation energy (DE)/reference energy):
       Name  Depth     DE      *D1      *D2
              1/cm   1/cm       cm       cm
      REACS   9550  23450 7.25e+17 1.07e+23
      Well-to-Bimolecular Barriers (N - number of states at the reference energy):
       Name Height       *N
              1/cm         
         TS  23450 4.72e+21
      Effective equilibrium constants(bimolecular units - cm^3):
        Q/Q     REACS     PRODS
      REACS         1  1.94e-07
      PRODS  5.15e+06         1
      Real equilibrium constants(bimolecular units - cm^3):
        Q/Q     REACS     PRODS
      REACS         1  3.98e-10
      PRODS  2.52e+09         1
   MasterEquation::set:  done, cpu time[sec] = 0.37, elapsed time[sec] = 0
   MasterEquation::direct_diagonalization_method:  starts
      Pressure = 0.1 atm	 Temperature = 1000 K
      collision frequency = 2.14743e+08 1/sec
      global relaxation matrix dimension = 251
      setting global matrices ... done, cpu time[sec] = 0.04, elapsed time[sec] = 0
      diagonalizing global relaxation matrix ... done, cpu time[sec] = 0.18, elapsed time[sec] = 0
      minimal relaxation eigenvalue / collision frequency = 0.0447704
      maximal relaxation eigenvalue / collision frequency = 7.02119
      microscopic rate coefficients (at reference energy) over collision frequency:
       REACS->PRODS
            6.13576
      eigenvector populations normalized:
          L        *R        *P     REACS
          0  2.09e-07  2.05e-08         1
         *R - eigenvalue over the relaxation limit
         *P - eigenvector projection squared on the relaxation subspace
      eigenvector projections:
          L        *Q        *P     REACS
          0  9.36e-09  2.05e-08        -1
         *Z       ---       ---  2.34e+20
         *Q - eigenvalue over the collision frequency
         *P - eigenvector projection squared on the relaxation subspace
         *Z - well partition function square root
      isomers-to-bimolecular equilibrium coefficients (kappa matrix):
        W\P    PRODS
      REACS        0
      projection error = 2e-08
      Wa->Wb/Wb->Wa rate constants ratios:
      Wb\Wa     REACS
      REACS         1
      W->P/P->W rate constants ratios:
        P\W     REACS
      PRODS         1
   MasterEquation::direct_diagonalization_method:  done, cpu time[sec] = 0.24, elapsed time[sec] = 0
   MasterEquation::direct_diagonalization_method:  starts
      Pressure = 1 atm	 Temperature = 1000 K
      collision frequency = 2.14743e+09 1/sec
      global relaxation matrix dimension = 251
      setting global matrices ... done, cpu time[sec] = 0.04, elapsed time[sec] = 0
      diagonalizing global relaxation matrix ... done, cpu time[sec] = 0.25, elapsed time[sec] = 0
      minimal relaxation eigenvalue / collision frequency = 0.0446432
      maximal relaxation eigenvalue / collision frequency = 1.56982
      microscopic rate coefficients (at reference energy) over collision frequency:
       REACS->PRODS
           0.613576
      some eigenvalues are too small: using low eigenvalue method
      low eigenvalue method starts
         MasterEquation::low_eigenvalue_matrix:  starts
            setting up kinetic matrices ... done, cpu time[sec] = 2.94, elapsed time[sec] = 0
            inverting kinetic matrices ... done, cpu time[sec] = 0.01, elapsed time[sec] = 0
         MasterEquation::low_eigenvalue_matrix:  done, cpu time[sec] = 2.95, elapsed time[sec] = 0
         direct-diagonalization(DD)-versus-low-eigenvalue(LE) eigenvalues
             L      DD eval      LE eval     LE proj
             0  2.64294e-08  2.64294e-08  1.00187e-09
      low eigenvalue method done, cpu time[sec] = 2.95, elapsed time[sec] = 0
      eigenvector populations normalized:
          L        *R        *P     REACS
          0  2.64e-08     1e-09         1
         *R - eigenvalue over the relaxation limit
         *P - eigenvector projection squared on the relaxation subspace
      eigenvector projections:
          L        *Q        *P     REACS
          0  1.18e-09     1e-09         1
         *Z       ---       ---  2.34e+20
         *Q - eigenvalue over the collision frequency
         *P - eigenvector projection squared on the relaxation subspace
         *Z - well partition function square root
      isomers-to-bimolecular equilibrium coefficients (kappa matrix):
        W\P    PRODS
      REACS        0
      projection error = 1e-09
      Wa->Wb/Wb->Wa rate constants ratios:
      Wb\Wa     REACS
      REACS         1
      W->P/P->W rate constants ratios:
        P\W     REACS
      PRODS         1
   MasterEquation::direct_diagonalization_method:  done, cpu time[sec] = 3.27, elapsed time[sec] = 0
   MasterEquation::direct_diagonalization_method:  starts
      Pressure = 10 atm	 Temperature = 1000 K
      collision frequency = 2.14743e+10 1/sec
      global relaxation matrix dimension = 251
      setting global matrices ... done, cpu time[sec] = 0.05, elapsed time[sec] = 0
      diagonalizing global relaxation matrix ... done, cpu time[sec] = 0.19, elapsed time[sec] = 0
      minimal relaxation eigenvalue / collision frequency = 0.0446057
      maximal relaxation eigenvalue / collision frequency = 1.03917
      microscopic rate coefficients (at reference energy) over collision frequency:
       REACS->PRODS
          0.0613576
      some eigenvalues are too small: using low eigenvalue method
      low eigenvalue method starts
         MasterEquation::low_eigenvalue_matrix:  starts
            setting up kinetic matrices ... done, cpu time[sec] = 3.2, elapsed time[sec] = 1
            inverting kinetic matrices ... done, cpu time[sec] = 0.02, elapsed time[sec] = 0
         MasterEquation::low_eigenvalue_matrix:  done, cpu time[sec] = 3.22, elapsed time[sec] = 1
         direct-diagonalization(DD)-versus-low-eigenvalue(LE) eigenvalues
             L      DD eval      LE eval     LE proj
             0  2.84685e-09  2.84685e-09  2.37824e-11
      low eigenvalue method done, cpu time[sec] = 3.22, elapsed time[sec] = 1
      eigenvector populations normalized:
          L        *R        *P     REACS
          0  2.85e-09  2.38e-11         1
         *R - eigenvalue over the relaxation limit
         *P - eigenvector projection squared on the relaxation subspace
      eigenvector projections:
          L        *Q        *P     REACS
          0  1.27e-10  2.38e-11         1
         *Z       ---       ---  2.34e+20
         *Q - eigenvalue over the collision frequency
         *P - eigenvector projection squared on the relaxation subspace
         *Z - well partition function square root
      isomers-to-bimolecular equilibrium coefficients (kappa matrix):
        W\P    PRODS
      REACS        0
      projection error = 2.4e-11
      Wa->Wb/Wb->Wa rate constants ratios:
      Wb\Wa     REACS
      REACS         1
      W->P/P->W rate constants ratios:
        P\W     REACS
      PRODS         1
   MasterEquation::direct_diagonalization_method:  done, cpu time[sec] = 3.48, elapsed time[sec] = 1
   MasterEquation::direct_diagonalization_method:  starts
      Pressure = 1000 atm	 Temperature = 1000 K
      collision frequency = 2.14743e+12 1/sec
      global relaxation matrix dimension = 251
      setting global matrices ... done, cpu time[sec] = 0.05, elapsed time[sec] = 0
      diagonalizing global relaxation matrix ... done, cpu time[sec] = 0.19, elapsed time[sec] = 0
      minimal relaxation eigenvalue / collision frequency = 0.0445977
      maximal relaxation eigenvalue / collision frequency = 0.988048
      microscopic rate coefficients (at reference energy) over collision frequency:
       REACS->PRODS
        0.000613576
      some eigenvalues are too small: using low eigenvalue method
      low eigenvalue method starts
         MasterEquation::low_eigenvalue_matrix:  starts
            setting up kinetic matrices ... done, cpu time[sec] = 3.27, elapsed time[sec] = 0
            inverting kinetic matrices ... done, cpu time[sec] = 0.01, elapsed time[sec] = 0
         MasterEquation::low_eigenvalue_matrix:  done, cpu time[sec] = 3.29, elapsed time[sec] = 0
         direct-diagonalization(DD)-versus-low-eigenvalue(LE) eigenvalues
             L      DD eval      LE eval     LE proj
             0  2.88775e-11  2.88914e-11  3.01852e-15
      low eigenvalue method done, cpu time[sec] = 3.3, elapsed time[sec] = 0
      eigenvector populations normalized:
          L        *R        *P     REACS
          0  2.89e-11  2.89e-15         1
         *R - eigenvalue over the relaxation limit
         *P - eigenvector projection squared on the relaxation subspace
      eigenvector projections:
          L        *Q        *P     REACS
          0  1.29e-12  2.89e-15         1
         *Z       ---       ---  2.34e+20
         *Q - eigenvalue over the collision frequency
         *P - eigenvector projection squared on the relaxation subspace
         *Z - well partition function square root
      isomers-to-bimolecular equilibrium coefficients (kappa matrix):
        W\P    PRODS
      REACS        0
      projection error = 2.9e-15
      Wa->Wb/Wb->Wa rate constants ratios:
      Wb\Wa     REACS
      REACS         1
      W->P/P->W rate constants ratios:
        P\W     REACS
      PRODS         1
   MasterEquation::direct_diagonalization_method:  done, cpu time[sec] = 3.56, elapsed time[sec] = 0
   MasterEquation::set:  starts
      Temperature      = 1100 K
      Collision rate   = 3.02395e-10cm^3/sec
      Energy reference = 46524 1/cm
      Energy step      = 153 1/cm
      setting wells, barriers, and bimolecular starts
         REACS Well: density of states done, elapsed time[sec] = 0.01
         REACS Well: collisional energy transfer kernel done, elapsed time[sec] = 0.04
         REACS Well: relaxation modes basis done, elapsed time[sec] = 0.03
         REACS Well: kernel in relaxation modes basis done, elapsed time[sec] = 0.22
         REACS Well: relaxation eigenvalues done, elapsed time[sec] = 0.07
         REACS Well: minimal relaxation eigenvalue = 0.0385293
         REACS Well: maximal relaxation eigenvalue = 0.988886
         REACS Well:       grid size = 250
         REACS Well:      real depth = 0 1/cm
         REACS Well: effective depth = 8274 1/cm
         TS Barrier:        grid size = 150
         TS Barrier:      real height = 23587 1/cm
         TS Barrier: effective height = 23574 1/cm
      setting wells, barriers, and bimolecular done, cpu time[sec] = 0.38, elapsed time[sec] = 0
      Bound Species (D1/D2 - density of states at dissociation energy (DE)/reference energy):
       Name  Depth     DE      *D1      *D2
              1/cm   1/cm       cm       cm
      REACS   8274  23574 7.93e+17 2.75e+23
      Well-to-Bimolecular Barriers (N - number of states at the reference energy):
       Name Height       *N
              1/cm         
         TS  23574 2.53e+22
      Effective equilibrium constants(bimolecular units - cm^3):
        Q/Q     REACS     PRODS
      REACS         1  7.82e-09
      PRODS  1.28e+08         1
      Real equilibrium constants(bimolecular units - cm^3):
        Q/Q     REACS     PRODS
      REACS         1  8.75e-12
      PRODS  1.14e+11         1
   MasterEquation::set:  done, cpu time[sec] = 0.38, elapsed time[sec] = 0
   MasterEquation::direct_diagonalization_method:  starts
      Pressure = 0.1 atm	 Temperature = 1100 K
      collision frequency = 2.01732e+08 1/sec
      global relaxation matrix dimension = 250
      setting global matrices ... done, cpu time[sec] = 0.05, elapsed time[sec] = 0
      diagonalizing global relaxation matrix ... done, cpu time[sec] = 0.19, elapsed time[sec] = 0
      minimal relaxation eigenvalue / collision frequency = 0.0388342
      maximal relaxation eigenvalue / collision frequency = 14.5498
      microscopic rate coefficients (at reference energy) over collision frequency:
       REACS->PRODS
            13.6926
      eigenvector populations normalized:
          L        *R        *P     REACS
          0  2.63e-06  3.62e-07         1
         *R - eigenvalue over the relaxation limit
         *P - eigenvector projection squared on the relaxation subspace
      eigenvector projections:
          L        *Q        *P     REACS
          0  1.02e-07  3.62e-07        -1
         *Z       ---       ---  1.22e+20
         *Q - eigenvalue over the collision frequency
         *P - eigenvector projection squared on the relaxation subspace
         *Z - well partition function square root
      isomers-to-bimolecular equilibrium coefficients (kappa matrix):
        W\P    PRODS
      REACS        0
      projection error = 3.6e-07
      Wa->Wb/Wb->Wa rate constants ratios:
      Wb\Wa     REACS
      REACS         1
      W->P/P->W rate constants ratios:
        P\W     REACS
      PRODS         1
   MasterEquation::direct_diagonalization_method:  done, cpu time[sec] = 0.32, elapsed time[sec] = 0
   MasterEquation::direct_diagonalization_method:  starts
      Pressure = 1 atm	 Temperature = 1100 K
      collision frequency = 2.01732e+09 1/sec
      global relaxation matrix dimension = 250
      setting global matrices ... done, cpu time[sec] = 0.04, elapsed time[sec] = 0
      diagonalizing global relaxation matrix ... done, cpu time[sec] = 0.18, elapsed time[sec] = 0
      minimal relaxation eigenvalue / collision frequency = 0.0386186
      maximal relaxation eigenvalue / collision frequency = 2.30736
      microscopic rate coefficients (at reference energy) over collision frequency:
       REACS->PRODS
            1.36926
      eigenvector populations normalized:
          L        *R        *P     REACS
          0  3.84e-07  2.48e-08         1
         *R - eigenvalue over the relaxation limit
         *P - eigenvector projection squared on the relaxation subspace
      eigenvector projections:
          L        *Q        *P     REACS
          0  1.48e-08  2.48e-08        -1
         *Z       ---       ---  1.22e+20
         *Q - eigenvalue over the collision frequency
         *P - eigenvector projection squared on the relaxation subspace
         *Z - well partition function square root
      isomers-to-bimolecular equilibrium coefficients (kappa matrix):
        W\P    PRODS
      REACS        0
      projection error = 2.5e-08
      Wa->Wb/Wb->Wa rate constants ratios:
      Wb\Wa     REACS
      REACS         1
      W->P/P->W rate constants ratios:
        P\W     REACS
      PRODS         1
   MasterEquation::direct_diagonalization_method:  done, cpu time[sec] = 0.24, elapsed time[sec] = 0
   MasterEquation::direct_diagonalization_method:  starts
      Pressure = 10 atm	 Temperature = 1100 K
      collision frequency = 2.01732e+10 1/sec
      global relaxation matrix dimension = 250
      setting global matrices ... done, cpu time[sec] = 0.05, elapsed time[sec] = 0
      diagonalizing global relaxation matrix ... done, cpu time[sec] = 0.2, elapsed time[sec] = 0
      minimal relaxation eigenvalue / collision frequency = 0.0385472
      maximal relaxation eigenvalue / collision frequency = 1.11017
      microscopic rate coefficients (at reference energy) over collision frequency:
       REACS->PRODS
           0.136926
      some eigenvalues are too small: using low eigenvalue method
      low eigenvalue method starts
         MasterEquation::low_eigenvalue_matrix:  starts
            setting up kinetic matrices ... done, cpu time[sec] = 3.14, elapsed time[sec] = 0
            inverting kinetic matrices ... done, cpu time[sec] = 0.01, elapsed time[sec] = 0
         MasterEquation::low_eigenvalue_matrix:  done, cpu time[sec] = 3.15, elapsed time[sec] = 0
         direct-diagonalization(DD)-versus-low-eigenvalue(LE) eigenvalues
             L      DD eval      LE eval     LE proj
             0  4.46376e-08  4.46376e-08  8.47896e-10
      low eigenvalue method done, cpu time[sec] = 3.15, elapsed time[sec] = 0
      eigenvector populations normalized:
          L        *R        *P     REACS
          0  4.46e-08  8.48e-10         1
         *R - eigenvalue over the relaxation limit
         *P - eigenvector projection squared on the relaxation subspace
      eigenvector projections:
          L        *Q        *P     REACS
          0  1.72e-09  8.48e-10         1
         *Z       ---       ---  1.22e+20
         *Q - eigenvalue over the collision frequency
         *P - eigenvector projection squared on the relaxation subspace
         *Z - well partition function square root
      isomers-to-bimolecular equilibrium coefficients (kappa matrix):
        W\P    PRODS
      REACS        0
      projection error = 8.5e-10
      Wa->Wb/Wb->Wa rate constants ratios:
      Wb\Wa     REACS
      REACS         1
      W->P/P->W rate constants ratios:
        P\W     REACS
      PRODS         1
   MasterEquation::direct_diagonalization_method:  done, cpu time[sec] = 3.43, elapsed time[sec] = 0
   MasterEquation::direct_diagonalization_method:  starts
      Pressure = 1000 atm	 Temperature = 1100 K
      collision frequency = 2.01732e+12 1/sec
      global relaxation matrix dimension = 250
      setting global matrices ... done, cpu time[sec] = 0.04, elapsed time[sec] = 0
      diagonalizing global relaxation matrix ... done, cpu time[sec] = 0.18, elapsed time[sec] = 0
      minimal relaxation eigenvalue / collision frequency = 0.0385295
      maximal relaxation eigenvalue / collision frequency = 0.988886
      microscopic rate coefficients (at reference energy) over collision frequency:
       REACS->PRODS
         0.00136926
      some eigenvalues are too small: using low eigenvalue method
      low eigenvalue method starts
         MasterEquation::low_eigenvalue_matrix:  starts
            setting up kinetic matrices ... done, cpu time[sec] = 3.22, elapsed time[sec] = 0
            inverting kinetic matrices ... done, cpu time[sec] = 0.01, elapsed time[sec] = 0
         MasterEquation::low_eigenvalue_matrix:  done, cpu time[sec] = 3.23, elapsed time[sec] = 0
         direct-diagonalization(DD)-versus-low-eigenvalue(LE) eigenvalues
             L      DD eval      LE eval     LE proj
             0  4.64507e-10  4.64462e-10  1.38972e-13
      low eigenvalue method done, cpu time[sec] = 3.23, elapsed time[sec] = 0
      eigenvector populations normalized:
          L        *R        *P     REACS
          0  4.64e-10  1.39e-13         1
         *R - eigenvalue over the relaxation limit
         *P - eigenvector projection squared on the relaxation subspace
      eigenvector projections:
          L        *Q        *P     REACS
          0  1.79e-11  1.39e-13         1
         *Z       ---       ---  1.22e+20
         *Q - eigenvalue over the collision frequency
         *P - eigenvector projection squared on the relaxation subspace
         *Z - well partition function square root
      isomers-to-bimolecular equilibrium coefficients (kappa matrix):
        W\P    PRODS
      REACS        0
      projection error = 1.4e-13
      Wa->Wb/Wb->Wa rate constants ratios:
      Wb\Wa     REACS
      REACS         1
      W->P/P->W rate constants ratios:
        P\W     REACS
      PRODS         1
   MasterEquation::direct_diagonalization_method:  done, cpu time[sec] = 3.48, elapsed time[sec] = 0
   MasterEquation::set:  starts
      Temperature      = 1200 K
      Collision rate   = 3.11664e-10cm^3/sec
      Energy reference = 48609 1/cm
      Energy step      = 167 1/cm
      setting wells, barriers, and bimolecular starts
         REACS Well: density of states done, elapsed time[sec] = 0
         REACS Well: collisional energy transfer kernel done, elapsed time[sec] = 0.04
         REACS Well: relaxation modes basis done, elapsed time[sec] = 0.04
         REACS Well: kernel in relaxation modes basis done, elapsed time[sec] = 0.21
         REACS Well: relaxation eigenvalues done, elapsed time[sec] = 0.06
         REACS Well: minimal relaxation eigenvalue = 0.0340839
         REACS Well: maximal relaxation eigenvalue = 0.990102
         REACS Well:       grid size = 250
         REACS Well:      real depth = 0 1/cm
         REACS Well: effective depth = 6859 1/cm
         TS Barrier:        grid size = 150
         TS Barrier:      real height = 23587 1/cm
         TS Barrier: effective height = 23559 1/cm
      setting wells, barriers, and bimolecular done, cpu time[sec] = 0.36, elapsed time[sec] = 0
      Bound Species (D1/D2 - density of states at dissociation energy (DE)/reference energy):
       Name  Depth     DE      *D1      *D2
              1/cm   1/cm       cm       cm
      REACS   6860  23560 7.84e+17 6.81e+23
      Well-to-Bimolecular Barriers (N - number of states at the reference energy):
       Name Height       *N
              1/cm         
         TS  23560 1.23e+23
      Effective equilibrium constants(bimolecular units - cm^3):
        Q/Q     REACS     PRODS
      REACS         1  4.22e-10
      PRODS  2.37e+09         1
      Real equilibrium constants(bimolecular units - cm^3):
        Q/Q     REACS     PRODS
      REACS         1   3.7e-13
      PRODS  2.71e+12         1
   MasterEquation::set:  done, cpu time[sec] = 0.36, elapsed time[sec] = 0
   MasterEquation::direct_diagonalization_method:  starts
      Pressure = 0.1 atm	 Temperature = 1200 K
      collision frequency = 1.90589e+08 1/sec
      global relaxation matrix dimension = 250
      setting global matrices ... done, cpu time[sec] = 0.05, elapsed time[sec] = 0
      diagonalizing global relaxation matrix ... done, cpu time[sec] = 0.21, elapsed time[sec] = 0
      minimal relaxation eigenvalue / collision frequency = 0.0346803
      maximal relaxation eigenvalue / collision frequency = 29.1769
      microscopic rate coefficients (at reference energy) over collision frequency:
       REACS->PRODS
            28.3374
      eigenvector populations normalized:
          L        *R        *P     REACS
          0  2.52e-05   4.6e-06         1
         *R - eigenvalue over the relaxation limit
         *P - eigenvector projection squared on the relaxation subspace
      eigenvector projections:
          L        *Q        *P     REACS
          0  8.75e-07   4.6e-06         1
         *Z       ---       ---  6.73e+19
         *Q - eigenvalue over the collision frequency
         *P - eigenvector projection squared on the relaxation subspace
         *Z - well partition function square root
      isomers-to-bimolecular equilibrium coefficients (kappa matrix):
        W\P    PRODS
      REACS        0
      projection error = 4.6e-06
      Wa->Wb/Wb->Wa rate constants ratios:
      Wb\Wa     REACS
      REACS         1
      W->P/P->W rate constants ratios:
        P\W     REACS
      PRODS         1
   MasterEquation::direct_diagonalization_method:  done, cpu time[sec] = 0.28, elapsed time[sec] = 0
   MasterEquation::direct_diagonalization_method:  starts
      Pressure = 1 atm	 Temperature = 1200 K
      collision frequency = 1.90589e+09 1/sec
      global relaxation matrix dimension = 250
      setting global matrices ... done, cpu time[sec] = 0.05, elapsed time[sec] = 0
      diagonalizing global relaxation matrix ... done, cpu time[sec] = 0.26, elapsed time[sec] = 0
      minimal relaxation eigenvalue / collision frequency = 0.0342816
      maximal relaxation eigenvalue / collision frequency = 3.74793
      microscopic rate coefficients (at reference energy) over collision frequency:
       REACS->PRODS
            2.83374
      eigenvector populations normalized:
          L        *R        *P     REACS
          0  4.34e-06  4.25e-07         1
         *R - eigenvalue over the relaxation limit
         *P - eigenvector projection squared on the relaxation subspace
      eigenvector projections:
          L        *Q        *P     REACS
          0  1.49e-07  4.25e-07         1
         *Z       ---       ---  6.73e+19
         *Q - eigenvalue over the collision frequency
         *P - eigenvector projection squared on the relaxation subspace
         *Z - well partition function square root
      isomers-to-bimolecular equilibrium coefficients (kappa matrix):
        W\P    PRODS
      REACS        0
      projection error = 4.2e-07
      Wa->Wb/Wb->Wa rate constants ratios:
      Wb\Wa     REACS
      REACS         1
      W->P/P->W rate constants ratios:
        P\W     REACS
      PRODS         1
   MasterEquation::direct_diagonalization_method:  done, cpu time[sec] = 0.33, elapsed time[sec] = 0
   MasterEquation::direct_diagonalization_method:  starts
      Pressure = 10 atm	 Temperature = 1200 K
      collision frequency = 1.90589e+10 1/sec
      global relaxation matrix dimension = 250
      setting global matrices ... done, cpu time[sec] = 0.05, elapsed time[sec] = 0
      diagonalizing global relaxation matrix ... done, cpu time[sec] = 0.2, elapsed time[sec] = 0
      minimal relaxation eigenvalue / collision frequency = 0.0341296
      maximal relaxation eigenvalue / collision frequency = 1.25007
      microscopic rate coefficients (at reference energy) over collision frequency:
       REACS->PRODS
           0.283374
      eigenvector populations normalized:
          L        *R        *P     REACS
          0  5.62e-07  2.03e-08         1
         *R - eigenvalue over the relaxation limit
         *P - eigenvector projection squared on the relaxation subspace
      eigenvector projections:
          L        *Q        *P     REACS
          0  1.92e-08  2.03e-08         1
         *Z       ---       ---  6.73e+19
         *Q - eigenvalue over the collision frequency
         *P - eigenvector projection squared on the relaxation subspace
         *Z - well partition function square root
      isomers-to-bimolecular equilibrium coefficients (kappa matrix):
        W\P    PRODS
      REACS        0
      projection error = 2e-08
      Wa->Wb/Wb->Wa rate constants ratios:
      Wb\Wa     REACS
      REACS         1
      W->P/P->W rate constants ratios:
        P\W     REACS
      PRODS         1
   MasterEquation::direct_diagonalization_method:  done, cpu time[sec] = 0.28, elapsed time[sec] = 0
   MasterEquation::direct_diagonalization_method:  starts
      Pressure = 1000 atm	 Temperature = 1200 K
      collision frequency = 1.90589e+12 1/sec
      global relaxation matrix dimension = 250
      setting global matrices ... done, cpu time[sec] = 0.04, elapsed time[sec] = 0
      diagonalizing global relaxation matrix ... done, cpu time[sec] = 0.18, elapsed time[sec] = 0
      minimal relaxation eigenvalue / collision frequency = 0.0340846
      maximal relaxation eigenvalue / collision frequency = 0.990102
      microscopic rate coefficients (at reference energy) over collision frequency:
       REACS->PRODS
         0.00283374
      some eigenvalues are too small: using low eigenvalue method
      low eigenvalue method starts
         MasterEquation::low_eigenvalue_matrix:  starts
            setting up kinetic matrices ... done, cpu time[sec] = 4.06, elapsed time[sec] = 1
            inverting kinetic matrices ... done, cpu time[sec] = 0.05, elapsed time[sec] = 0
         MasterEquation::low_eigenvalue_matrix:  done, cpu time[sec] = 4.11, elapsed time[sec] = 1
         direct-diagonalization(DD)-versus-low-eigenvalue(LE) eigenvalues
             L      DD eval      LE eval     LE proj
             0  6.14094e-09  6.14094e-09  4.80233e-12
      low eigenvalue method done, cpu time[sec] = 4.11, elapsed time[sec] = 1
      eigenvector populations normalized:
          L        *R        *P     REACS
          0  6.14e-09   4.8e-12         1
         *R - eigenvalue over the relaxation limit
         *P - eigenvector projection squared on the relaxation subspace
      eigenvector projections:
          L        *Q        *P     REACS
          0  2.09e-10   4.8e-12         1
         *Z       ---       ---  6.73e+19
         *Q - eigenvalue over the collision frequency
         *P - eigenvector projection squared on the relaxation subspace
         *Z - well partition function square root
      isomers-to-bimolecular equilibrium coefficients (kappa matrix):
        W\P    PRODS
      REACS        0
      projection error = 4.8e-12
      Wa->Wb/Wb->Wa rate constants ratios:
      Wb\Wa     REACS
      REACS         1
      W->P/P->W rate constants ratios:
        P\W     REACS
      PRODS         1
   MasterEquation::direct_diagonalization_method:  done, cpu time[sec] = 4.35, elapsed time[sec] = 1
   MasterEquation::set:  starts
      Temperature      = 1300 K
      Collision rate   = 3.20484e-10cm^3/sec
      Energy reference = 50694 1/cm
      Energy step      = 181 1/cm
      setting wells, barriers, and bimolecular starts
         REACS Well: density of states done, elapsed time[sec] = 0
         REACS Well: collisional energy transfer kernel done, elapsed time[sec] = 0.04
         REACS Well: relaxation modes basis done, elapsed time[sec] = 0.04
         REACS Well: kernel in relaxation modes basis done, elapsed time[sec] = 0.21
         REACS Well: relaxation eigenvalues done, elapsed time[sec] = 0.05
         REACS Well: minimal relaxation eigenvalue = 0.031434
         REACS Well: maximal relaxation eigenvalue = 0.991859
         REACS Well:       grid size = 250
         REACS Well:      real depth = 0 1/cm
         REACS Well: effective depth = 5443 1/cm
         TS Barrier:        grid size = 150
         TS Barrier:      real height = 23587 1/cm
         TS Barrier: effective height = 23543 1/cm
      setting wells, barriers, and bimolecular done, cpu time[sec] = 0.35, elapsed time[sec] = 0
      Bound Species (D1/D2 - density of states at dissociation energy (DE)/reference energy):
       Name  Depth     DE      *D1      *D2
              1/cm   1/cm       cm       cm
      REACS   5444  23544 7.76e+17 1.64e+24
      Well-to-Bimolecular Barriers (N - number of states at the reference energy):
       Name Height       *N
              1/cm         
         TS  23544 5.44e+23
      Effective equilibrium constants(bimolecular units - cm^3):
        Q/Q     REACS     PRODS
      REACS         1  3.03e-11
      PRODS   3.3e+10         1
      Real equilibrium constants(bimolecular units - cm^3):
        Q/Q     REACS     PRODS
      REACS         1  2.57e-14
      PRODS  3.88e+13         1
   MasterEquation::set:  done, cpu time[sec] = 0.35, elapsed time[sec] = 0
   MasterEquation::direct_diagonalization_method:  starts
      Pressure = 0.1 atm	 Temperature = 1300 K
      collision frequency = 1.80907e+08 1/sec
      global relaxation matrix dimension = 250
      setting global matrices ... done, cpu time[sec] = 0.05, elapsed time[sec] = 0
      diagonalizing global relaxation matrix ... done, cpu time[sec] = 0.2, elapsed time[sec] = 0
      minimal relaxation eigenvalue / collision frequency = 0.0327269
      maximal relaxation eigenvalue / collision frequency = 55.8474
      microscopic rate coefficients (at reference energy) over collision frequency:
       REACS->PRODS
            55.0184
      eigenvector populations normalized:
          L        *R        *P     REACS
          0  0.000176  4.25e-05         1
         *R - eigenvalue over the relaxation limit
         *P - eigenvector projection squared on the relaxation subspace
      eigenvector projections:
          L        *Q        *P     REACS
          0  5.77e-06  4.25e-05         1
         *Z       ---       ---  4.01e+19
         *Q - eigenvalue over the collision frequency
         *P - eigenvector projection squared on the relaxation subspace
         *Z - well partition function square root
      isomers-to-bimolecular equilibrium coefficients (kappa matrix):
        W\P    PRODS
      REACS        0
      projection error = 4.2e-05
      Wa->Wb/Wb->Wa rate constants ratios:
      Wb\Wa     REACS
      REACS         1
      W->P/P->W rate constants ratios:
        P\W     REACS
      PRODS         1
   MasterEquation::direct_diagonalization_method:  done, cpu time[sec] = 0.27, elapsed time[sec] = 0
   MasterEquation::direct_diagonalization_method:  starts
      Pressure = 1 atm	 Temperature = 1300 K
      collision frequency = 1.80907e+09 1/sec
      global relaxation matrix dimension = 250
      setting global matrices ... done, cpu time[sec] = 0.04, elapsed time[sec] = 0
      diagonalizing global relaxation matrix ... done, cpu time[sec] = 0.19, elapsed time[sec] = 0
      minimal relaxation eigenvalue / collision frequency = 0.0319275
      maximal relaxation eigenvalue / collision frequency = 6.38951
      microscopic rate coefficients (at reference energy) over collision frequency:
       REACS->PRODS
            5.50184
      eigenvector populations normalized:
          L        *R        *P     REACS
          0  3.64e-05  5.13e-06         1
         *R - eigenvalue over the relaxation limit
         *P - eigenvector projection squared on the relaxation subspace
      eigenvector projections:
          L        *Q        *P     REACS
          0  1.16e-06  5.13e-06        -1
         *Z       ---       ---  4.01e+19
         *Q - eigenvalue over the collision frequency
         *P - eigenvector projection squared on the relaxation subspace
         *Z - well partition function square root
      isomers-to-bimolecular equilibrium coefficients (kappa matrix):
        W\P    PRODS
      REACS        0
      projection error = 5.1e-06
      Wa->Wb/Wb->Wa rate constants ratios:
      Wb\Wa     REACS
      REACS         1
      W->P/P->W rate constants ratios:
        P\W     REACS
      PRODS         1
   MasterEquation::direct_diagonalization_method:  done, cpu time[sec] = 0.26, elapsed time[sec] = 0
   MasterEquation::direct_diagonalization_method:  starts
      Pressure = 10 atm	 Temperature = 1300 K
      collision frequency = 1.80907e+10 1/sec
      global relaxation matrix dimension = 250
      setting global matrices ... done, cpu time[sec] = 0.04, elapsed time[sec] = 0
      diagonalizing global relaxation matrix ... done, cpu time[sec] = 0.2, elapsed time[sec] = 0
      minimal relaxation eigenvalue / collision frequency = 0.0315688
      maximal relaxation eigenvalue / collision frequency = 1.50779
      microscopic rate coefficients (at reference energy) over collision frequency:
       REACS->PRODS
           0.550184
      eigenvector populations normalized:
          L        *R        *P     REACS
          0  5.38e-06  3.31e-07         1
         *R - eigenvalue over the relaxation limit
         *P - eigenvector projection squared on the relaxation subspace
      eigenvector projections:
          L        *Q        *P     REACS
          0   1.7e-07  3.31e-07         1
         *Z       ---       ---  4.01e+19
         *Q - eigenvalue over the collision frequency
         *P - eigenvector projection squared on the relaxation subspace
         *Z - well partition function square root
      isomers-to-bimolecular equilibrium coefficients (kappa matrix):
        W\P    PRODS
      REACS        0
      projection error = 3.3e-07
      Wa->Wb/Wb->Wa rate constants ratios:
      Wb\Wa     REACS
      REACS         1
      W->P/P->W rate constants ratios:
        P\W     REACS
      PRODS         1
   MasterEquation::direct_diagonalization_method:  done, cpu time[sec] = 0.26, elapsed time[sec] = 0
   MasterEquation::direct_diagonalization_method:  starts
      Pressure = 1000 atm	 Temperature = 1300 K
      collision frequency = 1.80907e+12 1/sec
      global relaxation matrix dimension = 250
      setting global matrices ... done, cpu time[sec] = 0.04, elapsed time[sec] = 0
      diagonalizing global relaxation matrix ... done, cpu time[sec] = 0.2, elapsed time[sec] = 0
      minimal relaxation eigenvalue / collision frequency = 0.0314368
      maximal relaxation eigenvalue / collision frequency = 0.991859
      microscopic rate coefficients (at reference energy) over collision frequency:
       REACS->PRODS
         0.00550184
      some eigenvalues are too small: using low eigenvalue method
      low eigenvalue method starts
         MasterEquation::low_eigenvalue_matrix:  starts
            setting up kinetic matrices ... done, cpu time[sec] = 3.18, elapsed time[sec] = 0
            inverting kinetic matrices ... done, cpu time[sec] = 0.01, elapsed time[sec] = 0
         MasterEquation::low_eigenvalue_matrix:  done, cpu time[sec] = 3.19, elapsed time[sec] = 0
         direct-diagonalization(DD)-versus-low-eigenvalue(LE) eigenvalues
             L      DD eval      LE eval     LE proj
             0  6.40478e-08  6.40478e-08  1.23304e-10
      low eigenvalue method done, cpu time[sec] = 3.19, elapsed time[sec] = 0
      eigenvector populations normalized:
          L        *R        *P     REACS
          0   6.4e-08  1.23e-10         1
         *R - eigenvalue over the relaxation limit
         *P - eigenvector projection squared on the relaxation subspace
      eigenvector projections:
          L        *Q        *P     REACS
          0  2.01e-09  1.23e-10         1
         *Z       ---       ---  4.01e+19
         *Q - eigenvalue over the collision frequency
         *P - eigenvector projection squared on the relaxation subspace
         *Z - well partition function square root
      isomers-to-bimolecular equilibrium coefficients (kappa matrix):
        W\P    PRODS
      REACS        0
      projection error = 1.2e-10
      Wa->Wb/Wb->Wa rate constants ratios:
      Wb\Wa     REACS
      REACS         1
      W->P/P->W rate constants ratios:
        P\W     REACS
      PRODS         1
   MasterEquation::direct_diagonalization_method:  done, cpu time[sec] = 3.45, elapsed time[sec] = 0
   MasterEquation::set:  starts
      Temperature      = 1400 K
      Collision rate   = 3.28898e-10cm^3/sec
      Energy reference = 52779 1/cm
      Energy step      = 195 1/cm
      setting wells, barriers, and bimolecular starts
         REACS Well: density of states done, elapsed time[sec] = 0
         REACS Well: collisional energy transfer kernel done, elapsed time[sec] = 0.03
         REACS Well: relaxation modes basis done, elapsed time[sec] = 0.04
         REACS Well: kernel in relaxation modes basis done, elapsed time[sec] = 0.21
         REACS Well: relaxation eigenvalues done, elapsed time[sec] = 0.06
         REACS Well: minimal relaxation eigenvalue = 0.0299459
         REACS Well: maximal relaxation eigenvalue = 0.995025
         REACS Well:       grid size = 250
         REACS Well:      real depth = 0 1/cm
         REACS Well: effective depth = 4029 1/cm
         TS Barrier:        grid size = 150
         TS Barrier:      real height = 23587 1/cm
         TS Barrier: effective height = 23529 1/cm
      setting wells, barriers, and bimolecular done, cpu time[sec] = 0.36, elapsed time[sec] = 0
      Bound Species (D1/D2 - density of states at dissociation energy (DE)/reference energy):
       Name  Depth     DE      *D1      *D2
              1/cm   1/cm       cm       cm
      REACS   4030  23530 7.67e+17 3.84e+24
      Well-to-Bimolecular Barriers (N - number of states at the reference energy):
       Name Height       *N
              1/cm         
         TS  23530 2.23e+24
      Effective equilibrium constants(bimolecular units - cm^3):
        Q/Q     REACS     PRODS
      REACS         1  2.97e-12
      PRODS  3.37e+11         1
      Real equilibrium constants(bimolecular units - cm^3):
        Q/Q     REACS     PRODS
      REACS         1  2.66e-15
      PRODS  3.77e+14         1
   MasterEquation::set:  done, cpu time[sec] = 0.36, elapsed time[sec] = 0
   MasterEquation::direct_diagonalization_method:  starts
      Pressure = 0.1 atm	 Temperature = 1400 K
      collision frequency = 1.72395e+08 1/sec
      global relaxation matrix dimension = 250
      setting global matrices ... done, cpu time[sec] = 0.04, elapsed time[sec] = 0
      diagonalizing global relaxation matrix ... done, cpu time[sec] = 0.19, elapsed time[sec] = 0
      minimal relaxation eigenvalue / collision frequency = 0.0326961
      maximal relaxation eigenvalue / collision frequency = 101.954
      microscopic rate coefficients (at reference energy) over collision frequency:
       REACS->PRODS
            101.131
      eigenvector populations normalized:
          L        *R        *P     REACS
          0  0.000864   0.00028         1
         *R - eigenvalue over the relaxation limit
         *P - eigenvector projection squared on the relaxation subspace
      eigenvector projections:
          L        *Q        *P     REACS
          0  2.82e-05   0.00028         1
         *Z       ---       ---  2.64e+19
         *Q - eigenvalue over the collision frequency
         *P - eigenvector projection squared on the relaxation subspace
         *Z - well partition function square root
      isomers-to-bimolecular equilibrium coefficients (kappa matrix):
        W\P    PRODS
      REACS        0
      projection error = 0.00028
      Wa->Wb/Wb->Wa rate constants ratios:
      Wb\Wa     REACS
      REACS         1
      W->P/P->W rate constants ratios:
        P\W     REACS
      PRODS         1
   MasterEquation::direct_diagonalization_method:  done, cpu time[sec] = 0.25, elapsed time[sec] = 0
   MasterEquation::direct_diagonalization_method:  starts
      Pressure = 1 atm	 Temperature = 1400 K
      collision frequency = 1.72395e+09 1/sec
      global relaxation matrix dimension = 250
      setting global matrices ... done, cpu time[sec] = 0.05, elapsed time[sec] = 0
      diagonalizing global relaxation matrix ... done, cpu time[sec] = 0.18, elapsed time[sec] = 0
      minimal relaxation eigenvalue / collision frequency = 0.0311452
      maximal relaxation eigenvalue / collision frequency = 10.977
      microscopic rate coefficients (at reference energy) over collision frequency:
       REACS->PRODS
            10.1131
      eigenvector populations normalized:
          L        *R        *P     REACS
          0  0.000215   4.3e-05         1
         *R - eigenvalue over the relaxation limit
         *P - eigenvector projection squared on the relaxation subspace
      eigenvector projections:
          L        *Q        *P     REACS
          0  6.71e-06   4.3e-05         1
         *Z       ---       ---  2.64e+19
         *Q - eigenvalue over the collision frequency
         *P - eigenvector projection squared on the relaxation subspace
         *Z - well partition function square root
      isomers-to-bimolecular equilibrium coefficients (kappa matrix):
        W\P    PRODS
      REACS        0
      projection error = 4.3e-05
      Wa->Wb/Wb->Wa rate constants ratios:
      Wb\Wa     REACS
      REACS         1
      W->P/P->W rate constants ratios:
        P\W     REACS
      PRODS         1
   MasterEquation::direct_diagonalization_method:  done, cpu time[sec] = 0.26, elapsed time[sec] = 0
   MasterEquation::direct_diagonalization_method:  starts
      Pressure = 10 atm	 Temperature = 1400 K
      collision frequency = 1.72395e+10 1/sec
      global relaxation matrix dimension = 250
      setting global matrices ... done, cpu time[sec] = 0.05, elapsed time[sec] = 0
      diagonalizing global relaxation matrix ... done, cpu time[sec] = 0.17, elapsed time[sec] = 0
      minimal relaxation eigenvalue / collision frequency = 0.0303342
      maximal relaxation eigenvalue / collision frequency = 1.95678
      microscopic rate coefficients (at reference energy) over collision frequency:
       REACS->PRODS
            1.01131
      eigenvector populations normalized:
          L        *R        *P     REACS
          0  3.74e-05  3.64e-06         1
         *R - eigenvalue over the relaxation limit
         *P - eigenvector projection squared on the relaxation subspace
      eigenvector projections:
          L        *Q        *P     REACS
          0  1.14e-06  3.64e-06        -1
         *Z       ---       ---  2.64e+19
         *Q - eigenvalue over the collision frequency
         *P - eigenvector projection squared on the relaxation subspace
         *Z - well partition function square root
      isomers-to-bimolecular equilibrium coefficients (kappa matrix):
        W\P    PRODS
      REACS        0
      projection error = 3.6e-06
      Wa->Wb/Wb->Wa rate constants ratios:
      Wb\Wa     REACS
      REACS         1
      W->P/P->W rate constants ratios:
        P\W     REACS
      PRODS         1
   MasterEquation::direct_diagonalization_method:  done, cpu time[sec] = 0.25, elapsed time[sec] = 0
   MasterEquation::direct_diagonalization_method:  starts
      Pressure = 1000 atm	 Temperature = 1400 K
      collision frequency = 1.72395e+12 1/sec
      global relaxation matrix dimension = 250
      setting global matrices ... done, cpu time[sec] = 0.04, elapsed time[sec] = 0
      diagonalizing global relaxation matrix ... done, cpu time[sec] = 0.22, elapsed time[sec] = 0
      minimal relaxation eigenvalue / collision frequency = 0.0299571
      maximal relaxation eigenvalue / collision frequency = 0.995025
      microscopic rate coefficients (at reference energy) over collision frequency:
       REACS->PRODS
          0.0101131
      eigenvector populations normalized:
          L        *R        *P     REACS
          0  5.06e-07  2.26e-09         1
         *R - eigenvalue over the relaxation limit
         *P - eigenvector projection squared on the relaxation subspace
      eigenvector projections:
          L        *Q        *P     REACS
          0  1.52e-08  2.26e-09         1
         *Z       ---       ---  2.64e+19
         *Q - eigenvalue over the collision frequency
         *P - eigenvector projection squared on the relaxation subspace
         *Z - well partition function square root
      isomers-to-bimolecular equilibrium coefficients (kappa matrix):
        W\P    PRODS
      REACS        0
      projection error = 2.3e-09
      Wa->Wb/Wb->Wa rate constants ratios:
      Wb\Wa     REACS
      REACS         1
      W->P/P->W rate constants ratios:
        P\W     REACS
      PRODS         1
   MasterEquation::direct_diagonalization_method:  done, cpu time[sec] = 0.28, elapsed time[sec] = 0
   MasterEquation::set:  starts
      Temperature      = 1500 K
      Collision rate   = 3.36944e-10cm^3/sec
      Energy reference = 54865 1/cm
      Energy step      = 209 1/cm
      setting wells, barriers, and bimolecular starts
         REACS Well: density of states done, elapsed time[sec] = 0
         REACS Well: cannot satisfy the constant collision frequency at energy = 3451 1/cm, truncating the well
         REACS Well: cannot satisfy the constant collision frequency at energy = 3660 1/cm, truncating the well
         REACS Well: collisional energy transfer kernel done, elapsed time[sec] = 0.11
         REACS Well: relaxation modes basis done, elapsed time[sec] = 0.03
         REACS Well: kernel in relaxation modes basis done, elapsed time[sec] = 0.2
         REACS Well: relaxation eigenvalues done, elapsed time[sec] = 0.06
         REACS Well: minimal relaxation eigenvalue = 0.0289275
         REACS Well: maximal relaxation eigenvalue = 1.01117
         REACS Well:       grid size = 245
         REACS Well:      real depth = 0 1/cm
         REACS Well: effective depth = 3660 1/cm
         TS Barrier:        grid size = 150
         TS Barrier:      real height = 23587 1/cm
         TS Barrier: effective height = 23515 1/cm
      setting wells, barriers, and bimolecular done, cpu time[sec] = 0.4, elapsed time[sec] = 0
      Bound Species (D1/D2 - density of states at dissociation energy (DE)/reference energy):
       Name  Depth     DE      *D1      *D2
              1/cm   1/cm       cm       cm
      REACS   3661  23515  7.6e+17 8.78e+24
      Well-to-Bimolecular Barriers (N - number of states at the reference energy):
       Name Height       *N
              1/cm         
         TS  23515 8.57e+24
      Effective equilibrium constants(bimolecular units - cm^3):
        Q/Q     REACS     PRODS
      REACS         1  3.92e-13
      PRODS  2.55e+12         1
      Real equilibrium constants(bimolecular units - cm^3):
        Q/Q     REACS     PRODS
      REACS         1  3.75e-16
      PRODS  2.67e+15         1
   MasterEquation::set:  done, cpu time[sec] = 0.4, elapsed time[sec] = 0
   MasterEquation::direct_diagonalization_method:  starts
      Pressure = 0.1 atm	 Temperature = 1500 K
      collision frequency = 1.64839e+08 1/sec
      global relaxation matrix dimension = 245
      setting global matrices ... done, cpu time[sec] = 0.04, elapsed time[sec] = 0
      diagonalizing global relaxation matrix ... done, cpu time[sec] = 0.18, elapsed time[sec] = 0
      minimal relaxation eigenvalue / collision frequency = 0.0341949
      maximal relaxation eigenvalue / collision frequency = 178.148
      microscopic rate coefficients (at reference energy) over collision frequency:
       REACS->PRODS
             177.33
      eigenvector populations normalized:
          L        *R        *P     REACS
          0   0.00303   0.00133         1
         *R - eigenvalue over the relaxation limit
         *P - eigenvector projection squared on the relaxation subspace
      eigenvector projections:
          L        *Q        *P     REACS
          0  0.000104   0.00133    -0.999
         *Z       ---       ---  1.92e+19
         *Q - eigenvalue over the collision frequency
         *P - eigenvector projection squared on the relaxation subspace
         *Z - well partition function square root
      isomers-to-bimolecular equilibrium coefficients (kappa matrix):
        W\P    PRODS
      REACS        0
      projection error = 0.0013
      Wa->Wb/Wb->Wa rate constants ratios:
      Wb\Wa     REACS
      REACS         1
      W->P/P->W rate constants ratios:
        P\W     REACS
      PRODS         1
   MasterEquation::direct_diagonalization_method:  done, cpu time[sec] = 0.24, elapsed time[sec] = 0
   MasterEquation::direct_diagonalization_method:  starts
      Pressure = 1 atm	 Temperature = 1500 K
      collision frequency = 1.64839e+09 1/sec
      global relaxation matrix dimension = 245
      setting global matrices ... done, cpu time[sec] = 0.04, elapsed time[sec] = 0
      diagonalizing global relaxation matrix ... done, cpu time[sec] = 0.19, elapsed time[sec] = 0
      minimal relaxation eigenvalue / collision frequency = 0.0314888
      maximal relaxation eigenvalue / collision frequency = 18.5788
      microscopic rate coefficients (at reference energy) over collision frequency:
       REACS->PRODS
             17.733
      eigenvector populations normalized:
          L        *R        *P     REACS
          0  0.000918  0.000255         1
         *R - eigenvalue over the relaxation limit
         *P - eigenvector projection squared on the relaxation subspace
      eigenvector projections:
          L        *Q        *P     REACS
          0  2.89e-05  0.000255        -1
         *Z       ---       ---  1.92e+19
         *Q - eigenvalue over the collision frequency
         *P - eigenvector projection squared on the relaxation subspace
         *Z - well partition function square root
      isomers-to-bimolecular equilibrium coefficients (kappa matrix):
        W\P    PRODS
      REACS        0
      projection error = 0.00026
      Wa->Wb/Wb->Wa rate constants ratios:
      Wb\Wa     REACS
      REACS         1
      W->P/P->W rate constants ratios:
        P\W     REACS
      PRODS         1
   MasterEquation::direct_diagonalization_method:  done, cpu time[sec] = 0.25, elapsed time[sec] = 0
   MasterEquation::direct_diagonalization_method:  starts
      Pressure = 10 atm	 Temperature = 1500 K
      collision frequency = 1.64839e+10 1/sec
      global relaxation matrix dimension = 245
      setting global matrices ... done, cpu time[sec] = 0.04, elapsed time[sec] = 0
      diagonalizing global relaxation matrix ... done, cpu time[sec] = 0.21, elapsed time[sec] = 0
      minimal relaxation eigenvalue / collision frequency = 0.0298887
      maximal relaxation eigenvalue / collision frequency = 2.70331
      microscopic rate coefficients (at reference energy) over collision frequency:
       REACS->PRODS
             1.7733
      eigenvector populations normalized:
          L        *R        *P     REACS
          0  0.000191  2.79e-05         1
         *R - eigenvalue over the relaxation limit
         *P - eigenvector projection squared on the relaxation subspace
      eigenvector projections:
          L        *Q        *P     REACS
          0   5.7e-06  2.79e-05         1
         *Z       ---       ---  1.92e+19
         *Q - eigenvalue over the collision frequency
         *P - eigenvector projection squared on the relaxation subspace
         *Z - well partition function square root
      isomers-to-bimolecular equilibrium coefficients (kappa matrix):
        W\P    PRODS
      REACS        0
      projection error = 2.8e-05
      Wa->Wb/Wb->Wa rate constants ratios:
      Wb\Wa     REACS
      REACS         1
      W->P/P->W rate constants ratios:
        P\W     REACS
      PRODS         1
   MasterEquation::direct_diagonalization_method:  done, cpu time[sec] = 0.27, elapsed time[sec] = 0
   MasterEquation::direct_diagonalization_method:  starts
      Pressure = 1000 atm	 Temperature = 1500 K
      collision frequency = 1.64839e+12 1/sec
      global relaxation matrix dimension = 245
      setting global matrices ... done, cpu time[sec] = 0.04, elapsed time[sec] = 0
      diagonalizing global relaxation matrix ... done, cpu time[sec] = 0.17, elapsed time[sec] = 0
      minimal relaxation eigenvalue / collision frequency = 0.0289665
      maximal relaxation eigenvalue / collision frequency = 1.01117
      microscopic rate coefficients (at reference energy) over collision frequency:
       REACS->PRODS
           0.017733
      eigenvector populations normalized:
          L        *R        *P     REACS
          0  3.08e-06  2.96e-08         1
         *R - eigenvalue over the relaxation limit
         *P - eigenvector projection squared on the relaxation subspace
      eigenvector projections:
          L        *Q        *P     REACS
          0  8.93e-08  2.96e-08         1
         *Z       ---       ---  1.92e+19
         *Q - eigenvalue over the collision frequency
         *P - eigenvector projection squared on the relaxation subspace
         *Z - well partition function square root
      isomers-to-bimolecular equilibrium coefficients (kappa matrix):
        W\P    PRODS
      REACS        0
      projection error = 3e-08
      Wa->Wb/Wb->Wa rate constants ratios:
      Wb\Wa     REACS
      REACS         1
      W->P/P->W rate constants ratios:
        P\W     REACS
      PRODS         1
   MasterEquation::direct_diagonalization_method:  done, cpu time[sec] = 0.23, elapsed time[sec] = 0
   MasterEquation::set:  starts
      Temperature      = 1600 K
      Collision rate   = 3.44658e-10cm^3/sec
      Energy reference = 56950 1/cm
      Energy step      = 222 1/cm
      setting wells, barriers, and bimolecular starts
         REACS Well: density of states done, elapsed time[sec] = 0
         REACS Well: cannot satisfy the constant collision frequency at energy = 3892 1/cm, truncating the well
         REACS Well: cannot satisfy the constant collision frequency at energy = 4114 1/cm, truncating the well
         REACS Well: collisional energy transfer kernel done, elapsed time[sec] = 0.11
         REACS Well: relaxation modes basis done, elapsed time[sec] = 0.03
         REACS Well: kernel in relaxation modes basis done, elapsed time[sec] = 0.19
         REACS Well: relaxation eigenvalues done, elapsed time[sec] = 0.05
         REACS Well: minimal relaxation eigenvalue = 0.0280722
         REACS Well: maximal relaxation eigenvalue = 1.01242
         REACS Well:       grid size = 238
         REACS Well:      real depth = 0 1/cm
         REACS Well: effective depth = 4114 1/cm
         TS Barrier:        grid size = 151
         TS Barrier:      real height = 23587 1/cm
         TS Barrier: effective height = 23428 1/cm
      setting wells, barriers, and bimolecular done, cpu time[sec] = 0.38, elapsed time[sec] = 0
      Bound Species (D1/D2 - density of states at dissociation energy (DE)/reference energy):
       Name  Depth     DE      *D1      *D2
              1/cm   1/cm       cm       cm
      REACS   4115  23429 7.14e+17 1.96e+25
      Well-to-Bimolecular Barriers (N - number of states at the reference energy):
       Name Height       *N
              1/cm         
         TS  23429 3.08e+25
      Effective equilibrium constants(bimolecular units - cm^3):
        Q/Q     REACS     PRODS
      REACS         1  6.72e-14
      PRODS  1.49e+13         1
      Real equilibrium constants(bimolecular units - cm^3):
        Q/Q     REACS     PRODS
      REACS         1  6.82e-17
      PRODS  1.47e+16         1
   MasterEquation::set:  done, cpu time[sec] = 0.38, elapsed time[sec] = 0
   MasterEquation::direct_diagonalization_method:  starts
      Pressure = 0.1 atm	 Temperature = 1600 K
      collision frequency = 1.58074e+08 1/sec
      global relaxation matrix dimension = 238
      setting global matrices ... done, cpu time[sec] = 0.05, elapsed time[sec] = 0
      diagonalizing global relaxation matrix ... done, cpu time[sec] = 0.17, elapsed time[sec] = 0
      minimal relaxation eigenvalue / collision frequency = 0.0370613
      maximal relaxation eigenvalue / collision frequency = 299.067
      microscopic rate coefficients (at reference energy) over collision frequency:
       REACS->PRODS
             298.25
      eigenvector populations normalized:
          L        *R        *P     REACS
          0   0.00803   0.00472         1
         *R - eigenvalue over the relaxation limit
         *P - eigenvector projection squared on the relaxation subspace
      eigenvector projections:
          L        *Q        *P     REACS
          0  0.000298   0.00472     0.998
         *Z       ---       ---  1.53e+19
         *Q - eigenvalue over the collision frequency
         *P - eigenvector projection squared on the relaxation subspace
         *Z - well partition function square root
      isomers-to-bimolecular equilibrium coefficients (kappa matrix):
        W\P    PRODS
      REACS        0
      projection error = 0.0047
      Wa->Wb/Wb->Wa rate constants ratios:
      Wb\Wa     REACS
      REACS         1
      W->P/P->W rate constants ratios:
        P\W     REACS
      PRODS         1
   MasterEquation::direct_diagonalization_method:  done, cpu time[sec] = 0.24, elapsed time[sec] = 0
   MasterEquation::direct_diagonalization_method:  starts
      Pressure = 1 atm	 Temperature = 1600 K
      collision frequency = 1.58074e+09 1/sec
      global relaxation matrix dimension = 238
      setting global matrices ... done, cpu time[sec] = 0.04, elapsed time[sec] = 0
      diagonalizing global relaxation matrix ... done, cpu time[sec] = 0.2, elapsed time[sec] = 0
      minimal relaxation eigenvalue / collision frequency = 0.0328286
      maximal relaxation eigenvalue / collision frequency = 30.659
      microscopic rate coefficients (at reference energy) over collision frequency:
       REACS->PRODS
             29.825
      eigenvector populations normalized:
          L        *R        *P     REACS
          0   0.00293   0.00112         1
         *R - eigenvalue over the relaxation limit
         *P - eigenvector projection squared on the relaxation subspace
      eigenvector projections:
          L        *Q        *P     REACS
          0  9.63e-05   0.00112    -0.999
         *Z       ---       ---  1.53e+19
         *Q - eigenvalue over the collision frequency
         *P - eigenvector projection squared on the relaxation subspace
         *Z - well partition function square root
      isomers-to-bimolecular equilibrium coefficients (kappa matrix):
        W\P    PRODS
      REACS        0
      projection error = 0.0011
      Wa->Wb/Wb->Wa rate constants ratios:
      Wb\Wa     REACS
      REACS         1
      W->P/P->W rate constants ratios:
        P\W     REACS
      PRODS         1
   MasterEquation::direct_diagonalization_method:  done, cpu time[sec] = 0.26, elapsed time[sec] = 0
   MasterEquation::direct_diagonalization_method:  starts
      Pressure = 10 atm	 Temperature = 1600 K
      collision frequency = 1.58074e+10 1/sec
      global relaxation matrix dimension = 238
      setting global matrices ... done, cpu time[sec] = 0.04, elapsed time[sec] = 0
      diagonalizing global relaxation matrix ... done, cpu time[sec] = 0.16, elapsed time[sec] = 0
      minimal relaxation eigenvalue / collision frequency = 0.0300827
      maximal relaxation eigenvalue / collision frequency = 3.89473
      microscopic rate coefficients (at reference energy) over collision frequency:
       REACS->PRODS
             2.9825
      eigenvector populations normalized:
          L        *R        *P     REACS
          0  0.000737  0.000155         1
         *R - eigenvalue over the relaxation limit
         *P - eigenvector projection squared on the relaxation subspace
      eigenvector projections:
          L        *Q        *P     REACS
          0  2.22e-05  0.000155        -1
         *Z       ---       ---  1.53e+19
         *Q - eigenvalue over the collision frequency
         *P - eigenvector projection squared on the relaxation subspace
         *Z - well partition function square root
      isomers-to-bimolecular equilibrium coefficients (kappa matrix):
        W\P    PRODS
      REACS        0
      projection error = 0.00016
      Wa->Wb/Wb->Wa rate constants ratios:
      Wb\Wa     REACS
      REACS         1
      W->P/P->W rate constants ratios:
        P\W     REACS
      PRODS         1
   MasterEquation::direct_diagonalization_method:  done, cpu time[sec] = 0.22, elapsed time[sec] = 0
   MasterEquation::direct_diagonalization_method:  starts
      Pressure = 1000 atm	 Temperature = 1600 K
      collision frequency = 1.58074e+12 1/sec
      global relaxation matrix dimension = 238
      setting global matrices ... done, cpu time[sec] = 0.04, elapsed time[sec] = 0
      diagonalizing global relaxation matrix ... done, cpu time[sec] = 0.16, elapsed time[sec] = 0
      minimal relaxation eigenvalue / collision frequency = 0.0281862
      maximal relaxation eigenvalue / collision frequency = 1.01242
      microscopic rate coefficients (at reference energy) over collision frequency:
       REACS->PRODS
           0.029825
      eigenvector populations normalized:
          L        *R        *P     REACS
          0   1.5e-05  2.84e-07         1
         *R - eigenvalue over the relaxation limit
         *P - eigenvector projection squared on the relaxation subspace
      eigenvector projections:
          L        *Q        *P     REACS
          0  4.21e-07  2.84e-07         1
         *Z       ---       ---  1.53e+19
         *Q - eigenvalue over the collision frequency
         *P - eigenvector projection squared on the relaxation subspace
         *Z - well partition function square root
      isomers-to-bimolecular equilibrium coefficients (kappa matrix):
        W\P    PRODS
      REACS        0
      projection error = 2.8e-07
      Wa->Wb/Wb->Wa rate constants ratios:
      Wb\Wa     REACS
      REACS         1
      W->P/P->W rate constants ratios:
        P\W     REACS
      PRODS         1
   MasterEquation::direct_diagonalization_method:  done, cpu time[sec] = 0.23, elapsed time[sec] = 0
   MasterEquation::set:  starts
      Temperature      = 1700 K
      Collision rate   = 3.52069e-10cm^3/sec
      Energy reference = 59035 1/cm
      Energy step      = 236 1/cm
      setting wells, barriers, and bimolecular starts
         REACS Well: density of states done, elapsed time[sec] = 0
         REACS Well: cannot satisfy the constant collision frequency at energy = 4283 1/cm, truncating the well
         REACS Well: cannot satisfy the constant collision frequency at energy = 4519 1/cm, truncating the well
         REACS Well: collisional energy transfer kernel done, elapsed time[sec] = 0.09
         REACS Well: relaxation modes basis done, elapsed time[sec] = 0.04
         REACS Well: kernel in relaxation modes basis done, elapsed time[sec] = 0.17
         REACS Well: relaxation eigenvalues done, elapsed time[sec] = 0.05
         REACS Well: minimal relaxation eigenvalue = 0.0273193
         REACS Well: maximal relaxation eigenvalue = 1.0176
         REACS Well:       grid size = 231
         REACS Well:      real depth = 0 1/cm
         REACS Well: effective depth = 4518 1/cm
         TS Barrier:        grid size = 151
         TS Barrier:      real height = 23587 1/cm
         TS Barrier: effective height = 23398 1/cm
      setting wells, barriers, and bimolecular done, cpu time[sec] = 0.36, elapsed time[sec] = 0
      Bound Species (D1/D2 - density of states at dissociation energy (DE)/reference energy):
       Name  Depth     DE      *D1      *D2
              1/cm   1/cm       cm       cm
      REACS   4519  23399 6.99e+17 4.28e+25
      Well-to-Bimolecular Barriers (N - number of states at the reference energy):
       Name Height       *N
              1/cm         
         TS  23399 1.05e+26
      Effective equilibrium constants(bimolecular units - cm^3):
        Q/Q     REACS     PRODS
      REACS         1  1.42e-14
      PRODS  7.06e+13         1
      Real equilibrium constants(bimolecular units - cm^3):
        Q/Q     REACS     PRODS
      REACS         1  1.53e-17
      PRODS  6.54e+16         1
   MasterEquation::set:  done, cpu time[sec] = 0.36, elapsed time[sec] = 0
   MasterEquation::direct_diagonalization_method:  starts
      Pressure = 0.1 atm	 Temperature = 1700 K
      collision frequency = 1.51975e+08 1/sec
      global relaxation matrix dimension = 231
      setting global matrices ... done, cpu time[sec] = 0.03, elapsed time[sec] = 0
      diagonalizing global relaxation matrix ... done, cpu time[sec] = 0.16, elapsed time[sec] = 0
      minimal relaxation eigenvalue / collision frequency = 0.0413371
      maximal relaxation eigenvalue / collision frequency = 484.477
      microscopic rate coefficients (at reference energy) over collision frequency:
       REACS->PRODS
            483.663
      eigenvector populations normalized:
          L        *R        *P     REACS
          0     0.017    0.0132         1
         *R - eigenvalue over the relaxation limit
         *P - eigenvector projection squared on the relaxation subspace
      eigenvector projections:
          L        *Q        *P     REACS
          0  0.000704    0.0132     0.993
         *Z       ---       ---   1.3e+19
         *Q - eigenvalue over the collision frequency
         *P - eigenvector projection squared on the relaxation subspace
         *Z - well partition function square root
      isomers-to-bimolecular equilibrium coefficients (kappa matrix):
        W\P    PRODS
      REACS        0
      projection error = 0.013
      Wa->Wb/Wb->Wa rate constants ratios:
      Wb\Wa     REACS
      REACS         1
      W->P/P->W rate constants ratios:
        P\W     REACS
      PRODS         1
   MasterEquation::direct_diagonalization_method:  done, cpu time[sec] = 0.21, elapsed time[sec] = 0
   MasterEquation::direct_diagonalization_method:  starts
      Pressure = 1 atm	 Temperature = 1700 K
      collision frequency = 1.51975e+09 1/sec
      global relaxation matrix dimension = 231
      setting global matrices ... done, cpu time[sec] = 0.04, elapsed time[sec] = 0
      diagonalizing global relaxation matrix ... done, cpu time[sec] = 0.19, elapsed time[sec] = 0
      minimal relaxation eigenvalue / collision frequency = 0.035239
      maximal relaxation eigenvalue / collision frequency = 49.1918
      microscopic rate coefficients (at reference energy) over collision frequency:
       REACS->PRODS
            48.3663
      eigenvector populations normalized:
          L        *R        *P     REACS
          0   0.00736   0.00378         1
         *R - eigenvalue over the relaxation limit
         *P - eigenvector projection squared on the relaxation subspace
      eigenvector projections:
          L        *Q        *P     REACS
          0   0.00026   0.00378    -0.998
         *Z       ---       ---   1.3e+19
         *Q - eigenvalue over the collision frequency
         *P - eigenvector projection squared on the relaxation subspace
         *Z - well partition function square root
      isomers-to-bimolecular equilibrium coefficients (kappa matrix):
        W\P    PRODS
      REACS        0
      projection error = 0.0038
      Wa->Wb/Wb->Wa rate constants ratios:
      Wb\Wa     REACS
      REACS         1
      W->P/P->W rate constants ratios:
        P\W     REACS
      PRODS         1
   MasterEquation::direct_diagonalization_method:  done, cpu time[sec] = 0.24, elapsed time[sec] = 0
   MasterEquation::direct_diagonalization_method:  starts
      Pressure = 10 atm	 Temperature = 1700 K
      collision frequency = 1.51975e+10 1/sec
      global relaxation matrix dimension = 231
      setting global matrices ... done, cpu time[sec] = 0.03, elapsed time[sec] = 0
      diagonalizing global relaxation matrix ... done, cpu time[sec] = 0.15, elapsed time[sec] = 0
      minimal relaxation eigenvalue / collision frequency = 0.0309982
      maximal relaxation eigenvalue / collision frequency = 5.72916
      microscopic rate coefficients (at reference energy) over collision frequency:
       REACS->PRODS
            4.83663
      eigenvector populations normalized:
          L        *R        *P     REACS
          0   0.00224  0.000658         1
         *R - eigenvalue over the relaxation limit
         *P - eigenvector projection squared on the relaxation subspace
      eigenvector projections:
          L        *Q        *P     REACS
          0  6.93e-05  0.000658        -1
         *Z       ---       ---   1.3e+19
         *Q - eigenvalue over the collision frequency
         *P - eigenvector projection squared on the relaxation subspace
         *Z - well partition function square root
      isomers-to-bimolecular equilibrium coefficients (kappa matrix):
        W\P    PRODS
      REACS        0
      projection error = 0.00066
      Wa->Wb/Wb->Wa rate constants ratios:
      Wb\Wa     REACS
      REACS         1
      W->P/P->W rate constants ratios:
        P\W     REACS
      PRODS         1
   MasterEquation::direct_diagonalization_method:  done, cpu time[sec] = 0.21, elapsed time[sec] = 0
   MasterEquation::direct_diagonalization_method:  starts
      Pressure = 1000 atm	 Temperature = 1700 K
      collision frequency = 1.51975e+12 1/sec
      global relaxation matrix dimension = 231
      setting global matrices ... done, cpu time[sec] = 0.04, elapsed time[sec] = 0
      diagonalizing global relaxation matrix ... done, cpu time[sec] = 0.16, elapsed time[sec] = 0
      minimal relaxation eigenvalue / collision frequency = 0.027602
      maximal relaxation eigenvalue / collision frequency = 1.02639
      microscopic rate coefficients (at reference energy) over collision frequency:
       REACS->PRODS
          0.0483663
      eigenvector populations normalized:
          L        *R        *P     REACS
          0  5.96e-05  2.07e-06         1
         *R - eigenvalue over the relaxation limit
         *P - eigenvector projection squared on the relaxation subspace
      eigenvector projections:
          L        *Q        *P     REACS
          0  1.65e-06  2.07e-06         1
         *Z       ---       ---   1.3e+19
         *Q - eigenvalue over the collision frequency
         *P - eigenvector projection squared on the relaxation subspace
         *Z - well partition function square root
      isomers-to-bimolecular equilibrium coefficients (kappa matrix):
        W\P    PRODS
      REACS        0
      projection error = 2.1e-06
      Wa->Wb/Wb->Wa rate constants ratios:
      Wb\Wa     REACS
      REACS         1
      W->P/P->W rate constants ratios:
        P\W     REACS
      PRODS         1
   MasterEquation::direct_diagonalization_method:  done, cpu time[sec] = 0.22, elapsed time[sec] = 0
   MasterEquation::set:  starts
      Temperature      = 1800 K
      Collision rate   = 3.59205e-10cm^3/sec
      Energy reference = 61120 1/cm
      Energy step      = 250 1/cm
      setting wells, barriers, and bimolecular starts
         REACS Well: density of states done, elapsed time[sec] = 0
         REACS Well: cannot satisfy the constant collision frequency at energy = 4620 1/cm, truncating the well
         REACS Well: cannot satisfy the constant collision frequency at energy = 5120 1/cm, truncating the well
         REACS Well: collisional energy transfer kernel done, elapsed time[sec] = 0.1
         REACS Well: relaxation modes basis done, elapsed time[sec] = 0.03
         REACS Well: kernel in relaxation modes basis done, elapsed time[sec] = 0.15
         REACS Well: relaxation eigenvalues done, elapsed time[sec] = 0.05
         REACS Well: minimal relaxation eigenvalue = 0.0266509
         REACS Well: maximal relaxation eigenvalue = 1.01174
         REACS Well:       grid size = 224
         REACS Well:      real depth = 0 1/cm
         REACS Well: effective depth = 5119 1/cm
         TS Barrier:        grid size = 151
         TS Barrier:      real height = 23587 1/cm
         TS Barrier: effective height = 23369 1/cm
      setting wells, barriers, and bimolecular done, cpu time[sec] = 0.33, elapsed time[sec] = 0
      Bound Species (D1/D2 - density of states at dissociation energy (DE)/reference energy):
       Name  Depth     DE      *D1      *D2
              1/cm   1/cm       cm       cm
      REACS   5120  23370 6.85e+17 9.13e+25
      Well-to-Bimolecular Barriers (N - number of states at the reference energy):
       Name Height       *N
              1/cm         
         TS  23370 3.39e+26
      Effective equilibrium constants(bimolecular units - cm^3):
        Q/Q     REACS     PRODS
      REACS         1  3.57e-15
      PRODS   2.8e+14         1
      Real equilibrium constants(bimolecular units - cm^3):
        Q/Q     REACS     PRODS
      REACS         1  4.08e-18
      PRODS  2.45e+17         1
   MasterEquation::set:  done, cpu time[sec] = 0.33, elapsed time[sec] = 0
   MasterEquation::direct_diagonalization_method:  starts
      Pressure = 0.1 atm	 Temperature = 1800 K
      collision frequency = 1.46441e+08 1/sec
      global relaxation matrix dimension = 224
      setting global matrices ... done, cpu time[sec] = 0.04, elapsed time[sec] = 0
      diagonalizing global relaxation matrix ... done, cpu time[sec] = 0.12, elapsed time[sec] = 0
      minimal relaxation eigenvalue / collision frequency = 0.0470848
      maximal relaxation eigenvalue / collision frequency = 760.204
      microscopic rate coefficients (at reference energy) over collision frequency:
       REACS->PRODS
            759.393
      eigenvector populations normalized:
          L        *R        *P     REACS
          0    0.0304    0.0301         1
         *R - eigenvalue over the relaxation limit
         *P - eigenvector projection squared on the relaxation subspace
      eigenvector projections:
          L        *Q        *P     REACS
          0   0.00143    0.0301     0.985
         *Z       ---       ---  1.17e+19
         *Q - eigenvalue over the collision frequency
         *P - eigenvector projection squared on the relaxation subspace
         *Z - well partition function square root
      isomers-to-bimolecular equilibrium coefficients (kappa matrix):
        W\P    PRODS
      REACS        0
      projection error = 0.03
      Wa->Wb/Wb->Wa rate constants ratios:
      Wb\Wa     REACS
      REACS         1
      W->P/P->W rate constants ratios:
        P\W     REACS
      PRODS         1
   MasterEquation::direct_diagonalization_method:  done, cpu time[sec] = 0.18, elapsed time[sec] = 0
   MasterEquation::direct_diagonalization_method:  starts
      Pressure = 1 atm	 Temperature = 1800 K
      collision frequency = 1.46441e+09 1/sec
      global relaxation matrix dimension = 224
      setting global matrices ... done, cpu time[sec] = 0.04, elapsed time[sec] = 0
      diagonalizing global relaxation matrix ... done, cpu time[sec] = 0.15, elapsed time[sec] = 0
      minimal relaxation eigenvalue / collision frequency = 0.0388002
      maximal relaxation eigenvalue / collision frequency = 76.7588
      microscopic rate coefficients (at reference energy) over collision frequency:
       REACS->PRODS
            75.9393
      eigenvector populations normalized:
          L        *R        *P     REACS
          0    0.0152    0.0103         1
         *R - eigenvalue over the relaxation limit
         *P - eigenvector projection squared on the relaxation subspace
      eigenvector projections:
          L        *Q        *P     REACS
          0   0.00059    0.0103     0.995
         *Z       ---       ---  1.17e+19
         *Q - eigenvalue over the collision frequency
         *P - eigenvector projection squared on the relaxation subspace
         *Z - well partition function square root
      isomers-to-bimolecular equilibrium coefficients (kappa matrix):
        W\P    PRODS
      REACS        0
      projection error = 0.01
      Wa->Wb/Wb->Wa rate constants ratios:
      Wb\Wa     REACS
      REACS         1
      W->P/P->W rate constants ratios:
        P\W     REACS
      PRODS         1
   MasterEquation::direct_diagonalization_method:  done, cpu time[sec] = 0.21, elapsed time[sec] = 0
   MasterEquation::direct_diagonalization_method:  starts
      Pressure = 10 atm	 Temperature = 1800 K
      collision frequency = 1.46441e+10 1/sec
      global relaxation matrix dimension = 224
      setting global matrices ... done, cpu time[sec] = 0.03, elapsed time[sec] = 0
      diagonalizing global relaxation matrix ... done, cpu time[sec] = 0.13, elapsed time[sec] = 0
      minimal relaxation eigenvalue / collision frequency = 0.032733
      maximal relaxation eigenvalue / collision frequency = 8.46741
      microscopic rate coefficients (at reference energy) over collision frequency:
       REACS->PRODS
            7.59393
      eigenvector populations normalized:
          L        *R        *P     REACS
          0   0.00551   0.00221         1
         *R - eigenvalue over the relaxation limit
         *P - eigenvector projection squared on the relaxation subspace
      eigenvector projections:
          L        *Q        *P     REACS
          0   0.00018   0.00221    -0.999
         *Z       ---       ---  1.17e+19
         *Q - eigenvalue over the collision frequency
         *P - eigenvector projection squared on the relaxation subspace
         *Z - well partition function square root
      isomers-to-bimolecular equilibrium coefficients (kappa matrix):
        W\P    PRODS
      REACS        0
      projection error = 0.0022
      Wa->Wb/Wb->Wa rate constants ratios:
      Wb\Wa     REACS
      REACS         1
      W->P/P->W rate constants ratios:
        P\W     REACS
      PRODS         1
   MasterEquation::direct_diagonalization_method:  done, cpu time[sec] = 0.18, elapsed time[sec] = 0
   MasterEquation::direct_diagonalization_method:  starts
      Pressure = 1000 atm	 Temperature = 1800 K
      collision frequency = 1.46441e+12 1/sec
      global relaxation matrix dimension = 224
      setting global matrices ... done, cpu time[sec] = 0.04, elapsed time[sec] = 0
      diagonalizing global relaxation matrix ... done, cpu time[sec] = 0.14, elapsed time[sec] = 0
      minimal relaxation eigenvalue / collision frequency = 0.0272586
      maximal relaxation eigenvalue / collision frequency = 1.05203
      microscopic rate coefficients (at reference energy) over collision frequency:
       REACS->PRODS
          0.0759393
      eigenvector populations normalized:
          L        *R        *P     REACS
          0    0.0002  1.18e-05         1
         *R - eigenvalue over the relaxation limit
         *P - eigenvector projection squared on the relaxation subspace
      eigenvector projections:
          L        *Q        *P     REACS
          0  5.46e-06  1.18e-05         1
         *Z       ---       ---  1.17e+19
         *Q - eigenvalue over the collision frequency
         *P - eigenvector projection squared on the relaxation subspace
         *Z - well partition function square root
      isomers-to-bimolecular equilibrium coefficients (kappa matrix):
        W\P    PRODS
      REACS        0
      projection error = 1.2e-05
      Wa->Wb/Wb->Wa rate constants ratios:
      Wb\Wa     REACS
      REACS         1
      W->P/P->W rate constants ratios:
        P\W     REACS
      PRODS         1
   MasterEquation::direct_diagonalization_method:  done, cpu time[sec] = 0.2, elapsed time[sec] = 0
   MasterEquation::set:  starts
      Temperature      = 1900 K
      Collision rate   = 3.6609e-10cm^3/sec
      Energy reference = 63205 1/cm
      Energy step      = 264 1/cm
      setting wells, barriers, and bimolecular starts
         REACS Well: density of states done, elapsed time[sec] = 0.01
         REACS Well: cannot satisfy the constant collision frequency at energy = 5125 1/cm, truncating the well
         REACS Well: cannot satisfy the constant collision frequency at energy = 5653 1/cm, truncating the well
         REACS Well: collisional energy transfer kernel done, elapsed time[sec] = 0.09
         REACS Well: relaxation modes basis done, elapsed time[sec] = 0.02
         REACS Well: kernel in relaxation modes basis done, elapsed time[sec] = 0.15
         REACS Well: relaxation eigenvalues done, elapsed time[sec] = 0.05
         REACS Well: minimal relaxation eigenvalue = 0.0260634
         REACS Well: maximal relaxation eigenvalue = 1.0112
         REACS Well:       grid size = 218
         REACS Well:      real depth = 0 1/cm
         REACS Well: effective depth = 5653 1/cm
         TS Barrier:        grid size = 151
         TS Barrier:      real height = 23587 1/cm
         TS Barrier: effective height = 23341 1/cm
      setting wells, barriers, and bimolecular done, cpu time[sec] = 0.32, elapsed time[sec] = 0
      Bound Species (D1/D2 - density of states at dissociation energy (DE)/reference energy):
       Name  Depth     DE      *D1      *D2
              1/cm   1/cm       cm       cm
      REACS   5654  23342  6.7e+17 1.91e+26
      Well-to-Bimolecular Barriers (N - number of states at the reference energy):
       Name Height       *N
              1/cm         
         TS  23342 1.04e+27
      Effective equilibrium constants(bimolecular units - cm^3):
        Q/Q     REACS     PRODS
      REACS         1  1.04e-15
      PRODS  9.58e+14         1
      Real equilibrium constants(bimolecular units - cm^3):
        Q/Q     REACS     PRODS
      REACS         1  1.26e-18
      PRODS  7.94e+17         1
   MasterEquation::set:  done, cpu time[sec] = 0.32, elapsed time[sec] = 0
   MasterEquation::direct_diagonalization_method:  starts
      Pressure = 0.1 atm	 Temperature = 1900 K
      collision frequency = 1.41392e+08 1/sec
      global relaxation matrix dimension = 218
      setting global matrices ... done, cpu time[sec] = 0.04, elapsed time[sec] = 0
      diagonalizing global relaxation matrix ... done, cpu time[sec] = 0.13, elapsed time[sec] = 0
      minimal relaxation eigenvalue / collision frequency = 0.0543561
      maximal relaxation eigenvalue / collision frequency = 1159.24
      microscopic rate coefficients (at reference energy) over collision frequency:
       REACS->PRODS
            1158.43
      eigenvector populations normalized:
          L        *R        *P     REACS
          0    0.0476    0.0585         1
         *R - eigenvalue over the relaxation limit
         *P - eigenvector projection squared on the relaxation subspace
      eigenvector projections:
          L        *Q        *P     REACS
          0   0.00259    0.0585     -0.97
         *Z       ---       ---  1.11e+19
         *Q - eigenvalue over the collision frequency
         *P - eigenvector projection squared on the relaxation subspace
         *Z - well partition function square root
      isomers-to-bimolecular equilibrium coefficients (kappa matrix):
        W\P    PRODS
      REACS    0.059
      projection error = 0.059
      Wa->Wb/Wb->Wa rate constants ratios:
      Wb\Wa     REACS
      REACS         1
      W->P/P->W rate constants ratios:
        P\W     REACS
      PRODS       1.1
   MasterEquation::direct_diagonalization_method:  done, cpu time[sec] = 0.18, elapsed time[sec] = 0
   MasterEquation::direct_diagonalization_method:  starts
      Pressure = 1 atm	 Temperature = 1900 K
      collision frequency = 1.41392e+09 1/sec
      global relaxation matrix dimension = 218
      setting global matrices ... done, cpu time[sec] = 0.03, elapsed time[sec] = 0
      diagonalizing global relaxation matrix ... done, cpu time[sec] = 0.16, elapsed time[sec] = 0
      minimal relaxation eigenvalue / collision frequency = 0.0435722
      maximal relaxation eigenvalue / collision frequency = 116.658
      microscopic rate coefficients (at reference energy) over collision frequency:
       REACS->PRODS
            115.843
      eigenvector populations normalized:
          L        *R        *P     REACS
          0    0.0268    0.0232         1
         *R - eigenvalue over the relaxation limit
         *P - eigenvector projection squared on the relaxation subspace
      eigenvector projections:
          L        *Q        *P     REACS
          0   0.00117    0.0232    -0.988
         *Z       ---       ---  1.11e+19
         *Q - eigenvalue over the collision frequency
         *P - eigenvector projection squared on the relaxation subspace
         *Z - well partition function square root
      isomers-to-bimolecular equilibrium coefficients (kappa matrix):
        W\P    PRODS
      REACS        0
      projection error = 0.023
      Wa->Wb/Wb->Wa rate constants ratios:
      Wb\Wa     REACS
      REACS         1
      W->P/P->W rate constants ratios:
        P\W     REACS
      PRODS         1
   MasterEquation::direct_diagonalization_method:  done, cpu time[sec] = 0.21, elapsed time[sec] = 0
   MasterEquation::direct_diagonalization_method:  starts
      Pressure = 10 atm	 Temperature = 1900 K
      collision frequency = 1.41392e+10 1/sec
      global relaxation matrix dimension = 218
      setting global matrices ... done, cpu time[sec] = 0.04, elapsed time[sec] = 0
      diagonalizing global relaxation matrix ... done, cpu time[sec] = 0.13, elapsed time[sec] = 0
      minimal relaxation eigenvalue / collision frequency = 0.0353657
      maximal relaxation eigenvalue / collision frequency = 12.4411
      microscopic rate coefficients (at reference energy) over collision frequency:
       REACS->PRODS
            11.5843
      eigenvector populations normalized:
          L        *R        *P     REACS
          0    0.0114   0.00606         1
         *R - eigenvalue over the relaxation limit
         *P - eigenvector projection squared on the relaxation subspace
      eigenvector projections:
          L        *Q        *P     REACS
          0  0.000404   0.00606     0.997
         *Z       ---       ---  1.11e+19
         *Q - eigenvalue over the collision frequency
         *P - eigenvector projection squared on the relaxation subspace
         *Z - well partition function square root
      isomers-to-bimolecular equilibrium coefficients (kappa matrix):
        W\P    PRODS
      REACS        0
      projection error = 0.0061
      Wa->Wb/Wb->Wa rate constants ratios:
      Wb\Wa     REACS
      REACS         1
      W->P/P->W rate constants ratios:
        P\W     REACS
      PRODS         1
   MasterEquation::direct_diagonalization_method:  done, cpu time[sec] = 0.18, elapsed time[sec] = 0
   MasterEquation::direct_diagonalization_method:  starts
      Pressure = 1000 atm	 Temperature = 1900 K
      collision frequency = 1.41392e+12 1/sec
      global relaxation matrix dimension = 218
      setting global matrices ... done, cpu time[sec] = 0.03, elapsed time[sec] = 0
      diagonalizing global relaxation matrix ... done, cpu time[sec] = 0.14, elapsed time[sec] = 0
      minimal relaxation eigenvalue / collision frequency = 0.0272218
      maximal relaxation eigenvalue / collision frequency = 1.0896
      microscopic rate coefficients (at reference energy) over collision frequency:
       REACS->PRODS
           0.115843
      eigenvector populations normalized:
          L        *R        *P     REACS
          0  0.000575  5.34e-05         1
         *R - eigenvalue over the relaxation limit
         *P - eigenvector projection squared on the relaxation subspace
      eigenvector projections:
          L        *Q        *P     REACS
          0  1.56e-05  5.34e-05         1
         *Z       ---       ---  1.11e+19
         *Q - eigenvalue over the collision frequency
         *P - eigenvector projection squared on the relaxation subspace
         *Z - well partition function square root
      isomers-to-bimolecular equilibrium coefficients (kappa matrix):
        W\P    PRODS
      REACS        0
      projection error = 5.3e-05
      Wa->Wb/Wb->Wa rate constants ratios:
      Wb\Wa     REACS
      REACS         1
      W->P/P->W rate constants ratios:
        P\W     REACS
      PRODS         1
   MasterEquation::direct_diagonalization_method:  done, cpu time[sec] = 0.2, elapsed time[sec] = 0
   MasterEquation::set:  starts
      Temperature      = 2000 K
      Collision rate   = 3.72744e-10cm^3/sec
      Energy reference = 65290 1/cm
      Energy step      = 278 1/cm
      setting wells, barriers, and bimolecular starts
         REACS Well: density of states done, elapsed time[sec] = 0
         REACS Well: cannot satisfy the constant collision frequency at energy = 5798 1/cm, truncating the well
         REACS Well: cannot satisfy the constant collision frequency at energy = 6076 1/cm, truncating the well
         REACS Well: collisional energy transfer kernel done, elapsed time[sec] = 0.08
         REACS Well: relaxation modes basis done, elapsed time[sec] = 0.03
         REACS Well: kernel in relaxation modes basis done, elapsed time[sec] = 0.13
         REACS Well: relaxation eigenvalues done, elapsed time[sec] = 0.05
         REACS Well: minimal relaxation eigenvalue = 0.0255365
         REACS Well: maximal relaxation eigenvalue = 1.01654
         REACS Well:       grid size = 213
         REACS Well:      real depth = 0 1/cm
         REACS Well: effective depth = 6075 1/cm
         TS Barrier:        grid size = 151
         TS Barrier:      real height = 23587 1/cm
         TS Barrier: effective height = 23312 1/cm
      setting wells, barriers, and bimolecular done, cpu time[sec] = 0.3, elapsed time[sec] = 1
      Bound Species (D1/D2 - density of states at dissociation energy (DE)/reference energy):
       Name  Depth     DE      *D1      *D2
              1/cm   1/cm       cm       cm
      REACS   6076  23312 6.57e+17 3.93e+26
      Well-to-Bimolecular Barriers (N - number of states at the reference energy):
       Name Height       *N
              1/cm         
         TS  23312 3.09e+27
      Effective equilibrium constants(bimolecular units - cm^3):
        Q/Q     REACS     PRODS
      REACS         1  3.46e-16
      PRODS  2.89e+15         1
      Real equilibrium constants(bimolecular units - cm^3):
        Q/Q     REACS     PRODS
      REACS         1   4.4e-19
      PRODS  2.27e+18         1
   MasterEquation::set:  done, cpu time[sec] = 0.3, elapsed time[sec] = 1
   MasterEquation::direct_diagonalization_method:  starts
      Pressure = 0.1 atm	 Temperature = 2000 K
      collision frequency = 1.36764e+08 1/sec
      global relaxation matrix dimension = 213
      setting global matrices ... done, cpu time[sec] = 0.03, elapsed time[sec] = 0
      diagonalizing global relaxation matrix ... done, cpu time[sec] = 0.13, elapsed time[sec] = 0
      minimal relaxation eigenvalue / collision frequency = 0.0631547
      maximal relaxation eigenvalue / collision frequency = 1722.85
      microscopic rate coefficients (at reference energy) over collision frequency:
       REACS->PRODS
            1722.04
      eigenvector populations normalized:
          L        *R        *P     REACS
          0    0.0676       0.1         1
         *R - eigenvalue over the relaxation limit
         *P - eigenvector projection squared on the relaxation subspace
      eigenvector projections:
          L        *Q        *P     REACS
          0   0.00427       0.1    -0.949
         *Z       ---       ---  1.09e+19
         *Q - eigenvalue over the collision frequency
         *P - eigenvector projection squared on the relaxation subspace
         *Z - well partition function square root
      isomers-to-bimolecular equilibrium coefficients (kappa matrix):
        W\P    PRODS
      REACS      0.1
      projection error = 0.1
      Wa->Wb/Wb->Wa rate constants ratios:
      Wb\Wa     REACS
      REACS         1
      W->P/P->W rate constants ratios:
        P\W     REACS
      PRODS       1.1
   MasterEquation::direct_diagonalization_method:  done, cpu time[sec] = 0.18, elapsed time[sec] = 0
   MasterEquation::direct_diagonalization_method:  starts
      Pressure = 1 atm	 Temperature = 2000 K
      collision frequency = 1.36764e+09 1/sec
      global relaxation matrix dimension = 213
      setting global matrices ... done, cpu time[sec] = 0.03, elapsed time[sec] = 0
      diagonalizing global relaxation matrix ... done, cpu time[sec] = 0.12, elapsed time[sec] = 0
      minimal relaxation eigenvalue / collision frequency = 0.0495647
      maximal relaxation eigenvalue / collision frequency = 173.016
      microscopic rate coefficients (at reference energy) over collision frequency:
       REACS->PRODS
            172.204
      eigenvector populations normalized:
          L        *R        *P     REACS
          0     0.042    0.0452         1
         *R - eigenvalue over the relaxation limit
         *P - eigenvector projection squared on the relaxation subspace
      eigenvector projections:
          L        *Q        *P     REACS
          0   0.00208    0.0452    -0.977
         *Z       ---       ---  1.09e+19
         *Q - eigenvalue over the collision frequency
         *P - eigenvector projection squared on the relaxation subspace
         *Z - well partition function square root
      isomers-to-bimolecular equilibrium coefficients (kappa matrix):
        W\P    PRODS
      REACS        0
      projection error = 0.045
      Wa->Wb/Wb->Wa rate constants ratios:
      Wb\Wa     REACS
      REACS         1
      W->P/P->W rate constants ratios:
        P\W     REACS
      PRODS         1
   MasterEquation::direct_diagonalization_method:  done, cpu time[sec] = 0.17, elapsed time[sec] = 0
   MasterEquation::direct_diagonalization_method:  starts
      Pressure = 10 atm	 Temperature = 2000 K
      collision frequency = 1.36764e+10 1/sec
      global relaxation matrix dimension = 213
      setting global matrices ... done, cpu time[sec] = 0.03, elapsed time[sec] = 0
      diagonalizing global relaxation matrix ... done, cpu time[sec] = 0.17, elapsed time[sec] = 0
      minimal relaxation eigenvalue / collision frequency = 0.0389231
      maximal relaxation eigenvalue / collision frequency = 18.0638
      microscopic rate coefficients (at reference energy) over collision frequency:
       REACS->PRODS
            17.2204
      eigenvector populations normalized:
          L        *R        *P     REACS
          0    0.0205     0.014         1
         *R - eigenvalue over the relaxation limit
         *P - eigenvector projection squared on the relaxation subspace
      eigenvector projections:
          L        *Q        *P     REACS
          0  0.000797     0.014    -0.993
         *Z       ---       ---  1.09e+19
         *Q - eigenvalue over the collision frequency
         *P - eigenvector projection squared on the relaxation subspace
         *Z - well partition function square root
      isomers-to-bimolecular equilibrium coefficients (kappa matrix):
        W\P    PRODS
      REACS        0
      projection error = 0.014
      Wa->Wb/Wb->Wa rate constants ratios:
      Wb\Wa     REACS
      REACS         1
      W->P/P->W rate constants ratios:
        P\W     REACS
      PRODS         1
   MasterEquation::direct_diagonalization_method:  done, cpu time[sec] = 0.22, elapsed time[sec] = 0
   MasterEquation::direct_diagonalization_method:  starts
      Pressure = 1000 atm	 Temperature = 2000 K
      collision frequency = 1.36764e+12 1/sec
      global relaxation matrix dimension = 213
      setting global matrices ... done, cpu time[sec] = 0.03, elapsed time[sec] = 0
      diagonalizing global relaxation matrix ... done, cpu time[sec] = 0.13, elapsed time[sec] = 0
      minimal relaxation eigenvalue / collision frequency = 0.0275367
      maximal relaxation eigenvalue / collision frequency = 1.14317
      microscopic rate coefficients (at reference energy) over collision frequency:
       REACS->PRODS
           0.172204
      eigenvector populations normalized:
          L        *R        *P     REACS
          0   0.00143  0.000198         1
         *R - eigenvalue over the relaxation limit
         *P - eigenvector projection squared on the relaxation subspace
      eigenvector projections:
          L        *Q        *P     REACS
          0  3.95e-05  0.000198         1
         *Z       ---       ---  1.09e+19
         *Q - eigenvalue over the collision frequency
         *P - eigenvector projection squared on the relaxation subspace
         *Z - well partition function square root
      isomers-to-bimolecular equilibrium coefficients (kappa matrix):
        W\P    PRODS
      REACS        0
      projection error = 0.0002
      Wa->Wb/Wb->Wa rate constants ratios:
      Wb\Wa     REACS
      REACS         1
      W->P/P->W rate constants ratios:
        P\W     REACS
      PRODS         1
   MasterEquation::direct_diagonalization_method:  done, cpu time[sec] = 0.17, elapsed time[sec] = 0
   MasterEquation::set:  starts
      Temperature      = 2100 K
      Collision rate   = 3.79187e-10cm^3/sec
      Energy reference = 67375 1/cm
      Energy step      = 292 1/cm
      setting wells, barriers, and bimolecular starts
         REACS Well: density of states done, elapsed time[sec] = 0
         REACS Well: cannot satisfy the constant collision frequency at energy = 6347 1/cm, truncating the well
         REACS Well: cannot satisfy the constant collision frequency at energy = 6639 1/cm, truncating the well
         REACS Well: collisional energy transfer kernel done, elapsed time[sec] = 0.08
         REACS Well: relaxation modes basis done, elapsed time[sec] = 0.02
         REACS Well: kernel in relaxation modes basis done, elapsed time[sec] = 0.13
         REACS Well: relaxation eigenvalues done, elapsed time[sec] = 0.04
         REACS Well: minimal relaxation eigenvalue = 0.0250766
         REACS Well: maximal relaxation eigenvalue = 1.01553
         REACS Well:       grid size = 208
         REACS Well:      real depth = 0 1/cm
         REACS Well: effective depth = 6639 1/cm
         TS Barrier:        grid size = 150
         TS Barrier:      real height = 23587 1/cm
         TS Barrier: effective height = 23575 1/cm
      setting wells, barriers, and bimolecular done, cpu time[sec] = 0.29, elapsed time[sec] = 0
      Bound Species (D1/D2 - density of states at dissociation energy (DE)/reference energy):
       Name  Depth     DE      *D1      *D2
              1/cm   1/cm       cm       cm
      REACS   6640  23575 7.93e+17 7.93e+26
      Well-to-Bimolecular Barriers (N - number of states at the reference energy):
       Name Height       *N
              1/cm         
         TS  23575 8.76e+27
      Effective equilibrium constants(bimolecular units - cm^3):
        Q/Q     REACS     PRODS
      REACS         1  1.28e-16
      PRODS  7.81e+15         1
      Real equilibrium constants(bimolecular units - cm^3):
        Q/Q     REACS     PRODS
      REACS         1  1.71e-19
      PRODS  5.85e+18         1
   MasterEquation::set:  done, cpu time[sec] = 0.29, elapsed time[sec] = 0
   MasterEquation::direct_diagonalization_method:  starts
      Pressure = 0.1 atm	 Temperature = 2100 K
      collision frequency = 1.32503e+08 1/sec
      global relaxation matrix dimension = 208
      setting global matrices ... done, cpu time[sec] = 0.03, elapsed time[sec] = 0
      diagonalizing global relaxation matrix ... done, cpu time[sec] = 0.12, elapsed time[sec] = 0
      minimal relaxation eigenvalue / collision frequency = 0.0735647
      maximal relaxation eigenvalue / collision frequency = 2501.74
      microscopic rate coefficients (at reference energy) over collision frequency:
       REACS->PRODS
            2500.93
      eigenvector populations normalized:
          L        *R        *P     REACS
          0    0.0892     0.155         1
         *R - eigenvalue over the relaxation limit
         *P - eigenvector projection squared on the relaxation subspace
      eigenvector projections:
          L        *Q        *P     REACS
          0   0.00656     0.155    -0.919
         *Z       ---       ---   1.1e+19
         *Q - eigenvalue over the collision frequency
         *P - eigenvector projection squared on the relaxation subspace
         *Z - well partition function square root
      isomers-to-bimolecular equilibrium coefficients (kappa matrix):
        W\P    PRODS
      REACS     0.16
      projection error = 0.16
      Wa->Wb/Wb->Wa rate constants ratios:
      Wb\Wa     REACS
      REACS         1
      W->P/P->W rate constants ratios:
        P\W     REACS
      PRODS       1.2
   MasterEquation::direct_diagonalization_method:  done, cpu time[sec] = 0.16, elapsed time[sec] = 0
   MasterEquation::direct_diagonalization_method:  starts
      Pressure = 1 atm	 Temperature = 2100 K
      collision frequency = 1.32503e+09 1/sec
      global relaxation matrix dimension = 208
      setting global matrices ... done, cpu time[sec] = 0.04, elapsed time[sec] = 0
      diagonalizing global relaxation matrix ... done, cpu time[sec] = 0.11, elapsed time[sec] = 0
      minimal relaxation eigenvalue / collision frequency = 0.0568388
      maximal relaxation eigenvalue / collision frequency = 250.903
      microscopic rate coefficients (at reference energy) over collision frequency:
       REACS->PRODS
            250.093
      eigenvector populations normalized:
          L        *R        *P     REACS
          0      0.06    0.0781         1
         *R - eigenvalue over the relaxation limit
         *P - eigenvector projection squared on the relaxation subspace
      eigenvector projections:
          L        *Q        *P     REACS
          0   0.00341    0.0781     -0.96
         *Z       ---       ---   1.1e+19
         *Q - eigenvalue over the collision frequency
         *P - eigenvector projection squared on the relaxation subspace
         *Z - well partition function square root
      isomers-to-bimolecular equilibrium coefficients (kappa matrix):
        W\P    PRODS
      REACS    0.078
      projection error = 0.078
      Wa->Wb/Wb->Wa rate constants ratios:
      Wb\Wa     REACS
      REACS         1
      W->P/P->W rate constants ratios:
        P\W     REACS
      PRODS       1.1
   MasterEquation::direct_diagonalization_method:  done, cpu time[sec] = 0.17, elapsed time[sec] = 0
   MasterEquation::direct_diagonalization_method:  starts
      Pressure = 10 atm	 Temperature = 2100 K
      collision frequency = 1.32503e+10 1/sec
      global relaxation matrix dimension = 208
      setting global matrices ... done, cpu time[sec] = 0.03, elapsed time[sec] = 0
      diagonalizing global relaxation matrix ... done, cpu time[sec] = 0.11, elapsed time[sec] = 0
      minimal relaxation eigenvalue / collision frequency = 0.0434579
      maximal relaxation eigenvalue / collision frequency = 25.8422
      microscopic rate coefficients (at reference energy) over collision frequency:
       REACS->PRODS
            25.0093
      eigenvector populations normalized:
          L        *R        *P     REACS
          0    0.0327    0.0282         1
         *R - eigenvalue over the relaxation limit
         *P - eigenvector projection squared on the relaxation subspace
      eigenvector projections:
          L        *Q        *P     REACS
          0   0.00142    0.0282     0.986
         *Z       ---       ---   1.1e+19
         *Q - eigenvalue over the collision frequency
         *P - eigenvector projection squared on the relaxation subspace
         *Z - well partition function square root
      isomers-to-bimolecular equilibrium coefficients (kappa matrix):
        W\P    PRODS
      REACS        0
      projection error = 0.028
      Wa->Wb/Wb->Wa rate constants ratios:
      Wb\Wa     REACS
      REACS         1
      W->P/P->W rate constants ratios:
        P\W     REACS
      PRODS         1
   MasterEquation::direct_diagonalization_method:  done, cpu time[sec] = 0.16, elapsed time[sec] = 0
   MasterEquation::direct_diagonalization_method:  starts
      Pressure = 1000 atm	 Temperature = 2100 K
      collision frequency = 1.32503e+12 1/sec
      global relaxation matrix dimension = 208
      setting global matrices ... done, cpu time[sec] = 0.04, elapsed time[sec] = 0
      diagonalizing global relaxation matrix ... done, cpu time[sec] = 0.17, elapsed time[sec] = 0
      minimal relaxation eigenvalue / collision frequency = 0.0282682
      maximal relaxation eigenvalue / collision frequency = 1.21776
      microscopic rate coefficients (at reference energy) over collision frequency:
       REACS->PRODS
           0.250093
      eigenvector populations normalized:
          L        *R        *P     REACS
          0   0.00314  0.000616         1
         *R - eigenvalue over the relaxation limit
         *P - eigenvector projection squared on the relaxation subspace
      eigenvector projections:
          L        *Q        *P     REACS
          0  8.89e-05  0.000616         1
         *Z       ---       ---   1.1e+19
         *Q - eigenvalue over the collision frequency
         *P - eigenvector projection squared on the relaxation subspace
         *Z - well partition function square root
      isomers-to-bimolecular equilibrium coefficients (kappa matrix):
        W\P    PRODS
      REACS        0
      projection error = 0.00062
      Wa->Wb/Wb->Wa rate constants ratios:
      Wb\Wa     REACS
      REACS         1
      W->P/P->W rate constants ratios:
        P\W     REACS
      PRODS         1
   MasterEquation::direct_diagonalization_method:  done, cpu time[sec] = 0.23, elapsed time[sec] = 0
   MasterEquation::set:  starts
      Temperature      = 2200 K
      Collision rate   = 3.85434e-10cm^3/sec
      Energy reference = 69460 1/cm
      Energy step      = 306 1/cm
      setting wells, barriers, and bimolecular starts
         REACS Well: density of states done, elapsed time[sec] = 0
         REACS Well: cannot satisfy the constant collision frequency at energy = 6730 1/cm, truncating the well
         REACS Well: cannot satisfy the constant collision frequency at energy = 7036 1/cm, truncating the well
         REACS Well: cannot satisfy the constant collision frequency at energy = 7342 1/cm, truncating the well
         REACS Well: collisional energy transfer kernel done, elapsed time[sec] = 0.1
         REACS Well: relaxation modes basis done, elapsed time[sec] = 0.03
         REACS Well: kernel in relaxation modes basis done, elapsed time[sec] = 0.12
         REACS Well: relaxation eigenvalues done, elapsed time[sec] = 0.04
         REACS Well: minimal relaxation eigenvalue = 0.0246713
         REACS Well: maximal relaxation eigenvalue = 1.00954
         REACS Well:       grid size = 203
         REACS Well:      real depth = 0 1/cm
         REACS Well: effective depth = 7341 1/cm
         TS Barrier:        grid size = 150
         TS Barrier:      real height = 23587 1/cm
         TS Barrier: effective height = 23559 1/cm
      setting wells, barriers, and bimolecular done, cpu time[sec] = 0.29, elapsed time[sec] = 0
      Bound Species (D1/D2 - density of states at dissociation energy (DE)/reference energy):
       Name  Depth     DE      *D1      *D2
              1/cm   1/cm       cm       cm
      REACS   7342  23560 7.85e+17 1.57e+27
      Well-to-Bimolecular Barriers (N - number of states at the reference energy):
       Name Height       *N
              1/cm         
         TS  23560  2.4e+28
      Effective equilibrium constants(bimolecular units - cm^3):
        Q/Q     REACS     PRODS
      REACS         1   5.2e-17
      PRODS  1.92e+16         1
      Real equilibrium constants(bimolecular units - cm^3):
        Q/Q     REACS     PRODS
      REACS         1  7.27e-20
      PRODS  1.38e+19         1
   MasterEquation::set:  done, cpu time[sec] = 0.29, elapsed time[sec] = 0
   MasterEquation::direct_diagonalization_method:  starts
      Pressure = 0.1 atm	 Temperature = 2200 K
      collision frequency = 1.28564e+08 1/sec
      global relaxation matrix dimension = 203
      setting global matrices ... done, cpu time[sec] = 0.03, elapsed time[sec] = 0
      diagonalizing global relaxation matrix ... done, cpu time[sec] = 0.12, elapsed time[sec] = 0
      minimal relaxation eigenvalue / collision frequency = 0.0856147
      maximal relaxation eigenvalue / collision frequency = 3557.15
      microscopic rate coefficients (at reference energy) over collision frequency:
       REACS->PRODS
            3556.35
      eigenvector populations normalized:
          L        *R        *P     REACS
          0     0.112     0.221         1
         *R - eigenvalue over the relaxation limit
         *P - eigenvector projection squared on the relaxation subspace
      eigenvector projections:
          L        *Q        *P     REACS
          0   0.00955     0.221    -0.883
         *Z       ---       ---  1.15e+19
         *Q - eigenvalue over the collision frequency
         *P - eigenvector projection squared on the relaxation subspace
         *Z - well partition function square root
      dimension of the chemical subspace = 0
      isomers-to-bimolecular equilibrium coefficients (kappa matrix):
        W\P    PRODS
      REACS        1
   MasterEquation::direct_diagonalization_method:  done, cpu time[sec] = 0.16, elapsed time[sec] = 0
   MasterEquation::direct_diagonalization_method:  starts
      Pressure = 1 atm	 Temperature = 2.2e+03 K
      collision frequency = 1.3e+09 1/sec
      global relaxation matrix dimension = 203
      setting global matrices ... done, cpu time[sec] = 0.02, elapsed time[sec] = 0
      diagonalizing global relaxation matrix ... done, cpu time[sec] = 0.11, elapsed time[sec] = 0
      minimal relaxation eigenvalue / collision frequency = 0.065
      maximal relaxation eigenvalue / collision frequency = 3.6e+02
      microscopic rate coefficients (at reference energy) over collision frequency:
       REACS->PRODS
            3.6e+02
      eigenvector populations normalized:
          L        *R        *P     REACS
          0    0.0798     0.122         1
         *R - eigenvalue over the relaxation limit
         *P - eigenvector projection squared on the relaxation subspace
      eigenvector projections:
          L        *Q        *P     REACS
          0   0.00522     0.122    -0.937
         *Z       ---       ---  1.15e+19
         *Q - eigenvalue over the collision frequency
         *P - eigenvector projection squared on the relaxation subspace
         *Z - well partition function square root
      isomers-to-bimolecular equilibrium coefficients (kappa matrix):
        W\P    PRODS
      REACS     0.12
      projection error = 0.12
      Wa->Wb/Wb->Wa rate constants ratios:
      Wb\Wa     REACS
      REACS         1
      W->P/P->W rate constants ratios:
        P\W     REACS
      PRODS       1.1
   MasterEquation::direct_diagonalization_method:  done, cpu time[sec] = 0.16, elapsed time[sec] = 0
   MasterEquation::direct_diagonalization_method:  starts
      Pressure = 10 atm	 Temperature = 2200 K
      collision frequency = 1.28564e+10 1/sec
      global relaxation matrix dimension = 203
      setting global matrices ... done, cpu time[sec] = 0.04, elapsed time[sec] = 0
      diagonalizing global relaxation matrix ... done, cpu time[sec] = 0.1, elapsed time[sec] = 0
      minimal relaxation eigenvalue / collision frequency = 0.0489827
      maximal relaxation eigenvalue / collision frequency = 36.3884
      microscopic rate coefficients (at reference energy) over collision frequency:
       REACS->PRODS
            35.5635
      eigenvector populations normalized:
          L        *R        *P     REACS
          0    0.0478    0.0503         1
         *R - eigenvalue over the relaxation limit
         *P - eigenvector projection squared on the relaxation subspace
      eigenvector projections:
          L        *Q        *P     REACS
          0   0.00234    0.0503    -0.975
         *Z       ---       ---  1.15e+19
         *Q - eigenvalue over the collision frequency
         *P - eigenvector projection squared on the relaxation subspace
         *Z - well partition function square root
      isomers-to-bimolecular equilibrium coefficients (kappa matrix):
        W\P    PRODS
      REACS     0.05
      projection error = 0.05
      Wa->Wb/Wb->Wa rate constants ratios:
      Wb\Wa     REACS
      REACS         1
      W->P/P->W rate constants ratios:
        P\W     REACS
      PRODS       1.1
   MasterEquation::direct_diagonalization_method:  done, cpu time[sec] = 0.16, elapsed time[sec] = 0
   MasterEquation::direct_diagonalization_method:  starts
      Pressure = 1000 atm	 Temperature = 2200 K
      collision frequency = 1.28564e+12 1/sec
      global relaxation matrix dimension = 203
      setting global matrices ... done, cpu time[sec] = 0.03, elapsed time[sec] = 0
      diagonalizing global relaxation matrix ... done, cpu time[sec] = 0.12, elapsed time[sec] = 0
      minimal relaxation eigenvalue / collision frequency = 0.0294497
      maximal relaxation eigenvalue / collision frequency = 1.31945
      microscopic rate coefficients (at reference energy) over collision frequency:
       REACS->PRODS
           0.355635
      eigenvector populations normalized:
          L        *R        *P     REACS
          0   0.00615   0.00164         1
         *R - eigenvalue over the relaxation limit
         *P - eigenvector projection squared on the relaxation subspace
      eigenvector projections:
          L        *Q        *P     REACS
          0  0.000181   0.00164     0.999
         *Z       ---       ---  1.15e+19
         *Q - eigenvalue over the collision frequency
         *P - eigenvector projection squared on the relaxation subspace
         *Z - well partition function square root
      isomers-to-bimolecular equilibrium coefficients (kappa matrix):
        W\P    PRODS
      REACS        0
      projection error = 0.0016
      Wa->Wb/Wb->Wa rate constants ratios:
      Wb\Wa     REACS
      REACS         1
      W->P/P->W rate constants ratios:
        P\W     REACS
      PRODS         1
   MasterEquation::direct_diagonalization_method:  done, cpu time[sec] = 0.17, elapsed time[sec] = 0
   MasterEquation::set:  starts
      Temperature      = 2300 K
      Collision rate   = 3.91499e-10cm^3/sec
      Energy reference = 71546 1/cm
      Energy step      = 320 1/cm
      setting wells, barriers, and bimolecular starts
         REACS Well: density of states done, elapsed time[sec] = 0
         REACS Well: cannot satisfy the constant collision frequency at energy = 7546 1/cm, truncating the well
         REACS Well: cannot satisfy the constant collision frequency at energy = 7866 1/cm, truncating the well
         REACS Well: collisional energy transfer kernel done, elapsed time[sec] = 0.08
         REACS Well: relaxation modes basis done, elapsed time[sec] = 0.02
         REACS Well: kernel in relaxation modes basis done, elapsed time[sec] = 0.11
         REACS Well: relaxation eigenvalues done, elapsed time[sec] = 0.04
         REACS Well: minimal relaxation eigenvalue = 0.0243082
         REACS Well: maximal relaxation eigenvalue = 1.01123
         REACS Well:       grid size = 199
         REACS Well:      real depth = 0 1/cm
         REACS Well: effective depth = 7865 1/cm
         TS Barrier:        grid size = 150
         TS Barrier:      real height = 23587 1/cm
         TS Barrier: effective height = 23545 1/cm
      setting wells, barriers, and bimolecular done, cpu time[sec] = 0.25, elapsed time[sec] = 0
      Bound Species (D1/D2 - density of states at dissociation energy (DE)/reference energy):
       Name  Depth     DE      *D1      *D2
              1/cm   1/cm       cm       cm
      REACS   7866  23546 7.77e+17 3.07e+27
      Well-to-Bimolecular Barriers (N - number of states at the reference energy):
       Name Height       *N
              1/cm         
         TS  23546 6.34e+28
      Effective equilibrium constants(bimolecular units - cm^3):
        Q/Q     REACS     PRODS
      REACS         1  2.29e-17
      PRODS  4.37e+16         1
      Real equilibrium constants(bimolecular units - cm^3):
        Q/Q     REACS     PRODS
      REACS         1  3.35e-20
      PRODS  2.99e+19         1
   MasterEquation::set:  done, cpu time[sec] = 0.25, elapsed time[sec] = 0
   MasterEquation::direct_diagonalization_method:  starts
      Pressure = 0.1 atm	 Temperature = 2300 K
      collision frequency = 1.24909e+08 1/sec
      global relaxation matrix dimension = 199
      setting global matrices ... done, cpu time[sec] = 0.04, elapsed time[sec] = 0
      diagonalizing global relaxation matrix ... done, cpu time[sec] = 0.11, elapsed time[sec] = 0
      minimal relaxation eigenvalue / collision frequency = 0.0992757
      maximal relaxation eigenvalue / collision frequency = 4962.71
      microscopic rate coefficients (at reference energy) over collision frequency:
       REACS->PRODS
            4961.91
      eigenvector populations normalized:
          L        *R        *P     REACS
          0     0.134     0.295         1
         *R - eigenvalue over the relaxation limit
         *P - eigenvector projection squared on the relaxation subspace
      eigenvector projections:
          L        *Q        *P     REACS
          0    0.0133     0.295     -0.84
         *Z       ---       ---  1.23e+19
         *Q - eigenvalue over the collision frequency
         *P - eigenvector projection squared on the relaxation subspace
         *Z - well partition function square root
      dimension of the chemical subspace = 0
      isomers-to-bimolecular equilibrium coefficients (kappa matrix):
        W\P    PRODS
      REACS        1
   MasterEquation::direct_diagonalization_method:  done, cpu time[sec] = 0.17, elapsed time[sec] = 0
   MasterEquation::direct_diagonalization_method:  starts
      Pressure = 1 atm	 Temperature = 2.3e+03 K
      collision frequency = 1.2e+09 1/sec
      global relaxation matrix dimension = 199
      setting global matrices ... done, cpu time[sec] = 0.02, elapsed time[sec] = 0
      diagonalizing global relaxation matrix ... done, cpu time[sec] = 0.12, elapsed time[sec] = 0
      minimal relaxation eigenvalue / collision frequency = 0.075
      maximal relaxation eigenvalue / collision frequency = 5e+02
      microscopic rate coefficients (at reference energy) over collision frequency:
       REACS->PRODS
              5e+02
      eigenvector populations normalized:
          L        *R        *P     REACS
          0     0.101     0.177         1
         *R - eigenvalue over the relaxation limit
         *P - eigenvector projection squared on the relaxation subspace
      eigenvector projections:
          L        *Q        *P     REACS
          0   0.00757     0.177     0.907
         *Z       ---       ---  1.23e+19
         *Q - eigenvalue over the collision frequency
         *P - eigenvector projection squared on the relaxation subspace
         *Z - well partition function square root
      isomers-to-bimolecular equilibrium coefficients (kappa matrix):
        W\P    PRODS
      REACS     0.18
      projection error = 0.18
      Wa->Wb/Wb->Wa rate constants ratios:
      Wb\Wa     REACS
      REACS         1
      W->P/P->W rate constants ratios:
        P\W     REACS
      PRODS       1.2
   MasterEquation::direct_diagonalization_method:  done, cpu time[sec] = 0.15, elapsed time[sec] = 0
   MasterEquation::direct_diagonalization_method:  starts
      Pressure = 10 atm	 Temperature = 2300 K
      collision frequency = 1.24909e+10 1/sec
      global relaxation matrix dimension = 199
      setting global matrices ... done, cpu time[sec] = 0.02, elapsed time[sec] = 0
      diagonalizing global relaxation matrix ... done, cpu time[sec] = 0.1, elapsed time[sec] = 0
      minimal relaxation eigenvalue / collision frequency = 0.0554891
      maximal relaxation eigenvalue / collision frequency = 50.4379
      microscopic rate coefficients (at reference energy) over collision frequency:
       REACS->PRODS
            49.6191
      eigenvector populations normalized:
          L        *R        *P     REACS
          0    0.0651    0.0815         1
         *R - eigenvalue over the relaxation limit
         *P - eigenvector projection squared on the relaxation subspace
      eigenvector projections:
          L        *Q        *P     REACS
          0   0.00361    0.0815     0.958
         *Z       ---       ---  1.23e+19
         *Q - eigenvalue over the collision frequency
         *P - eigenvector projection squared on the relaxation subspace
         *Z - well partition function square root
      isomers-to-bimolecular equilibrium coefficients (kappa matrix):
        W\P    PRODS
      REACS    0.082
      projection error = 0.082
      Wa->Wb/Wb->Wa rate constants ratios:
      Wb\Wa     REACS
      REACS         1
      W->P/P->W rate constants ratios:
        P\W     REACS
      PRODS       1.1
   MasterEquation::direct_diagonalization_method:  done, cpu time[sec] = 0.15, elapsed time[sec] = 0
   MasterEquation::direct_diagonalization_method:  starts
      Pressure = 1000 atm	 Temperature = 2300 K
      collision frequency = 1.24909e+12 1/sec
      global relaxation matrix dimension = 199
      setting global matrices ... done, cpu time[sec] = 0.03, elapsed time[sec] = 0
      diagonalizing global relaxation matrix ... done, cpu time[sec] = 0.12, elapsed time[sec] = 0
      minimal relaxation eigenvalue / collision frequency = 0.0311
      maximal relaxation eigenvalue / collision frequency = 1.45553
      microscopic rate coefficients (at reference energy) over collision frequency:
       REACS->PRODS
           0.496191
      eigenvector populations normalized:
          L        *R        *P     REACS
          0    0.0109   0.00383         1
         *R - eigenvalue over the relaxation limit
         *P - eigenvector projection squared on the relaxation subspace
      eigenvector projections:
          L        *Q        *P     REACS
          0  0.000339   0.00383     0.998
         *Z       ---       ---  1.23e+19
         *Q - eigenvalue over the collision frequency
         *P - eigenvector projection squared on the relaxation subspace
         *Z - well partition function square root
      isomers-to-bimolecular equilibrium coefficients (kappa matrix):
        W\P    PRODS
      REACS        0
      projection error = 0.0038
      Wa->Wb/Wb->Wa rate constants ratios:
      Wb\Wa     REACS
      REACS         1
      W->P/P->W rate constants ratios:
        P\W     REACS
      PRODS         1
   MasterEquation::direct_diagonalization_method:  done, cpu time[sec] = 0.17, elapsed time[sec] = 0
   MasterEquation::set:  starts
      Temperature      = 2400 K
      Collision rate   = 3.97395e-10cm^3/sec
      Energy reference = 73631 1/cm
      Energy step      = 334 1/cm
      setting wells, barriers, and bimolecular starts
         REACS Well: density of states done, elapsed time[sec] = 0
         REACS Well: cannot satisfy the constant collision frequency at energy = 7833 1/cm, truncating the well
         REACS Well: cannot satisfy the constant collision frequency at energy = 8167 1/cm, truncating the well
         REACS Well: cannot satisfy the constant collision frequency at energy = 8501 1/cm, truncating the well
         REACS Well: collisional energy transfer kernel done, elapsed time[sec] = 0.09
         REACS Well: relaxation modes basis done, elapsed time[sec] = 0.03
         REACS Well: kernel in relaxation modes basis done, elapsed time[sec] = 0.1
         REACS Well: relaxation eigenvalues done, elapsed time[sec] = 0.05
         REACS Well: minimal relaxation eigenvalue = 0.0239964
         REACS Well: maximal relaxation eigenvalue = 1.00948
         REACS Well:       grid size = 195
         REACS Well:      real depth = 0 1/cm
         REACS Well: effective depth = 8501 1/cm
         TS Barrier:        grid size = 150
         TS Barrier:      real height = 23587 1/cm
         TS Barrier: effective height = 23531 1/cm
      setting wells, barriers, and bimolecular done, cpu time[sec] = 0.27, elapsed time[sec] = 0
      Bound Species (D1/D2 - density of states at dissociation energy (DE)/reference energy):
       Name  Depth     DE      *D1      *D2
              1/cm   1/cm       cm       cm
      REACS   8502  23532 7.69e+17  5.9e+27
      Well-to-Bimolecular Barriers (N - number of states at the reference energy):
       Name Height       *N
              1/cm         
         TS  23532 1.63e+29
      Effective equilibrium constants(bimolecular units - cm^3):
        Q/Q     REACS     PRODS
      REACS         1  1.08e-17
      PRODS  9.24e+16         1
      Real equilibrium constants(bimolecular units - cm^3):
        Q/Q     REACS     PRODS
      REACS         1  1.65e-20
      PRODS  6.06e+19         1
   MasterEquation::set:  done, cpu time[sec] = 0.27, elapsed time[sec] = 0
   MasterEquation::direct_diagonalization_method:  starts
      Pressure = 0.1 atm	 Temperature = 2400 K
      collision frequency = 1.21508e+08 1/sec
      global relaxation matrix dimension = 195
      setting global matrices ... done, cpu time[sec] = 0.03, elapsed time[sec] = 0
      diagonalizing global relaxation matrix ... done, cpu time[sec] = 0.13, elapsed time[sec] = 0
      minimal relaxation eigenvalue / collision frequency = 0.114675
      maximal relaxation eigenvalue / collision frequency = 6802.85
      microscopic rate coefficients (at reference energy) over collision frequency:
       REACS->PRODS
            6802.05
      eigenvector populations normalized:
          L        *R        *P     REACS
          0     0.156     0.374         1
         *R - eigenvalue over the relaxation limit
         *P - eigenvector projection squared on the relaxation subspace
      eigenvector projections:
          L        *Q        *P     REACS
          0    0.0179     0.374     0.792
         *Z       ---       ---  1.33e+19
         *Q - eigenvalue over the collision frequency
         *P - eigenvector projection squared on the relaxation subspace
         *Z - well partition function square root
      dimension of the chemical subspace = 0
      isomers-to-bimolecular equilibrium coefficients (kappa matrix):
        W\P    PRODS
      REACS        1
   MasterEquation::direct_diagonalization_method:  done, cpu time[sec] = 0.18, elapsed time[sec] = 0
   MasterEquation::direct_diagonalization_method:  starts
      Pressure = 1 atm	 Temperature = 2.4e+03 K
      collision frequency = 1.2e+09 1/sec
      global relaxation matrix dimension = 195
      setting global matrices ... done, cpu time[sec] = 0.02, elapsed time[sec] = 0
      diagonalizing global relaxation matrix ... done, cpu time[sec] = 0.1, elapsed time[sec] = 0
      minimal relaxation eigenvalue / collision frequency = 0.086
      maximal relaxation eigenvalue / collision frequency = 6.8e+02
      microscopic rate coefficients (at reference energy) over collision frequency:
       REACS->PRODS
            6.8e+02
      eigenvector populations normalized:
          L        *R        *P     REACS
          0     0.122     0.241         1
         *R - eigenvalue over the relaxation limit
         *P - eigenvector projection squared on the relaxation subspace
      eigenvector projections:
          L        *Q        *P     REACS
          0    0.0105     0.241     0.871
         *Z       ---       ---  1.33e+19
         *Q - eigenvalue over the collision frequency
         *P - eigenvector projection squared on the relaxation subspace
         *Z - well partition function square root
      dimension of the chemical subspace = 0
      isomers-to-bimolecular equilibrium coefficients (kappa matrix):
        W\P    PRODS
      REACS        1
   MasterEquation::direct_diagonalization_method:  done, cpu time[sec] = 0.13, elapsed time[sec] = 0
   MasterEquation::direct_diagonalization_method:  starts
      Pressure = 10 atm	 Temperature = 2.4e+03 K
      collision frequency = 1.2e+10 1/sec
      global relaxation matrix dimension = 195
      setting global matrices ... done, cpu time[sec] = 0.02, elapsed time[sec] = 0
      diagonalizing global relaxation matrix ... done, cpu time[sec] = 0.11, elapsed time[sec] = 0
      minimal relaxation eigenvalue / collision frequency = 0.063
      maximal relaxation eigenvalue / collision frequency = 69
      microscopic rate coefficients (at reference energy) over collision frequency:
       REACS->PRODS
                 68
      eigenvector populations normalized:
          L        *R        *P     REACS
          0    0.0837     0.122         1
         *R - eigenvalue over the relaxation limit
         *P - eigenvector projection squared on the relaxation subspace
      eigenvector projections:
          L        *Q        *P     REACS
          0   0.00528     0.122    -0.937
         *Z       ---       ---  1.33e+19
         *Q - eigenvalue over the collision frequency
         *P - eigenvector projection squared on the relaxation subspace
         *Z - well partition function square root
      isomers-to-bimolecular equilibrium coefficients (kappa matrix):
        W\P    PRODS
      REACS     0.12
      projection error = 0.12
      Wa->Wb/Wb->Wa rate constants ratios:
      Wb\Wa     REACS
      REACS         1
      W->P/P->W rate constants ratios:
        P\W     REACS
      PRODS       1.1
   MasterEquation::direct_diagonalization_method:  done, cpu time[sec] = 0.14, elapsed time[sec] = 0
   MasterEquation::direct_diagonalization_method:  starts
      Pressure = 1000 atm	 Temperature = 2400 K
      collision frequency = 1.21508e+12 1/sec
      global relaxation matrix dimension = 195
      setting global matrices ... done, cpu time[sec] = 0.03, elapsed time[sec] = 0
      diagonalizing global relaxation matrix ... done, cpu time[sec] = 0.11, elapsed time[sec] = 0
      minimal relaxation eigenvalue / collision frequency = 0.0332573
      maximal relaxation eigenvalue / collision frequency = 1.63441
      microscopic rate coefficients (at reference energy) over collision frequency:
       REACS->PRODS
           0.680205
      eigenvector populations normalized:
          L        *R        *P     REACS
          0    0.0176   0.00794         1
         *R - eigenvalue over the relaxation limit
         *P - eigenvector projection squared on the relaxation subspace
      eigenvector projections:
          L        *Q        *P     REACS
          0  0.000587   0.00794     0.996
         *Z       ---       ---  1.33e+19
         *Q - eigenvalue over the collision frequency
         *P - eigenvector projection squared on the relaxation subspace
         *Z - well partition function square root
      isomers-to-bimolecular equilibrium coefficients (kappa matrix):
        W\P    PRODS
      REACS        0
      projection error = 0.0079
      Wa->Wb/Wb->Wa rate constants ratios:
      Wb\Wa     REACS
      REACS         1
      W->P/P->W rate constants ratios:
        P\W     REACS
      PRODS         1
   MasterEquation::direct_diagonalization_method:  done, cpu time[sec] = 0.16, elapsed time[sec] = 0
   MasterEquation::set:  starts
      Temperature      = 2500 K
      Collision rate   = 4.03135e-10cm^3/sec
      Energy reference = 75716 1/cm
      Energy step      = 348 1/cm
      setting wells, barriers, and bimolecular starts
         REACS Well: density of states done, elapsed time[sec] = 0
         REACS Well: cannot satisfy the constant collision frequency at energy = 8552 1/cm, truncating the well
         REACS Well: cannot satisfy the constant collision frequency at energy = 8900 1/cm, truncating the well
         REACS Well: cannot satisfy the constant collision frequency at energy = 9248 1/cm, truncating the well
         REACS Well: collisional energy transfer kernel done, elapsed time[sec] = 0.1
         REACS Well: relaxation modes basis done, elapsed time[sec] = 0.02
         REACS Well: kernel in relaxation modes basis done, elapsed time[sec] = 0.1
         REACS Well: relaxation eigenvalues done, elapsed time[sec] = 0.04
         REACS Well: minimal relaxation eigenvalue = 0.0237257
         REACS Well: maximal relaxation eigenvalue = 1.00529
         REACS Well:       grid size = 191
         REACS Well:      real depth = 0 1/cm
         REACS Well: effective depth = 9247 1/cm
         TS Barrier:        grid size = 150
         TS Barrier:      real height = 23587 1/cm
         TS Barrier: effective height = 23516 1/cm
      setting wells, barriers, and bimolecular done, cpu time[sec] = 0.26, elapsed time[sec] = 0
      Bound Species (D1/D2 - density of states at dissociation energy (DE)/reference energy):
       Name  Depth     DE      *D1      *D2
              1/cm   1/cm       cm       cm
      REACS   9248  23516  7.6e+17 1.12e+28
      Well-to-Bimolecular Barriers (N - number of states at the reference energy):
       Name Height       *N
              1/cm         
         TS  23516 4.04e+29
      Effective equilibrium constants(bimolecular units - cm^3):
        Q/Q     REACS     PRODS
      REACS         1  5.44e-18
      PRODS  1.84e+17         1
      Real equilibrium constants(bimolecular units - cm^3):
        Q/Q     REACS     PRODS
      REACS         1  8.65e-21
      PRODS  1.16e+20         1
   MasterEquation::set:  done, cpu time[sec] = 0.26, elapsed time[sec] = 0
   MasterEquation::direct_diagonalization_method:  starts
      Pressure = 0.1 atm	 Temperature = 2500 K
      collision frequency = 1.18332e+08 1/sec
      global relaxation matrix dimension = 191
      setting global matrices ... done, cpu time[sec] = 0.03, elapsed time[sec] = 0
      diagonalizing global relaxation matrix ... done, cpu time[sec] = 0.1, elapsed time[sec] = 0
      minimal relaxation eigenvalue / collision frequency = 0.131831
      maximal relaxation eigenvalue / collision frequency = 9177.52
      microscopic rate coefficients (at reference energy) over collision frequency:
       REACS->PRODS
            9176.72
      eigenvector populations normalized:
          L        *R        *P     REACS
          0     0.177     0.453         1
         *R - eigenvalue over the relaxation limit
         *P - eigenvector projection squared on the relaxation subspace
      eigenvector projections:
          L        *Q        *P     REACS
          0    0.0233     0.453      0.74
         *Z       ---       ---  1.46e+19
         *Q - eigenvalue over the collision frequency
         *P - eigenvector projection squared on the relaxation subspace
         *Z - well partition function square root
      dimension of the chemical subspace = 0
      isomers-to-bimolecular equilibrium coefficients (kappa matrix):
        W\P    PRODS
      REACS        1
   MasterEquation::direct_diagonalization_method:  done, cpu time[sec] = 0.14, elapsed time[sec] = 0
   MasterEquation::direct_diagonalization_method:  starts
      Pressure = 1 atm	 Temperature = 2.5e+03 K
      collision frequency = 1.2e+09 1/sec
      global relaxation matrix dimension = 191
      setting global matrices ... done, cpu time[sec] = 0.03, elapsed time[sec] = 0
      diagonalizing global relaxation matrix ... done, cpu time[sec] = 0.09, elapsed time[sec] = 0
      minimal relaxation eigenvalue / collision frequency = 0.099
      maximal relaxation eigenvalue / collision frequency = 9.2e+02
      microscopic rate coefficients (at reference energy) over collision frequency:
       REACS->PRODS
            9.2e+02
      eigenvector populations normalized:
          L        *R        *P     REACS
          0     0.143      0.31         1
         *R - eigenvalue over the relaxation limit
         *P - eigenvector projection squared on the relaxation subspace
      eigenvector projections:
          L        *Q        *P     REACS
          0    0.0141      0.31     -0.83
         *Z       ---       ---  1.46e+19
         *Q - eigenvalue over the collision frequency
         *P - eigenvector projection squared on the relaxation subspace
         *Z - well partition function square root
      dimension of the chemical subspace = 0
      isomers-to-bimolecular equilibrium coefficients (kappa matrix):
        W\P    PRODS
      REACS        1
   MasterEquation::direct_diagonalization_method:  done, cpu time[sec] = 0.13, elapsed time[sec] = 0
   MasterEquation::direct_diagonalization_method:  starts
      Pressure = 10 atm	 Temperature = 2.5e+03 K
      collision frequency = 1.2e+10 1/sec
      global relaxation matrix dimension = 191
      setting global matrices ... done, cpu time[sec] = 0.02, elapsed time[sec] = 0
      diagonalizing global relaxation matrix ... done, cpu time[sec] = 0.15, elapsed time[sec] = 0
      minimal relaxation eigenvalue / collision frequency = 0.072
      maximal relaxation eigenvalue / collision frequency = 93
      microscopic rate coefficients (at reference energy) over collision frequency:
       REACS->PRODS
                 92
      eigenvector populations normalized:
          L        *R        *P     REACS
          0     0.103     0.171         1
         *R - eigenvalue over the relaxation limit
         *P - eigenvector projection squared on the relaxation subspace
      eigenvector projections:
          L        *Q        *P     REACS
          0   0.00739     0.171      0.91
         *Z       ---       ---  1.46e+19
         *Q - eigenvalue over the collision frequency
         *P - eigenvector projection squared on the relaxation subspace
         *Z - well partition function square root
      isomers-to-bimolecular equilibrium coefficients (kappa matrix):
        W\P    PRODS
      REACS     0.17
      projection error = 0.17
      Wa->Wb/Wb->Wa rate constants ratios:
      Wb\Wa     REACS
      REACS         1
      W->P/P->W rate constants ratios:
        P\W     REACS
      PRODS       1.2
   MasterEquation::direct_diagonalization_method:  done, cpu time[sec] = 0.19, elapsed time[sec] = 0
   MasterEquation::direct_diagonalization_method:  starts
      Pressure = 1000 atm	 Temperature = 2500 K
      collision frequency = 1.18332e+12 1/sec
      global relaxation matrix dimension = 191
      setting global matrices ... done, cpu time[sec] = 0.03, elapsed time[sec] = 0
      diagonalizing global relaxation matrix ... done, cpu time[sec] = 0.12, elapsed time[sec] = 0
      minimal relaxation eigenvalue / collision frequency = 0.0359272
      maximal relaxation eigenvalue / collision frequency = 1.86604
      microscopic rate coefficients (at reference energy) over collision frequency:
       REACS->PRODS
           0.917672
      eigenvector populations normalized:
          L        *R        *P     REACS
          0    0.0265    0.0149         1
         *R - eigenvalue over the relaxation limit
         *P - eigenvector projection squared on the relaxation subspace
      eigenvector projections:
          L        *Q        *P     REACS
          0  0.000953    0.0149    -0.993
         *Z       ---       ---  1.46e+19
         *Q - eigenvalue over the collision frequency
         *P - eigenvector projection squared on the relaxation subspace
         *Z - well partition function square root
      isomers-to-bimolecular equilibrium coefficients (kappa matrix):
        W\P    PRODS
      REACS        0
      projection error = 0.015
      Wa->Wb/Wb->Wa rate constants ratios:
      Wb\Wa     REACS
      REACS         1
      W->P/P->W rate constants ratios:
        P\W     REACS
      PRODS         1
   MasterEquation::direct_diagonalization_method:  done, cpu time[sec] = 0.17, elapsed time[sec] = 0
rate calculation done, cpu time[sec] = 135.09, elapsed time[sec] = 9
