Model::init:  starts
   Model::ExponentialKernel::ExponentialKernel:  ... done
   Model::LennardJonesCollision::LennardJonesCollision:  ... done
   WELL: REACS
   Model::RRHO::RRHO:  starts
      Model::RigidRotor::RigidRotor:  starts
         molecular geometry will be used to estimate rotational constants
         rotational configuration: nonlinear
         rotational constants[1/cm]:        0.878137        0.12634       0.118562
      Model::RigidRotor::RigidRotor:  done, cpu time[sec] = 0.01, elapsed time[sec] = 0
      1-th ROTOR:
      Model::HinderedRotor::HinderedRotor:  starts
         Model::HinderedRotor::_read:  starts
            Fourier Expansion Coefficients(kcal/mol):
              0            1.3
              1    3.62848e-16
              2       -1.32333
              3     -0.0057735
              4           0.02
              5     3.7181e-16
              6     0.00333333
         Model::HinderedRotor::_read:  done, cpu time[sec] = 0, elapsed time[sec] = 0
         effective rotational constant[1/cm]  = 6.24022
         analytic  frequency at minimum[1/cm] = 218.376
         numerical frequency at minimum[1/cm] = 218.376
         minimum energy[kcal/mol]             = -4.92885e-05
         maximum energy[kcal/mol]             = 2.64005
         maximum frequency[1/cm]              = 218.459
         maximum imaginary frequency[1/cm]    = 232.344
         ground energy [kcal/mol]             = 0.305002
         highest energy level [kcal/mol]      = 371.261
         number of levels                     = 97
         10 lowest excited states [kcal/mol] relative to the ground: 0.593 1.15 1.66 2.05 2.58 2.65 3.65 3.65 5.07
         Statistical Weight (*** - deep tunneling regime):
          T, K        Quantum      Classical  Semiclassical  ***
           100        1.05381        1.49915        1.04574
           200        1.30456        1.42117        1.30303
           300        1.63933        1.69641         1.6388
           400        2.00891        2.04322        2.00867
           500        2.39048        2.41332        2.39036
           600        2.77157        2.78776         2.7715
           700        3.14554        3.15763        3.14558
           800        3.50941        3.51866        3.50942
           900        3.86169        3.86896        3.86169
          1000        4.20198        4.20789        4.20204
      Model::HinderedRotor::HinderedRotor:  done, cpu time[sec] = 0, elapsed time[sec] = 0
      2-th ROTOR:
      Model::HinderedRotor::HinderedRotor:  starts
         Model::HinderedRotor::_read:  starts
            Fourier Expansion Coefficients(kcal/mol):
              0          2.006
              1      0.0240656
              2      -0.431276
              3     -0.0607086
              4       0.339452
              5      0.0330657
              6       -2.03038
              7     -0.0596188
              8      0.0768222
              9          0.028
             10          0.018
             11     0.00597612
             12      0.0230482
             13    3.20981e-06
             14   -0.000517882
             15     -0.0013596
             16   -0.000322173
             17     0.00100325
             18   -0.000829526
             19   -2.19509e-15
             20    6.80339e-18
         Model::HinderedRotor::_read:  done, cpu time[sec] = 0, elapsed time[sec] = 0
         effective rotational constant[1/cm]  = 1.7071
         analytic  frequency at minimum[1/cm] = 154.084
         numerical frequency at minimum[1/cm] = 154.081
         minimum energy[kcal/mol]             = -0.0306686
         maximum energy[kcal/mol]             = 4.89837
         maximum frequency[1/cm]              = 154.395
         maximum imaginary frequency[1/cm]    = 161.802
         ground energy [kcal/mol]             = 0.186746
         highest energy level [kcal/mol]      = 11.5874
         number of levels                     = 89
         10 lowest excited states [kcal/mol] relative to the ground: 0.00188 0.00778 0.375 0.412 0.429 0.738 0.805 0.846 1.09
         Statistical Weight (*** - deep tunneling regime):
          T, K        Quantum      Classical  Semiclassical  ***
           100        3.41154        4.02052        3.40741
           200        4.73506        4.92771        4.73445
           300        6.25305         6.3582        6.25295
           400        7.88117        7.94995         7.8812
           500        9.58782        9.63699        9.58796
           600        11.3444        11.3815        11.3447
           700        13.1245        13.1547         13.126
           800        14.9072         14.935        14.9121
           900         16.676         16.707        16.6884
          1000        18.4188        18.4601        18.4446
      Model::HinderedRotor::HinderedRotor:  done, cpu time[sec] = 0.03, elapsed time[sec] = 0
      3-th ROTOR:
      Model::HinderedRotor::HinderedRotor:  starts
         Model::HinderedRotor::_read:  starts
            Fourier Expansion Coefficients(kcal/mol):
              0       0.621667
              1      0.0337639
              2      0.0194936
              3      0.0707254
              4     -0.0441667
              5          -0.01
              6      -0.576667
              7     -0.0476314
              8     -0.0241667
              9    -0.00376388
             10     0.00217308
             11   -8.36319e-16
             12     0.00166667
         Model::HinderedRotor::_read:  done, cpu time[sec] = 0, elapsed time[sec] = 0
         effective rotational constant[1/cm]  = 22.1957
         analytic  frequency at minimum[1/cm] = 296.329
         numerical frequency at minimum[1/cm] = 296.325
         minimum energy[kcal/mol]             = -0.000361184
         maximum energy[kcal/mol]             = 1.38017
         maximum frequency[1/cm]              = 298.449
         maximum imaginary frequency[1/cm]    = 319.775
         ground energy [kcal/mol]             = 0.379084
         highest energy level [kcal/mol]      = 146.838
         number of levels                     = 97
         10 lowest excited states [kcal/mol] relative to the ground: 0.00607 0.0852 0.587 0.627 0.764 0.984 1.3 1.33 1.86
         Statistical Weight (*** - deep tunneling regime):
          T, K        Quantum      Classical  Semiclassical  ***
           100        2.74749        4.31312        2.64186
           200         3.5533        3.88958        3.53654
           300        4.39599        4.53482        4.39101
           400        5.19424        5.26755         5.1922
           500        5.93468        5.97902        5.93371
           600        6.62128        6.65054        6.62078
           700        7.26103        7.28156        7.26077
           800        7.86062        7.87569        7.86049
           900        8.42572        8.43718        8.42566
          1000        8.96101        8.96996        8.96099
      Model::HinderedRotor::HinderedRotor:  done, cpu time[sec] = 0.01, elapsed time[sec] = 0
      interpolating states number/density starts
         core state contribution ... done, cpu time[sec] = 0.02, elapsed time[sec] = 0
         vibrational modes contribution ... done, cpu time[sec] = 0.04, elapsed time[sec] = 0
         hindered rotors contribution starts
            Model::HinderedRotor::set:  starts
               hamiltonian size                = 101
               ground energy [kcal/mol]        = 0.305002
               highest level energy [kcal/mol] = 386.532
               number of levels                = 99
            Model::HinderedRotor::set:  done, cpu time[sec] = 0, elapsed time[sec] = 0
            Model::HinderedRotor::set:  starts
               hamiltonian size                = 575
               ground energy [kcal/mol]        = 0.186746
               highest level energy [kcal/mol] = 401.175
               number of levels                = 573
            Model::HinderedRotor::set:  done, cpu time[sec] = 1.91, elapsed time[sec] = 0
            Model::HinderedRotor::set:  starts
               hamiltonian size                = 161
               ground energy [kcal/mol]        = 0.379084
               highest level energy [kcal/mol] = 396.299
               number of levels                = 159
            Model::HinderedRotor::set:  done, cpu time[sec] = 0.1, elapsed time[sec] = 0
         hindered rotors contribution done, cpu time[sec] = 3.92, elapsed time[sec] = 0
         effective power exponent at 399.998 kcal/mol = 25.0328
      interpolating states number/density done, cpu time[sec] = 4.37, elapsed time[sec] = 0
   Model::RRHO::RRHO:  done, cpu time[sec] = 4.43, elapsed time[sec] = 0
   BIMOLECULAR: PRODS
   Model::Bimolecular::Bimolecular:  starts
      Model::RRHO::RRHO:  starts
         Model::RigidRotor::RigidRotor:  starts
            molecular geometry will be used to estimate rotational constants
            rotational configuration: nonlinear
            rotational constants[1/cm]:         6.49782        1.00826        0.87981
         Model::RigidRotor::RigidRotor:  done, cpu time[sec] = 0, elapsed time[sec] = 0
         1-th ROTOR:
         Model::HinderedRotor::HinderedRotor:  starts
            Model::HinderedRotor::_read:  starts
               Fourier Expansion Coefficients(kcal/mol):
                 0        1.18375
                 1       -1.16395
                 2        -1.2493
                 3         0.8625
                 4           0.05
                 5      -0.168948
                 6       0.154303
                 7    1.39304e-16
                 8       -0.13875
            Model::HinderedRotor::_read:  done, cpu time[sec] = 0, elapsed time[sec] = 0
            effective rotational constant[1/cm]  = 31.7378
            analytic  frequency at minimum[1/cm] = 411.412
            numerical frequency at minimum[1/cm] = 411.404
            minimum energy[kcal/mol]             = -0.000769831
            maximum energy[kcal/mol]             = 4.12193
            maximum frequency[1/cm]              = 615.775
            maximum imaginary frequency[1/cm]    = 915.47
            ground energy [kcal/mol]             = 0.301783
            highest energy level [kcal/mol]      = 837.462
            number of levels                     = 97
            10 lowest excited states [kcal/mol] relative to the ground: 0.502 1.3 2.14 2.9 4.2 4.49 6.77 6.8 10
            Statistical Weight (*** - deep tunneling regime):
             T, K        Quantum      Classical  Semiclassical  ***
              100        1.08147        1.71172         2.0693  ***
              200         1.3263        1.53971        1.34173  ***
              300        1.58084        1.70373        1.58318
              400        1.82954        1.91339        1.82963
              500        2.07124        2.13316        2.07089
              600        2.30601        2.35369        2.30549
              700        2.53348        2.57141        2.53308
              800        2.75402        2.78472        2.75361
              900        2.96751         2.9929        2.96721
             1000        3.17442        3.19563        3.17413
         Model::HinderedRotor::HinderedRotor:  done, cpu time[sec] = 0.07, elapsed time[sec] = 0
      Model::RRHO::RRHO:  done, cpu time[sec] = 0.07, elapsed time[sec] = 0
      Model::RRHO::RRHO:  starts
         Model::RigidRotor::RigidRotor:  starts
            molecular geometry will be used to estimate rotational constants
            rotational configuration: nonlinear
            rotational constants[1/cm]:         3.47442       0.764503        0.70828
         Model::RigidRotor::RigidRotor:  done, cpu time[sec] = 0, elapsed time[sec] = 0
         1-th ROTOR:
         Model::HinderedRotor::HinderedRotor:  starts
            Model::HinderedRotor::_read:  starts
               Fourier Expansion Coefficients(kcal/mol):
                 0         0.0275
                 1         -0.005
                 2          -0.03
                 3   -6.12323e-19
                 4         0.0025
            Model::HinderedRotor::_read:  done, cpu time[sec] = 0, elapsed time[sec] = 0
            effective rotational constant[1/cm]  = 15.1392
            analytic  frequency at minimum[1/cm] = 90.4308
            numerical frequency at minimum[1/cm] = 90.4309
            minimum energy[kcal/mol]             = -0.000611106
            maximum energy[kcal/mol]             = 0.0603116
            maximum frequency[1/cm]              = 97.3347
            maximum imaginary frequency[1/cm]    = 123.765
            ground energy [kcal/mol]             = 0.0272031
            highest energy level [kcal/mol]      = 3590.22
            number of levels                     = 97
            10 lowest excited states [kcal/mol] relative to the ground: 1.56 1.56 6.23 6.23 14 14 24.9 24.9 39
            Statistical Weight (*** - deep tunneling regime):
             T, K        Quantum      Classical  Semiclassical  ***
              100        1.00078       0.635726        0.63324
              200        1.03961       0.895789       0.895131
              300        1.14641        1.09649        1.09623
              400        1.28226        1.26592        1.26578
              500        1.42041        1.41526        1.41518
              600        1.55186         1.5503        1.55025
              700        1.67488         1.6745        1.67447
              800        1.79024        1.79012        1.79009
              900        1.89873        1.89871        1.89869
             1000        2.00141        2.00142         2.0014
         Model::HinderedRotor::HinderedRotor:  done, cpu time[sec] = 0.05, elapsed time[sec] = 0
      Model::RRHO::RRHO:  done, cpu time[sec] = 0.05, elapsed time[sec] = 0
   Model::Bimolecular::Bimolecular:  done, cpu time[sec] = 0.12, elapsed time[sec] = 0
   BARRIER: TS
   Model::RRHO::RRHO:  starts
      Model::RigidRotor::RigidRotor:  starts
         molecular geometry will be used to estimate rotational constants
         rotational configuration: nonlinear
         rotational constants[1/cm]:        0.739798       0.106685      0.0992286
      Model::RigidRotor::RigidRotor:  done, cpu time[sec] = 0, elapsed time[sec] = 0
      interpolating states number/density starts
         core state contribution ... done, cpu time[sec] = 0.04, elapsed time[sec] = 0
         vibrational modes contribution ... done, cpu time[sec] = 0.28, elapsed time[sec] = 0
         effective power exponent at 367.158 kcal/mol = 25.9637
      interpolating states number/density done, cpu time[sec] = 0.59, elapsed time[sec] = 0
   Model::RRHO::RRHO:  done, cpu time[sec] = 0.59, elapsed time[sec] = 0
   checking input ... done
   setting connectivity ... done
   checking connectivity ... done
   setting dissociation limit ... done
   setting maximum barrier height ... done
   partition functions (relative to the ground level, units - 1/cm3):
     T\Q        REACS        PROD1        Prod2           TS
     100  3.75703e+30  5.75048e+28  2.79152e+28  3.70419e+30
     200  8.23759e+31  3.05088e+29  3.26956e+29  8.25802e+31
     300  7.83666e+32   1.3029e+30  1.50842e+30  7.94346e+32
     400  5.30711e+33   3.9987e+30  4.98168e+30  5.45224e+33
     500  3.02474e+34  1.02608e+31  1.40228e+31  3.15947e+34
     600  1.54816e+35  2.35154e+31  3.59551e+31  1.64686e+35
     700  7.31022e+35  4.97489e+31  8.64814e+31  7.92305e+35
     800  3.22607e+36  9.90139e+31  1.98095e+32  3.56207e+36
     900  1.34086e+37  1.87652e+32   4.3597e+32  1.50764e+37
    1000  5.27716e+37  3.41507e+32  9.27201e+32  6.03911e+37
    1100  1.97498e+38  6.00482e+32  1.91332e+33  2.29907e+38
    1200  7.05351e+38   1.0249e+33  3.84247e+33  8.34784e+38
    1300  2.41132e+39   1.7042e+33  7.52773e+33  2.89987e+39
    1400  7.91193e+39   2.7688e+33  1.44138e+34  9.66389e+39
    1500  2.49773e+40  4.40577e+33  2.70179e+34  3.09717e+40
    1600  7.60329e+40  6.87971e+33  4.96452e+34  9.56726e+40
    1700   2.2363e+41  1.05598e+34  8.95324e+34  2.85437e+41
    1800  6.36704e+41   1.5955e+34  1.58646e+35  8.24046e+41
    1900  1.75782e+42  2.37587e+34  2.76467e+35  2.30605e+42
    2000  4.71339e+42  3.49058e+34  4.74253e+35  6.26563e+42
   partition functions (relative to 0 kcal/mol, units - 1/cm3):
     T\Q        REACS           TS
     100  3.75703e+30  6.27945e-42
     200  8.23759e+31   0.00010752
     300  7.83666e+32   9.4715e+08
     400  5.30711e+33  6.22131e+15
     500  3.02474e+34  1.39785e+20
     600  1.54816e+35  1.79829e+23
     700  7.31022e+35  4.42512e+25
     800  3.22607e+36  3.80502e+27
     900  1.34086e+37   1.5987e+29
    1000  5.27716e+37  4.01694e+30
    1100  1.97498e+38  6.86968e+31
    1200  7.05351e+38  8.72321e+32
    1300  2.41132e+39  8.74077e+33
    1400  7.91193e+39  7.22218e+34
    1500  2.49773e+40  5.08448e+35
    1600  7.60329e+40   3.1269e+36
    1700   2.2363e+41  1.71277e+37
    1800  6.36704e+41  8.48567e+37
    1900  1.75782e+42  3.84999e+38
    2000  4.71339e+42  1.61594e+39
   tunneling partition function correction factors & high pressure effective energy shifts (D), kcal/mol:
     T\B           TS            D
     100            1           -0
     200            1           -0
     300            1           -0
     400            1           -0
     500            1           -0
     600            1           -0
     700            1           -0
     800            1           -0
     900            1           -0
    1000            1           -0
    1100            1           -0
    1200            1           -0
    1300            1           -0
    1400            1           -0
    1500            1           -0
    1600            1           -0
    1700            1           -0
    1800            1           -0
    1900            1           -0
    2000            1           -0
Model::init:  done, cpu time[sec] = 5.3, elapsed time[sec] = 0
rate calculation starts
   MasterEquation::set:  starts
      Temperature      = 300 K
      Collision rate   = 2.09009e-10cm^3/sec
      Energy reference = 17741 1/cm
      Energy step      = 42 1/cm
      setting wells, barriers, and bimolecular starts
         REACS Well: density of states done, elapsed time[sec] = 0
         REACS Well: collisional energy transfer kernel done, elapsed time[sec] = 0.04
         REACS Well: relaxation modes basis done, elapsed time[sec] = 0.03
         REACS Well: kernel in relaxation modes basis done, elapsed time[sec] = 0.24
         REACS Well: relaxation eigenvalues done, elapsed time[sec] = 0.08
         REACS Well: minimal relaxation eigenvalue = 0.107005
         REACS Well: maximal relaxation eigenvalue = 0.987592
         REACS Well:       grid size = 249
         REACS Well:      real depth = 0 1/cm
         REACS Well: effective depth = 7282 1/cm
         TS Barrier:        grid size = 149
         TS Barrier:      real height = 11486 1/cm
         TS Barrier: effective height = 11482 1/cm
      setting wells, barriers, and bimolecular done, cpu time[sec] = 0.4, elapsed time[sec] = 0
      Bound Species (D1/D2 - density of states at dissociation energy (DE)/reference energy):
       Name  Depth     DE      *D1      *D2
              1/cm   1/cm       cm       cm
      REACS   7283  11483 1.82e+13 8.24e+15
      Well-to-Bimolecular Barriers (N - number of states at the reference energy):
       Name Height       *N
              1/cm         
         TS  11483 1.24e+13
      Effective equilibrium constants(bimolecular units - cm^3):
        Q/Q     REACS     PRODS
      REACS         1  3.62e+29
      PRODS  2.77e-30         1
      Real equilibrium constants(bimolecular units - cm^3):
        Q/Q     REACS     PRODS
      REACS         1  7.23e+33
      PRODS  1.38e-34         1
   MasterEquation::set:  done, cpu time[sec] = 0.4, elapsed time[sec] = 0
   MasterEquation::direct_diagonalization_method:  starts
      Pressure = 0.1 atm	 Temperature = 300 K
      collision frequency = 5.11254e+08 1/sec
      global relaxation matrix dimension = 249
      setting global matrices ... done, cpu time[sec] = 0.05, elapsed time[sec] = 0
      diagonalizing global relaxation matrix ... done, cpu time[sec] = 0.36, elapsed time[sec] = 0
      minimal relaxation eigenvalue / collision frequency = 0.107281
      maximal relaxation eigenvalue / collision frequency = 1.06943
      microscopic rate coefficients (at reference energy) over collision frequency:
       REACS->PRODS
          0.0885618
      some eigenvalues are too small: using low eigenvalue method
      low eigenvalue method starts
         MasterEquation::low_eigenvalue_matrix:  starts
            setting up kinetic matrices ... done, cpu time[sec] = 2.9, elapsed time[sec] = 0
            inverting kinetic matrices ... done, cpu time[sec] = 0.02, elapsed time[sec] = 0
         MasterEquation::low_eigenvalue_matrix:  done, cpu time[sec] = 2.92, elapsed time[sec] = 0
         direct-diagonalization(DD)-versus-low-eigenvalue(LE) eigenvalues
             L      DD eval      LE eval     LE proj
             0  1.44076e-11  1.44078e-11  2.21363e-14
      low eigenvalue method done, cpu time[sec] = 2.93, elapsed time[sec] = 0
      eigenvector populations normalized:
          L        *R        *P     REACS
          0  1.44e-11  2.24e-14         1
         *R - eigenvalue over the relaxation limit
         *P - eigenvector projection squared on the relaxation subspace
      eigenvector projections:
          L        *Q        *P     REACS
          0  1.55e-12  2.24e-14         1
         *Z       ---       ---  2.78e+19
         *Q - eigenvalue over the collision frequency
         *P - eigenvector projection squared on the relaxation subspace
         *Z - well partition function square root
      isomers-to-bimolecular equilibrium coefficients (kappa matrix):
        W\P    PRODS
      REACS        0
      projection error = 2.2e-14
      Wa->Wb/Wb->Wa rate constants ratios:
      Wb\Wa     REACS
      REACS         1
      W->P/P->W rate constants ratios:
        P\W     REACS
      PRODS         1
   MasterEquation::direct_diagonalization_method:  done, cpu time[sec] = 3.52, elapsed time[sec] = 0
   MasterEquation::direct_diagonalization_method:  starts
      Pressure = 1 atm	 Temperature = 300 K
      collision frequency = 5.11254e+09 1/sec
      global relaxation matrix dimension = 249
      setting global matrices ... done, cpu time[sec] = 0.05, elapsed time[sec] = 0
      diagonalizing global relaxation matrix ... done, cpu time[sec] = 0.19, elapsed time[sec] = 0
      minimal relaxation eigenvalue / collision frequency = 0.107051
      maximal relaxation eigenvalue / collision frequency = 0.994405
      microscopic rate coefficients (at reference energy) over collision frequency:
       REACS->PRODS
         0.00885618
      some eigenvalues are too small: using low eigenvalue method
      low eigenvalue method starts
         MasterEquation::low_eigenvalue_matrix:  starts
            setting up kinetic matrices ... done, cpu time[sec] = 2.88, elapsed time[sec] = 1
            inverting kinetic matrices ... done, cpu time[sec] = 0.01, elapsed time[sec] = 0
         MasterEquation::low_eigenvalue_matrix:  done, cpu time[sec] = 2.89, elapsed time[sec] = 1
         direct-diagonalization(DD)-versus-low-eigenvalue(LE) eigenvalues
             L      DD eval      LE eval     LE proj
             0  1.43942e-12  1.44607e-12  2.31423e-16
      low eigenvalue method done, cpu time[sec] = 2.89, elapsed time[sec] = 1
      eigenvector populations normalized:
          L        *R        *P     REACS
          0  1.45e-12         0         1
         *R - eigenvalue over the relaxation limit
         *P - eigenvector projection squared on the relaxation subspace
      eigenvector projections:
          L        *Q        *P     REACS
          0  1.55e-13         0         1
         *Z       ---       ---  2.78e+19
         *Q - eigenvalue over the collision frequency
         *P - eigenvector projection squared on the relaxation subspace
         *Z - well partition function square root
      isomers-to-bimolecular equilibrium coefficients (kappa matrix):
        W\P    PRODS
      REACS        0
      projection error = 0
      Wa->Wb/Wb->Wa rate constants ratios:
      Wb\Wa     REACS
      REACS         1
      W->P/P->W rate constants ratios:
        P\W     REACS
      PRODS         1
   MasterEquation::direct_diagonalization_method:  done, cpu time[sec] = 3.16, elapsed time[sec] = 1
   MasterEquation::direct_diagonalization_method:  starts
      Pressure = 10 atm	 Temperature = 300 K
      collision frequency = 5.11254e+10 1/sec
      global relaxation matrix dimension = 249
      setting global matrices ... done, cpu time[sec] = 0.04, elapsed time[sec] = 0
      diagonalizing global relaxation matrix ... done, cpu time[sec] = 0.19, elapsed time[sec] = 0
      minimal relaxation eigenvalue / collision frequency = 0.10701
      maximal relaxation eigenvalue / collision frequency = 0.987592
      microscopic rate coefficients (at reference energy) over collision frequency:
       REACS->PRODS
        0.000885618
      some eigenvalues are too small: using low eigenvalue method
      low eigenvalue method starts
         MasterEquation::low_eigenvalue_matrix:  starts
            setting up kinetic matrices ... done, cpu time[sec] = 2.87, elapsed time[sec] = 0
            inverting kinetic matrices ... done, cpu time[sec] = 0.03, elapsed time[sec] = 0
         MasterEquation::low_eigenvalue_matrix:  done, cpu time[sec] = 2.91, elapsed time[sec] = 0
         direct-diagonalization(DD)-versus-low-eigenvalue(LE) eigenvalues
             L      DD eval      LE eval     LE proj
             0  1.24125e-13  1.44685e-13  2.32594e-18
      low eigenvalue method done, cpu time[sec] = 2.91, elapsed time[sec] = 0
      eigenvector populations normalized:
          L        *R        *P     REACS
          0  1.45e-13         0         1
         *R - eigenvalue over the relaxation limit
         *P - eigenvector projection squared on the relaxation subspace
      eigenvector projections:
          L        *Q        *P     REACS
          0  1.55e-14         0         1
         *Z       ---       ---  2.78e+19
         *Q - eigenvalue over the collision frequency
         *P - eigenvector projection squared on the relaxation subspace
         *Z - well partition function square root
      isomers-to-bimolecular equilibrium coefficients (kappa matrix):
        W\P    PRODS
      REACS        0
      projection error = 0
      Wa->Wb/Wb->Wa rate constants ratios:
      Wb\Wa     REACS
      REACS         1
      W->P/P->W rate constants ratios:
        P\W     REACS
      PRODS         1
   MasterEquation::direct_diagonalization_method:  done, cpu time[sec] = 3.17, elapsed time[sec] = 0
   MasterEquation::direct_diagonalization_method:  starts
      Pressure = 1000 atm	 Temperature = 300 K
      collision frequency = 5.11254e+12 1/sec
      global relaxation matrix dimension = 249
      setting global matrices ... done, cpu time[sec] = 0.05, elapsed time[sec] = 0
      diagonalizing global relaxation matrix ... done, cpu time[sec] = 0.17, elapsed time[sec] = 0
      minimal relaxation eigenvalue / collision frequency = 0.107005
      maximal relaxation eigenvalue / collision frequency = 0.987592
      microscopic rate coefficients (at reference energy) over collision frequency:
       REACS->PRODS
        8.85618e-06
      some eigenvalues are too small: using low eigenvalue method
      low eigenvalue method starts
         MasterEquation::low_eigenvalue_matrix:  starts
            setting up kinetic matrices ... done, cpu time[sec] = 2.85, elapsed time[sec] = 0
            inverting kinetic matrices ... done, cpu time[sec] = 0.01, elapsed time[sec] = 0
         MasterEquation::low_eigenvalue_matrix:  done, cpu time[sec] = 2.86, elapsed time[sec] = 0
         direct-diagonalization(DD)-versus-low-eigenvalue(LE) eigenvalues
             L      DD eval      LE eval     LE proj
             0 -7.78033e-15  1.44695e-15  2.32725e-22
      low eigenvalue method done, cpu time[sec] = 2.86, elapsed time[sec] = 0
      eigenvector populations normalized:
          L        *R        *P     REACS
          0  1.45e-15         0         1
         *R - eigenvalue over the relaxation limit
         *P - eigenvector projection squared on the relaxation subspace
      eigenvector projections:
          L        *Q        *P     REACS
          0  1.55e-16         0         1
         *Z       ---       ---  2.78e+19
         *Q - eigenvalue over the collision frequency
         *P - eigenvector projection squared on the relaxation subspace
         *Z - well partition function square root
      isomers-to-bimolecular equilibrium coefficients (kappa matrix):
        W\P    PRODS
      REACS        0
      projection error = 0
      Wa->Wb/Wb->Wa rate constants ratios:
      Wb\Wa     REACS
      REACS         1
      W->P/P->W rate constants ratios:
        P\W     REACS
      PRODS         1
   MasterEquation::direct_diagonalization_method:  done, cpu time[sec] = 3.11, elapsed time[sec] = 0
   MasterEquation::set:  starts
      Temperature      = 400 K
      Collision rate   = 2.22286e-10cm^3/sec
      Energy reference = 19827 1/cm
      Energy step      = 56 1/cm
      setting wells, barriers, and bimolecular starts
         REACS Well: density of states done, elapsed time[sec] = 0.01
         REACS Well: collisional energy transfer kernel done, elapsed time[sec] = 0.04
         REACS Well: relaxation modes basis done, elapsed time[sec] = 0.03
         REACS Well: kernel in relaxation modes basis done, elapsed time[sec] = 0.25
         REACS Well: relaxation eigenvalues done, elapsed time[sec] = 0.06
         REACS Well: minimal relaxation eigenvalue = 0.0867185
         REACS Well: maximal relaxation eigenvalue = 0.987718
         REACS Well:       grid size = 249
         REACS Well:      real depth = 0 1/cm
         REACS Well: effective depth = 5882 1/cm
         TS Barrier:        grid size = 149
         TS Barrier:      real height = 11486 1/cm
         TS Barrier: effective height = 11482 1/cm
      setting wells, barriers, and bimolecular done, cpu time[sec] = 0.4, elapsed time[sec] = 0
      Bound Species (D1/D2 - density of states at dissociation energy (DE)/reference energy):
       Name  Depth     DE      *D1      *D2
              1/cm   1/cm       cm       cm
      REACS   5883  11483 1.82e+13 4.65e+16
      Well-to-Bimolecular Barriers (N - number of states at the reference energy):
       Name Height       *N
              1/cm         
         TS  11483 3.13e+14
      Effective equilibrium constants(bimolecular units - cm^3):
        Q/Q     REACS     PRODS
      REACS         1  3.73e+18
      PRODS  2.68e-19         1
      Real equilibrium constants(bimolecular units - cm^3):
        Q/Q     REACS     PRODS
      REACS         1  2.34e+18
      PRODS  4.27e-19         1
   MasterEquation::set:  done, cpu time[sec] = 0.4, elapsed time[sec] = 0
   MasterEquation::direct_diagonalization_method:  starts
      Pressure = 0.1 atm	 Temperature = 400 K
      collision frequency = 4.07797e+08 1/sec
      global relaxation matrix dimension = 249
      setting global matrices ... done, cpu time[sec] = 0.04, elapsed time[sec] = 0
      diagonalizing global relaxation matrix ... done, cpu time[sec] = 0.19, elapsed time[sec] = 0
      minimal relaxation eigenvalue / collision frequency = 0.0870341
      maximal relaxation eigenvalue / collision frequency = 1.46244
      microscopic rate coefficients (at reference energy) over collision frequency:
       REACS->PRODS
           0.494368
      some eigenvalues are too small: using low eigenvalue method
      low eigenvalue method starts
         MasterEquation::low_eigenvalue_matrix:  starts
            setting up kinetic matrices ... done, cpu time[sec] = 2.89, elapsed time[sec] = 0
            inverting kinetic matrices ... done, cpu time[sec] = 0.01, elapsed time[sec] = 0
         MasterEquation::low_eigenvalue_matrix:  done, cpu time[sec] = 2.9, elapsed time[sec] = 0
         direct-diagonalization(DD)-versus-low-eigenvalue(LE) eigenvalues
             L      DD eval      LE eval     LE proj
             0  6.68643e-10  6.68669e-10  7.85461e-12
      low eigenvalue method done, cpu time[sec] = 2.9, elapsed time[sec] = 0
      eigenvector populations normalized:
          L        *R        *P     REACS
          0  6.69e-10  7.86e-12         1
         *R - eigenvalue over the relaxation limit
         *P - eigenvector projection squared on the relaxation subspace
      eigenvector projections:
          L        *Q        *P     REACS
          0  5.82e-11  7.86e-12         1
         *Z       ---       ---  1.06e+19
         *Q - eigenvalue over the collision frequency
         *P - eigenvector projection squared on the relaxation subspace
         *Z - well partition function square root
      isomers-to-bimolecular equilibrium coefficients (kappa matrix):
        W\P    PRODS
      REACS        0
      projection error = 7.9e-12
      Wa->Wb/Wb->Wa rate constants ratios:
      Wb\Wa     REACS
      REACS         1
      W->P/P->W rate constants ratios:
        P\W     REACS
      PRODS         1
   MasterEquation::direct_diagonalization_method:  done, cpu time[sec] = 3.15, elapsed time[sec] = 0
   MasterEquation::direct_diagonalization_method:  starts
      Pressure = 1 atm	 Temperature = 400 K
      collision frequency = 4.07797e+09 1/sec
      global relaxation matrix dimension = 249
      setting global matrices ... done, cpu time[sec] = 0.04, elapsed time[sec] = 0
      diagonalizing global relaxation matrix ... done, cpu time[sec] = 0.17, elapsed time[sec] = 0
      minimal relaxation eigenvalue / collision frequency = 0.0867867
      maximal relaxation eigenvalue / collision frequency = 1.03157
      microscopic rate coefficients (at reference energy) over collision frequency:
       REACS->PRODS
          0.0494368
      some eigenvalues are too small: using low eigenvalue method
      low eigenvalue method starts
         MasterEquation::low_eigenvalue_matrix:  starts
            setting up kinetic matrices ... done, cpu time[sec] = 2.94, elapsed time[sec] = 0
            inverting kinetic matrices ... done, cpu time[sec] = 0.01, elapsed time[sec] = 0
         MasterEquation::low_eigenvalue_matrix:  done, cpu time[sec] = 2.95, elapsed time[sec] = 0
         direct-diagonalization(DD)-versus-low-eigenvalue(LE) eigenvalues
             L      DD eval      LE eval     LE proj
             0   6.7962e-11  6.79741e-11  1.02682e-13
      low eigenvalue method done, cpu time[sec] = 2.95, elapsed time[sec] = 0
      eigenvector populations normalized:
          L        *R        *P     REACS
          0   6.8e-11  1.03e-13         1
         *R - eigenvalue over the relaxation limit
         *P - eigenvector projection squared on the relaxation subspace
      eigenvector projections:
          L        *Q        *P     REACS
          0   5.9e-12  1.03e-13         1
         *Z       ---       ---  1.06e+19
         *Q - eigenvalue over the collision frequency
         *P - eigenvector projection squared on the relaxation subspace
         *Z - well partition function square root
      isomers-to-bimolecular equilibrium coefficients (kappa matrix):
        W\P    PRODS
      REACS        0
      projection error = 1e-13
      Wa->Wb/Wb->Wa rate constants ratios:
      Wb\Wa     REACS
      REACS         1
      W->P/P->W rate constants ratios:
        P\W     REACS
      PRODS         1
   MasterEquation::direct_diagonalization_method:  done, cpu time[sec] = 3.19, elapsed time[sec] = 0
   MasterEquation::direct_diagonalization_method:  starts
      Pressure = 10 atm	 Temperature = 400 K
      collision frequency = 4.07797e+10 1/sec
      global relaxation matrix dimension = 249
      setting global matrices ... done, cpu time[sec] = 0.05, elapsed time[sec] = 0
      diagonalizing global relaxation matrix ... done, cpu time[sec] = 0.18, elapsed time[sec] = 0
      minimal relaxation eigenvalue / collision frequency = 0.0867273
      maximal relaxation eigenvalue / collision frequency = 0.99041
      microscopic rate coefficients (at reference energy) over collision frequency:
       REACS->PRODS
         0.00494368
      some eigenvalues are too small: using low eigenvalue method
      low eigenvalue method starts
         MasterEquation::low_eigenvalue_matrix:  starts
            setting up kinetic matrices ... done, cpu time[sec] = 3.13, elapsed time[sec] = 1
            inverting kinetic matrices ... done, cpu time[sec] = 0.01, elapsed time[sec] = 0
         MasterEquation::low_eigenvalue_matrix:  done, cpu time[sec] = 3.14, elapsed time[sec] = 1
         direct-diagonalization(DD)-versus-low-eigenvalue(LE) eigenvalues
             L      DD eval      LE eval     LE proj
             0  6.80052e-12  6.81287e-12  1.07476e-15
      low eigenvalue method done, cpu time[sec] = 3.14, elapsed time[sec] = 1
      eigenvector populations normalized:
          L        *R        *P     REACS
          0  6.81e-12  1.33e-15         1
         *R - eigenvalue over the relaxation limit
         *P - eigenvector projection squared on the relaxation subspace
      eigenvector projections:
          L        *Q        *P     REACS
          0  5.91e-13  1.33e-15         1
         *Z       ---       ---  1.06e+19
         *Q - eigenvalue over the collision frequency
         *P - eigenvector projection squared on the relaxation subspace
         *Z - well partition function square root
      isomers-to-bimolecular equilibrium coefficients (kappa matrix):
        W\P    PRODS
      REACS        0
      projection error = 1.3e-15
      Wa->Wb/Wb->Wa rate constants ratios:
      Wb\Wa     REACS
      REACS         1
      W->P/P->W rate constants ratios:
        P\W     REACS
      PRODS         1
   MasterEquation::direct_diagonalization_method:  done, cpu time[sec] = 3.4, elapsed time[sec] = 1
   MasterEquation::direct_diagonalization_method:  starts
      Pressure = 1000 atm	 Temperature = 400 K
      collision frequency = 4.07797e+12 1/sec
      global relaxation matrix dimension = 249
      setting global matrices ... done, cpu time[sec] = 0.04, elapsed time[sec] = 0
      diagonalizing global relaxation matrix ... done, cpu time[sec] = 0.2, elapsed time[sec] = 0
      minimal relaxation eigenvalue / collision frequency = 0.0867186
      maximal relaxation eigenvalue / collision frequency = 0.987718
      microscopic rate coefficients (at reference energy) over collision frequency:
       REACS->PRODS
        4.94368e-05
      some eigenvalues are too small: using low eigenvalue method
      low eigenvalue method starts
         MasterEquation::low_eigenvalue_matrix:  starts
            setting up kinetic matrices ... done, cpu time[sec] = 3.05, elapsed time[sec] = 0
            inverting kinetic matrices ... done, cpu time[sec] = 0.01, elapsed time[sec] = 0
         MasterEquation::low_eigenvalue_matrix:  done, cpu time[sec] = 3.06, elapsed time[sec] = 0
         direct-diagonalization(DD)-versus-low-eigenvalue(LE) eigenvalues
             L      DD eval      LE eval     LE proj
             0  4.53457e-14  6.81476e-14  1.08076e-19
      low eigenvalue method done, cpu time[sec] = 3.07, elapsed time[sec] = 0
      eigenvector populations normalized:
          L        *R        *P     REACS
          0  6.81e-14  6.66e-16         1
         *R - eigenvalue over the relaxation limit
         *P - eigenvector projection squared on the relaxation subspace
      eigenvector projections:
          L        *Q        *P     REACS
          0  5.91e-15  6.66e-16         1
         *Z       ---       ---  1.06e+19
         *Q - eigenvalue over the collision frequency
         *P - eigenvector projection squared on the relaxation subspace
         *Z - well partition function square root
      isomers-to-bimolecular equilibrium coefficients (kappa matrix):
        W\P    PRODS
      REACS        0
      projection error = 6.7e-16
      Wa->Wb/Wb->Wa rate constants ratios:
      Wb\Wa     REACS
      REACS         1
      W->P/P->W rate constants ratios:
        P\W     REACS
      PRODS         1
   MasterEquation::direct_diagonalization_method:  done, cpu time[sec] = 3.32, elapsed time[sec] = 0
   MasterEquation::set:  starts
      Temperature      = 500 K
      Collision rate   = 2.35386e-10cm^3/sec
      Energy reference = 21912 1/cm
      Energy step      = 70 1/cm
      setting wells, barriers, and bimolecular starts
         REACS Well: density of states done, elapsed time[sec] = 0
         REACS Well: collisional energy transfer kernel done, elapsed time[sec] = 0.05
         REACS Well: relaxation modes basis done, elapsed time[sec] = 0.03
         REACS Well: kernel in relaxation modes basis done, elapsed time[sec] = 0.23
         REACS Well: relaxation eigenvalues done, elapsed time[sec] = 0.07
         REACS Well: minimal relaxation eigenvalue = 0.0688557
         REACS Well: maximal relaxation eigenvalue = 0.988289
         REACS Well:       grid size = 249
         REACS Well:      real depth = 0 1/cm
         REACS Well: effective depth = 4482 1/cm
         TS Barrier:        grid size = 149
         TS Barrier:      real height = 11486 1/cm
         TS Barrier: effective height = 11481 1/cm
      setting wells, barriers, and bimolecular done, cpu time[sec] = 0.39, elapsed time[sec] = 0
      Bound Species (D1/D2 - density of states at dissociation energy (DE)/reference energy):
       Name  Depth     DE      *D1      *D2
              1/cm   1/cm       cm       cm
      REACS   4482  11482 1.82e+13 2.34e+17
      Well-to-Bimolecular Barriers (N - number of states at the reference energy):
       Name Height       *N
              1/cm         
         TS  11482 5.07e+15
      Effective equilibrium constants(bimolecular units - cm^3):
        Q/Q     REACS     PRODS
      REACS         1  2.27e+11
      PRODS  4.41e-12         1
      Real equilibrium constants(bimolecular units - cm^3):
        Q/Q     REACS     PRODS
      REACS         1   1.2e+09
      PRODS  8.36e-10         1
   MasterEquation::set:  done, cpu time[sec] = 0.39, elapsed time[sec] = 0
   MasterEquation::direct_diagonalization_method:  starts
      Pressure = 0.1 atm	 Temperature = 500 K
      collision frequency = 3.45464e+08 1/sec
      global relaxation matrix dimension = 249
      setting global matrices ... done, cpu time[sec] = 0.05, elapsed time[sec] = 0
      diagonalizing global relaxation matrix ... done, cpu time[sec] = 0.18, elapsed time[sec] = 0
      minimal relaxation eigenvalue / collision frequency = 0.0692156
      maximal relaxation eigenvalue / collision frequency = 2.82244
      microscopic rate coefficients (at reference energy) over collision frequency:
       REACS->PRODS
            1.87867
      some eigenvalues are too small: using low eigenvalue method
      low eigenvalue method starts
         MasterEquation::low_eigenvalue_matrix:  starts
            setting up kinetic matrices ... done, cpu time[sec] = 2.89, elapsed time[sec] = 0
            inverting kinetic matrices ... done, cpu time[sec] = 0.01, elapsed time[sec] = 0
         MasterEquation::low_eigenvalue_matrix:  done, cpu time[sec] = 2.91, elapsed time[sec] = 0
         direct-diagonalization(DD)-versus-low-eigenvalue(LE) eigenvalues
             L      DD eval      LE eval     LE proj
             0  3.08707e-08  3.08707e-08  1.35876e-09
      low eigenvalue method done, cpu time[sec] = 2.91, elapsed time[sec] = 0
      eigenvector populations normalized:
          L        *R        *P     REACS
          0  3.09e-08  1.36e-09         1
         *R - eigenvalue over the relaxation limit
         *P - eigenvector projection squared on the relaxation subspace
      eigenvector projections:
          L        *Q        *P     REACS
          0  2.14e-09  1.36e-09         1
         *Z       ---       ---  3.77e+18
         *Q - eigenvalue over the collision frequency
         *P - eigenvector projection squared on the relaxation subspace
         *Z - well partition function square root
      isomers-to-bimolecular equilibrium coefficients (kappa matrix):
        W\P    PRODS
      REACS        0
      projection error = 1.4e-09
      Wa->Wb/Wb->Wa rate constants ratios:
      Wb\Wa     REACS
      REACS         1
      W->P/P->W rate constants ratios:
        P\W     REACS
      PRODS         1
   MasterEquation::direct_diagonalization_method:  done, cpu time[sec] = 3.16, elapsed time[sec] = 0
   MasterEquation::direct_diagonalization_method:  starts
      Pressure = 1 atm	 Temperature = 500 K
      collision frequency = 3.45464e+09 1/sec
      global relaxation matrix dimension = 249
      setting global matrices ... done, cpu time[sec] = 0.05, elapsed time[sec] = 0
      diagonalizing global relaxation matrix ... done, cpu time[sec] = 0.18, elapsed time[sec] = 0
      minimal relaxation eigenvalue / collision frequency = 0.0689404
      maximal relaxation eigenvalue / collision frequency = 1.16379
      microscopic rate coefficients (at reference energy) over collision frequency:
       REACS->PRODS
           0.187867
      some eigenvalues are too small: using low eigenvalue method
      low eigenvalue method starts
         MasterEquation::low_eigenvalue_matrix:  starts
            setting up kinetic matrices ... done, cpu time[sec] = 2.93, elapsed time[sec] = 0
            inverting kinetic matrices ... done, cpu time[sec] = 0.01, elapsed time[sec] = 0
         MasterEquation::low_eigenvalue_matrix:  done, cpu time[sec] = 2.94, elapsed time[sec] = 0
         direct-diagonalization(DD)-versus-low-eigenvalue(LE) eigenvalues
             L      DD eval      LE eval     LE proj
             0  3.30959e-09  3.30959e-09   2.7867e-11
      low eigenvalue method done, cpu time[sec] = 2.94, elapsed time[sec] = 0
      eigenvector populations normalized:
          L        *R        *P     REACS
          0  3.31e-09  2.79e-11         1
         *R - eigenvalue over the relaxation limit
         *P - eigenvector projection squared on the relaxation subspace
      eigenvector projections:
          L        *Q        *P     REACS
          0  2.28e-10  2.79e-11         1
         *Z       ---       ---  3.77e+18
         *Q - eigenvalue over the collision frequency
         *P - eigenvector projection squared on the relaxation subspace
         *Z - well partition function square root
      isomers-to-bimolecular equilibrium coefficients (kappa matrix):
        W\P    PRODS
      REACS        0
      projection error = 2.8e-11
      Wa->Wb/Wb->Wa rate constants ratios:
      Wb\Wa     REACS
      REACS         1
      W->P/P->W rate constants ratios:
        P\W     REACS
      PRODS         1
   MasterEquation::direct_diagonalization_method:  done, cpu time[sec] = 3.19, elapsed time[sec] = 0
   MasterEquation::direct_diagonalization_method:  starts
      Pressure = 10 atm	 Temperature = 500 K
      collision frequency = 3.45464e+10 1/sec
      global relaxation matrix dimension = 249
      setting global matrices ... done, cpu time[sec] = 0.05, elapsed time[sec] = 0
      diagonalizing global relaxation matrix ... done, cpu time[sec] = 0.17, elapsed time[sec] = 0
      minimal relaxation eigenvalue / collision frequency = 0.0688681
      maximal relaxation eigenvalue / collision frequency = 1.00251
      microscopic rate coefficients (at reference energy) over collision frequency:
       REACS->PRODS
          0.0187867
      some eigenvalues are too small: using low eigenvalue method
      low eigenvalue method starts
         MasterEquation::low_eigenvalue_matrix:  starts
            setting up kinetic matrices ... done, cpu time[sec] = 2.98, elapsed time[sec] = 0
            inverting kinetic matrices ... done, cpu time[sec] = 0.01, elapsed time[sec] = 0
         MasterEquation::low_eigenvalue_matrix:  done, cpu time[sec] = 2.99, elapsed time[sec] = 0
         direct-diagonalization(DD)-versus-low-eigenvalue(LE) eigenvalues
             L      DD eval      LE eval     LE proj
             0  3.34762e-10  3.34758e-10  3.41106e-13
      low eigenvalue method done, cpu time[sec] = 3, elapsed time[sec] = 0
      eigenvector populations normalized:
          L        *R        *P     REACS
          0  3.35e-10   3.4e-13         1
         *R - eigenvalue over the relaxation limit
         *P - eigenvector projection squared on the relaxation subspace
      eigenvector projections:
          L        *Q        *P     REACS
          0  2.31e-11   3.4e-13         1
         *Z       ---       ---  3.77e+18
         *Q - eigenvalue over the collision frequency
         *P - eigenvector projection squared on the relaxation subspace
         *Z - well partition function square root
      isomers-to-bimolecular equilibrium coefficients (kappa matrix):
        W\P    PRODS
      REACS        0
      projection error = 3.4e-13
      Wa->Wb/Wb->Wa rate constants ratios:
      Wb\Wa     REACS
      REACS         1
      W->P/P->W rate constants ratios:
        P\W     REACS
      PRODS         1
   MasterEquation::direct_diagonalization_method:  done, cpu time[sec] = 3.25, elapsed time[sec] = 0
   MasterEquation::direct_diagonalization_method:  starts
      Pressure = 1000 atm	 Temperature = 500 K
      collision frequency = 3.45464e+12 1/sec
      global relaxation matrix dimension = 249
      setting global matrices ... done, cpu time[sec] = 0.04, elapsed time[sec] = 0
      diagonalizing global relaxation matrix ... done, cpu time[sec] = 0.19, elapsed time[sec] = 0
      minimal relaxation eigenvalue / collision frequency = 0.0688558
      maximal relaxation eigenvalue / collision frequency = 0.988289
      microscopic rate coefficients (at reference energy) over collision frequency:
       REACS->PRODS
        0.000187867
      some eigenvalues are too small: using low eigenvalue method
      low eigenvalue method starts
         MasterEquation::low_eigenvalue_matrix:  starts
            setting up kinetic matrices ... done, cpu time[sec] = 3.01, elapsed time[sec] = 1
            inverting kinetic matrices ... done, cpu time[sec] = 0.01, elapsed time[sec] = 0
         MasterEquation::low_eigenvalue_matrix:  done, cpu time[sec] = 3.02, elapsed time[sec] = 1
         direct-diagonalization(DD)-versus-low-eigenvalue(LE) eigenvalues
             L      DD eval      LE eval     LE proj
             0  3.34463e-12  3.35247e-12  3.52114e-17
      low eigenvalue method done, cpu time[sec] = 3.03, elapsed time[sec] = 1
      eigenvector populations normalized:
          L        *R        *P     REACS
          0  3.35e-12         0         1
         *R - eigenvalue over the relaxation limit
         *P - eigenvector projection squared on the relaxation subspace
      eigenvector projections:
          L        *Q        *P     REACS
          0  2.31e-13         0         1
         *Z       ---       ---  3.77e+18
         *Q - eigenvalue over the collision frequency
         *P - eigenvector projection squared on the relaxation subspace
         *Z - well partition function square root
      isomers-to-bimolecular equilibrium coefficients (kappa matrix):
        W\P    PRODS
      REACS        0
      projection error = 0
      Wa->Wb/Wb->Wa rate constants ratios:
      Wb\Wa     REACS
      REACS         1
      W->P/P->W rate constants ratios:
        P\W     REACS
      PRODS         1
   MasterEquation::direct_diagonalization_method:  done, cpu time[sec] = 3.29, elapsed time[sec] = 1
   MasterEquation::set:  starts
      Temperature      = 600 K
      Collision rate   = 2.47989e-10cm^3/sec
      Energy reference = 23997 1/cm
      Energy step      = 83 1/cm
      setting wells, barriers, and bimolecular starts
         REACS Well: density of states done, elapsed time[sec] = 0
         REACS Well: collisional energy transfer kernel done, elapsed time[sec] = 0.04
         REACS Well: relaxation modes basis done, elapsed time[sec] = 0.03
         REACS Well: kernel in relaxation modes basis done, elapsed time[sec] = 0.23
         REACS Well: relaxation eigenvalues done, elapsed time[sec] = 0.08
         REACS Well: minimal relaxation eigenvalue = 0.0541547
         REACS Well: maximal relaxation eigenvalue = 0.989699
         REACS Well:       grid size = 252
         REACS Well:      real depth = 0 1/cm
         REACS Well: effective depth = 3081 1/cm
         TS Barrier:        grid size = 151
         TS Barrier:      real height = 11486 1/cm
         TS Barrier: effective height = 11464 1/cm
      setting wells, barriers, and bimolecular done, cpu time[sec] = 0.4, elapsed time[sec] = 0
      Bound Species (D1/D2 - density of states at dissociation energy (DE)/reference energy):
       Name  Depth     DE      *D1      *D2
              1/cm   1/cm       cm       cm
      REACS   3081  11465 1.78e+13 1.07e+18
      Well-to-Bimolecular Barriers (N - number of states at the reference energy):
       Name Height       *N
              1/cm         
         TS  11465 6.02e+16
      Effective equilibrium constants(bimolecular units - cm^3):
        Q/Q     REACS     PRODS
      REACS         1  1.05e+06
      PRODS  9.56e-07         1
      Real equilibrium constants(bimolecular units - cm^3):
        Q/Q     REACS     PRODS
      REACS         1       780
      PRODS   0.00128         1
   MasterEquation::set:  done, cpu time[sec] = 0.4, elapsed time[sec] = 0
   MasterEquation::direct_diagonalization_method:  starts
      Pressure = 0.1 atm	 Temperature = 600 K
      collision frequency = 3.033e+08 1/sec
      global relaxation matrix dimension = 252
      setting global matrices ... done, cpu time[sec] = 0.04, elapsed time[sec] = 0
      diagonalizing global relaxation matrix ... done, cpu time[sec] = 0.2, elapsed time[sec] = 0
      minimal relaxation eigenvalue / collision frequency = 0.0546967
      maximal relaxation eigenvalue / collision frequency = 6.46389
      microscopic rate coefficients (at reference energy) over collision frequency:
       REACS->PRODS
            5.55373
      eigenvector populations normalized:
          L        *R        *P     REACS
          0  1.36e-06  1.33e-07         1
         *R - eigenvalue over the relaxation limit
         *P - eigenvector projection squared on the relaxation subspace
      eigenvector projections:
          L        *Q        *P     REACS
          0  7.44e-08  1.33e-07         1
         *Z       ---       ---  1.26e+18
         *Q - eigenvalue over the collision frequency
         *P - eigenvector projection squared on the relaxation subspace
         *Z - well partition function square root
      isomers-to-bimolecular equilibrium coefficients (kappa matrix):
        W\P    PRODS
      REACS        0
      projection error = 1.3e-07
      Wa->Wb/Wb->Wa rate constants ratios:
      Wb\Wa     REACS
      REACS         1
      W->P/P->W rate constants ratios:
        P\W     REACS
      PRODS         1
   MasterEquation::direct_diagonalization_method:  done, cpu time[sec] = 0.26, elapsed time[sec] = 0
   MasterEquation::direct_diagonalization_method:  starts
      Pressure = 1 atm	 Temperature = 600 K
      collision frequency = 3.033e+09 1/sec
      global relaxation matrix dimension = 252
      setting global matrices ... done, cpu time[sec] = 0.05, elapsed time[sec] = 0
      diagonalizing global relaxation matrix ... done, cpu time[sec] = 0.2, elapsed time[sec] = 0
      minimal relaxation eigenvalue / collision frequency = 0.054295
      maximal relaxation eigenvalue / collision frequency = 1.52167
      microscopic rate coefficients (at reference energy) over collision frequency:
       REACS->PRODS
           0.555373
      eigenvector populations normalized:
          L        *R        *P     REACS
          0  1.66e-07  4.68e-09         1
         *R - eigenvalue over the relaxation limit
         *P - eigenvector projection squared on the relaxation subspace
      eigenvector projections:
          L        *Q        *P     REACS
          0  8.99e-09  4.68e-09         1
         *Z       ---       ---  1.26e+18
         *Q - eigenvalue over the collision frequency
         *P - eigenvector projection squared on the relaxation subspace
         *Z - well partition function square root
      isomers-to-bimolecular equilibrium coefficients (kappa matrix):
        W\P    PRODS
      REACS        0
      projection error = 4.7e-09
      Wa->Wb/Wb->Wa rate constants ratios:
      Wb\Wa     REACS
      REACS         1
      W->P/P->W rate constants ratios:
        P\W     REACS
      PRODS         1
   MasterEquation::direct_diagonalization_method:  done, cpu time[sec] = 0.27, elapsed time[sec] = 0
   MasterEquation::direct_diagonalization_method:  starts
      Pressure = 10 atm	 Temperature = 600 K
      collision frequency = 3.033e+10 1/sec
      global relaxation matrix dimension = 252
      setting global matrices ... done, cpu time[sec] = 0.04, elapsed time[sec] = 0
      diagonalizing global relaxation matrix ... done, cpu time[sec] = 0.19, elapsed time[sec] = 0
      minimal relaxation eigenvalue / collision frequency = 0.0541777
      maximal relaxation eigenvalue / collision frequency = 1.037
      microscopic rate coefficients (at reference energy) over collision frequency:
       REACS->PRODS
          0.0555373
      some eigenvalues are too small: using low eigenvalue method
      low eigenvalue method starts
         MasterEquation::low_eigenvalue_matrix:  starts
            setting up kinetic matrices ... done, cpu time[sec] = 3.3, elapsed time[sec] = 0
            inverting kinetic matrices ... done, cpu time[sec] = 0.02, elapsed time[sec] = 0
         MasterEquation::low_eigenvalue_matrix:  done, cpu time[sec] = 3.32, elapsed time[sec] = 0
         direct-diagonalization(DD)-versus-low-eigenvalue(LE) eigenvalues
             L      DD eval      LE eval     LE proj
             0  1.73363e-08  1.73363e-08  7.86336e-11
      low eigenvalue method done, cpu time[sec] = 3.32, elapsed time[sec] = 0
      eigenvector populations normalized:
          L        *R        *P     REACS
          0  1.73e-08  7.86e-11         1
         *R - eigenvalue over the relaxation limit
         *P - eigenvector projection squared on the relaxation subspace
      eigenvector projections:
          L        *Q        *P     REACS
          0  9.39e-10  7.86e-11         1
         *Z       ---       ---  1.26e+18
         *Q - eigenvalue over the collision frequency
         *P - eigenvector projection squared on the relaxation subspace
         *Z - well partition function square root
      isomers-to-bimolecular equilibrium coefficients (kappa matrix):
        W\P    PRODS
      REACS        0
      projection error = 7.9e-11
      Wa->Wb/Wb->Wa rate constants ratios:
      Wb\Wa     REACS
      REACS         1
      W->P/P->W rate constants ratios:
        P\W     REACS
      PRODS         1
   MasterEquation::direct_diagonalization_method:  done, cpu time[sec] = 3.6, elapsed time[sec] = 0
   MasterEquation::direct_diagonalization_method:  starts
      Pressure = 1000 atm	 Temperature = 600 K
      collision frequency = 3.033e+12 1/sec
      global relaxation matrix dimension = 252
      setting global matrices ... done, cpu time[sec] = 0.06, elapsed time[sec] = 0
      diagonalizing global relaxation matrix ... done, cpu time[sec] = 0.2, elapsed time[sec] = 0
      minimal relaxation eigenvalue / collision frequency = 0.0541549
      maximal relaxation eigenvalue / collision frequency = 0.989699
      microscopic rate coefficients (at reference energy) over collision frequency:
       REACS->PRODS
        0.000555373
      some eigenvalues are too small: using low eigenvalue method
      low eigenvalue method starts
         MasterEquation::low_eigenvalue_matrix:  starts
            setting up kinetic matrices ... done, cpu time[sec] = 3.42, elapsed time[sec] = 0
            inverting kinetic matrices ... done, cpu time[sec] = 0.01, elapsed time[sec] = 0
         MasterEquation::low_eigenvalue_matrix:  done, cpu time[sec] = 3.43, elapsed time[sec] = 0
         direct-diagonalization(DD)-versus-low-eigenvalue(LE) eigenvalues
             L      DD eval      LE eval     LE proj
             0  1.74609e-10  1.74587e-10  8.85983e-15
      low eigenvalue method done, cpu time[sec] = 3.43, elapsed time[sec] = 0
      eigenvector populations normalized:
          L        *R        *P     REACS
          0  1.75e-10  8.44e-15         1
         *R - eigenvalue over the relaxation limit
         *P - eigenvector projection squared on the relaxation subspace
      eigenvector projections:
          L        *Q        *P     REACS
          0  9.45e-12  8.44e-15         1
         *Z       ---       ---  1.26e+18
         *Q - eigenvalue over the collision frequency
         *P - eigenvector projection squared on the relaxation subspace
         *Z - well partition function square root
      isomers-to-bimolecular equilibrium coefficients (kappa matrix):
        W\P    PRODS
      REACS        0
      projection error = 8.4e-15
      Wa->Wb/Wb->Wa rate constants ratios:
      Wb\Wa     REACS
      REACS         1
      W->P/P->W rate constants ratios:
        P\W     REACS
      PRODS         1
   MasterEquation::direct_diagonalization_method:  done, cpu time[sec] = 3.72, elapsed time[sec] = 0
   MasterEquation::set:  starts
      Temperature      = 700 K
      Collision rate   = 2.60029e-10cm^3/sec
      Energy reference = 26082 1/cm
      Energy step      = 97 1/cm
      setting wells, barriers, and bimolecular starts
         REACS Well: density of states done, elapsed time[sec] = 0
         REACS Well: collisional energy transfer kernel done, elapsed time[sec] = 0.04
         REACS Well: relaxation modes basis done, elapsed time[sec] = 0.04
         REACS Well: kernel in relaxation modes basis done, elapsed time[sec] = 0.25
         REACS Well: relaxation eigenvalues done, elapsed time[sec] = 0.07
         REACS Well: minimal relaxation eigenvalue = 0.0449149
         REACS Well: maximal relaxation eigenvalue = 0.991911
         REACS Well:       grid size = 251
         REACS Well:      real depth = 0 1/cm
         REACS Well: effective depth = 1735 1/cm
         TS Barrier:        grid size = 151
         TS Barrier:      real height = 11486 1/cm
         TS Barrier: effective height = 11434 1/cm
      setting wells, barriers, and bimolecular done, cpu time[sec] = 0.4, elapsed time[sec] = 0
      Bound Species (D1/D2 - density of states at dissociation energy (DE)/reference energy):
       Name  Depth     DE      *D1      *D2
              1/cm   1/cm       cm       cm
      REACS   1736  11435 1.73e+13 4.49e+18
      Well-to-Bimolecular Barriers (N - number of states at the reference energy):
       Name Height       *N
              1/cm         
         TS  11435 5.62e+17
      Effective equilibrium constants(bimolecular units - cm^3):
        Q/Q     REACS     PRODS
      REACS         1      64.2
      PRODS    0.0156         1
      Real equilibrium constants(bimolecular units - cm^3):
        Q/Q     REACS     PRODS
      REACS         1    0.0305
      PRODS      32.8         1
   MasterEquation::set:  done, cpu time[sec] = 0.4, elapsed time[sec] = 0
   MasterEquation::direct_diagonalization_method:  starts
      Pressure = 0.1 atm	 Temperature = 700 K
      collision frequency = 2.72594e+08 1/sec
      global relaxation matrix dimension = 251
      setting global matrices ... done, cpu time[sec] = 0.05, elapsed time[sec] = 0
      diagonalizing global relaxation matrix ... done, cpu time[sec] = 0.21, elapsed time[sec] = 0
      minimal relaxation eigenvalue / collision frequency = 0.0462697
      maximal relaxation eigenvalue / collision frequency = 14.6339
      microscopic rate coefficients (at reference energy) over collision frequency:
       REACS->PRODS
             13.757
      eigenvector populations normalized:
          L        *R        *P     REACS
          0  4.41e-05  7.59e-06         1
         *R - eigenvalue over the relaxation limit
         *P - eigenvector projection squared on the relaxation subspace
      eigenvector projections:
          L        *Q        *P     REACS
          0  2.04e-06  7.59e-06         1
         *Z       ---       ---  4.26e+17
         *Q - eigenvalue over the collision frequency
         *P - eigenvector projection squared on the relaxation subspace
         *Z - well partition function square root
      isomers-to-bimolecular equilibrium coefficients (kappa matrix):
        W\P    PRODS
      REACS        0
      projection error = 7.6e-06
      Wa->Wb/Wb->Wa rate constants ratios:
      Wb\Wa     REACS
      REACS         1
      W->P/P->W rate constants ratios:
        P\W     REACS
      PRODS         1
   MasterEquation::direct_diagonalization_method:  done, cpu time[sec] = 0.28, elapsed time[sec] = 0
   MasterEquation::direct_diagonalization_method:  starts
      Pressure = 1 atm	 Temperature = 700 K
      collision frequency = 2.72594e+09 1/sec
      global relaxation matrix dimension = 251
      setting global matrices ... done, cpu time[sec] = 0.05, elapsed time[sec] = 0
      diagonalizing global relaxation matrix ... done, cpu time[sec] = 0.19, elapsed time[sec] = 0
      minimal relaxation eigenvalue / collision frequency = 0.0453346
      maximal relaxation eigenvalue / collision frequency = 2.32659
      microscopic rate coefficients (at reference energy) over collision frequency:
       REACS->PRODS
             1.3757
      eigenvector populations normalized:
          L        *R        *P     REACS
          0  6.62e-06  4.48e-07         1
         *R - eigenvalue over the relaxation limit
         *P - eigenvector projection squared on the relaxation subspace
      eigenvector projections:
          L        *Q        *P     REACS
          0     3e-07  4.48e-07         1
         *Z       ---       ---  4.26e+17
         *Q - eigenvalue over the collision frequency
         *P - eigenvector projection squared on the relaxation subspace
         *Z - well partition function square root
      isomers-to-bimolecular equilibrium coefficients (kappa matrix):
        W\P    PRODS
      REACS        0
      projection error = 4.5e-07
      Wa->Wb/Wb->Wa rate constants ratios:
      Wb\Wa     REACS
      REACS         1
      W->P/P->W rate constants ratios:
        P\W     REACS
      PRODS         1
   MasterEquation::direct_diagonalization_method:  done, cpu time[sec] = 0.26, elapsed time[sec] = 0
   MasterEquation::direct_diagonalization_method:  starts
      Pressure = 10 atm	 Temperature = 700 K
      collision frequency = 2.72594e+10 1/sec
      global relaxation matrix dimension = 251
      setting global matrices ... done, cpu time[sec] = 0.05, elapsed time[sec] = 0
      diagonalizing global relaxation matrix ... done, cpu time[sec] = 0.2, elapsed time[sec] = 0
      minimal relaxation eigenvalue / collision frequency = 0.044998
      maximal relaxation eigenvalue / collision frequency = 1.11512
      microscopic rate coefficients (at reference energy) over collision frequency:
       REACS->PRODS
            0.13757
      eigenvector populations normalized:
          L        *R        *P     REACS
          0  7.55e-07  1.14e-08         1
         *R - eigenvalue over the relaxation limit
         *P - eigenvector projection squared on the relaxation subspace
      eigenvector projections:
          L        *Q        *P     REACS
          0   3.4e-08  1.14e-08         1
         *Z       ---       ---  4.26e+17
         *Q - eigenvalue over the collision frequency
         *P - eigenvector projection squared on the relaxation subspace
         *Z - well partition function square root
      isomers-to-bimolecular equilibrium coefficients (kappa matrix):
        W\P    PRODS
      REACS        0
      projection error = 1.1e-08
      Wa->Wb/Wb->Wa rate constants ratios:
      Wb\Wa     REACS
      REACS         1
      W->P/P->W rate constants ratios:
        P\W     REACS
      PRODS         1
   MasterEquation::direct_diagonalization_method:  done, cpu time[sec] = 0.27, elapsed time[sec] = 0
   MasterEquation::direct_diagonalization_method:  starts
      Pressure = 1000 atm	 Temperature = 700 K
      collision frequency = 2.72594e+12 1/sec
      global relaxation matrix dimension = 251
      setting global matrices ... done, cpu time[sec] = 0.05, elapsed time[sec] = 0
      diagonalizing global relaxation matrix ... done, cpu time[sec] = 0.19, elapsed time[sec] = 0
      minimal relaxation eigenvalue / collision frequency = 0.044916
      maximal relaxation eigenvalue / collision frequency = 0.991911
      microscopic rate coefficients (at reference energy) over collision frequency:
       REACS->PRODS
          0.0013757
      some eigenvalues are too small: using low eigenvalue method
      low eigenvalue method starts
         MasterEquation::low_eigenvalue_matrix:  starts
            setting up kinetic matrices ... done, cpu time[sec] = 2.93, elapsed time[sec] = 0
            inverting kinetic matrices ... done, cpu time[sec] = 0.02, elapsed time[sec] = 0
         MasterEquation::low_eigenvalue_matrix:  done, cpu time[sec] = 2.95, elapsed time[sec] = 0
         direct-diagonalization(DD)-versus-low-eigenvalue(LE) eigenvalues
             L      DD eval      LE eval     LE proj
             0  7.76119e-09  7.76119e-09  1.57124e-12
      low eigenvalue method done, cpu time[sec] = 2.95, elapsed time[sec] = 0
      eigenvector populations normalized:
          L        *R        *P     REACS
          0  7.76e-09  1.57e-12         1
         *R - eigenvalue over the relaxation limit
         *P - eigenvector projection squared on the relaxation subspace
      eigenvector projections:
          L        *Q        *P     REACS
          0  3.49e-10  1.57e-12         1
         *Z       ---       ---  4.26e+17
         *Q - eigenvalue over the collision frequency
         *P - eigenvector projection squared on the relaxation subspace
         *Z - well partition function square root
      isomers-to-bimolecular equilibrium coefficients (kappa matrix):
        W\P    PRODS
      REACS        0
      projection error = 1.6e-12
      Wa->Wb/Wb->Wa rate constants ratios:
      Wb\Wa     REACS
      REACS         1
      W->P/P->W rate constants ratios:
        P\W     REACS
      PRODS         1
   MasterEquation::direct_diagonalization_method:  done, cpu time[sec] = 3.21, elapsed time[sec] = 0
   MasterEquation::set:  starts
      Temperature      = 800 K
      Collision rate   = 2.7148e-10cm^3/sec
      Energy reference = 28167 1/cm
      Energy step      = 111 1/cm
      setting wells, barriers, and bimolecular starts
         REACS Well: density of states done, elapsed time[sec] = 0
         REACS Well: cannot satisfy the constant collision frequency at energy = 861 1/cm, truncating the well
         REACS Well: collisional energy transfer kernel done, elapsed time[sec] = 0.08
         REACS Well: relaxation modes basis done, elapsed time[sec] = 0.03
         REACS Well: kernel in relaxation modes basis done, elapsed time[sec] = 0.22
         REACS Well: relaxation eigenvalues done, elapsed time[sec] = 0.06
         REACS Well: minimal relaxation eigenvalue = 0.0407016
         REACS Well: maximal relaxation eigenvalue = 1.02736
         REACS Well:       grid size = 246
         REACS Well:      real depth = 0 1/cm
         REACS Well: effective depth = 860 1/cm
         TS Barrier:        grid size = 151
         TS Barrier:      real height = 11486 1/cm
         TS Barrier: effective height = 11405 1/cm
      setting wells, barriers, and bimolecular done, cpu time[sec] = 0.39, elapsed time[sec] = 0
      Bound Species (D1/D2 - density of states at dissociation energy (DE)/reference energy):
       Name  Depth     DE      *D1      *D2
              1/cm   1/cm       cm       cm
      REACS    861  11406 1.67e+13 1.75e+19
      Well-to-Bimolecular Barriers (N - number of states at the reference energy):
       Name Height       *N
              1/cm         
         TS  11406 4.34e+18
      Effective equilibrium constants(bimolecular units - cm^3):
        Q/Q     REACS     PRODS
      REACS         1    0.0303
      PRODS        33         1
      Real equilibrium constants(bimolecular units - cm^3):
        Q/Q     REACS     PRODS
      REACS         1  1.54e-05
      PRODS  6.48e+04         1
   MasterEquation::set:  done, cpu time[sec] = 0.39, elapsed time[sec] = 0
   MasterEquation::direct_diagonalization_method:  starts
      Pressure = 0.1 atm	 Temperature = 800 K
      collision frequency = 2.49023e+08 1/sec
      global relaxation matrix dimension = 246
      setting global matrices ... done, cpu time[sec] = 0.04, elapsed time[sec] = 0
      diagonalizing global relaxation matrix ... done, cpu time[sec] = 0.17, elapsed time[sec] = 0
      minimal relaxation eigenvalue / collision frequency = 0.0449619
      maximal relaxation eigenvalue / collision frequency = 30.7532
      microscopic rate coefficients (at reference energy) over collision frequency:
       REACS->PRODS
            29.8987
      eigenvector populations normalized:
          L        *R        *P     REACS
          0  0.000673  0.000197         1
         *R - eigenvalue over the relaxation limit
         *P - eigenvector projection squared on the relaxation subspace
      eigenvector projections:
          L        *Q        *P     REACS
          0  3.03e-05  0.000197        -1
         *Z       ---       ---  1.79e+17
         *Q - eigenvalue over the collision frequency
         *P - eigenvector projection squared on the relaxation subspace
         *Z - well partition function square root
      isomers-to-bimolecular equilibrium coefficients (kappa matrix):
        W\P    PRODS
      REACS        0
      projection error = 0.0002
      Wa->Wb/Wb->Wa rate constants ratios:
      Wb\Wa     REACS
      REACS         1
      W->P/P->W rate constants ratios:
        P\W     REACS
      PRODS         1
   MasterEquation::direct_diagonalization_method:  done, cpu time[sec] = 0.24, elapsed time[sec] = 0
   MasterEquation::direct_diagonalization_method:  starts
      Pressure = 1 atm	 Temperature = 800 K
      collision frequency = 2.49023e+09 1/sec
      global relaxation matrix dimension = 246
      setting global matrices ... done, cpu time[sec] = 0.04, elapsed time[sec] = 0
      diagonalizing global relaxation matrix ... done, cpu time[sec] = 0.16, elapsed time[sec] = 0
      minimal relaxation eigenvalue / collision frequency = 0.0423375
      maximal relaxation eigenvalue / collision frequency = 3.9199
      microscopic rate coefficients (at reference energy) over collision frequency:
       REACS->PRODS
            2.98987
      eigenvector populations normalized:
          L        *R        *P     REACS
          0  0.000134  1.85e-05         1
         *R - eigenvalue over the relaxation limit
         *P - eigenvector projection squared on the relaxation subspace
      eigenvector projections:
          L        *Q        *P     REACS
          0  5.66e-06  1.85e-05        -1
         *Z       ---       ---  1.79e+17
         *Q - eigenvalue over the collision frequency
         *P - eigenvector projection squared on the relaxation subspace
         *Z - well partition function square root
      isomers-to-bimolecular equilibrium coefficients (kappa matrix):
        W\P    PRODS
      REACS        0
      projection error = 1.8e-05
      Wa->Wb/Wb->Wa rate constants ratios:
      Wb\Wa     REACS
      REACS         1
      W->P/P->W rate constants ratios:
        P\W     REACS
      PRODS         1
   MasterEquation::direct_diagonalization_method:  done, cpu time[sec] = 0.23, elapsed time[sec] = 0
   MasterEquation::direct_diagonalization_method:  starts
      Pressure = 10 atm	 Temperature = 800 K
      collision frequency = 2.49023e+10 1/sec
      global relaxation matrix dimension = 246
      setting global matrices ... done, cpu time[sec] = 0.04, elapsed time[sec] = 0
      diagonalizing global relaxation matrix ... done, cpu time[sec] = 0.17, elapsed time[sec] = 0
      minimal relaxation eigenvalue / collision frequency = 0.0411216
      maximal relaxation eigenvalue / collision frequency = 1.27108
      microscopic rate coefficients (at reference energy) over collision frequency:
       REACS->PRODS
           0.298987
      eigenvector populations normalized:
          L        *R        *P     REACS
          0   1.8e-05  7.37e-07         1
         *R - eigenvalue over the relaxation limit
         *P - eigenvector projection squared on the relaxation subspace
      eigenvector projections:
          L        *Q        *P     REACS
          0  7.38e-07  7.37e-07         1
         *Z       ---       ---  1.79e+17
         *Q - eigenvalue over the collision frequency
         *P - eigenvector projection squared on the relaxation subspace
         *Z - well partition function square root
      isomers-to-bimolecular equilibrium coefficients (kappa matrix):
        W\P    PRODS
      REACS        0
      projection error = 7.4e-07
      Wa->Wb/Wb->Wa rate constants ratios:
      Wb\Wa     REACS
      REACS         1
      W->P/P->W rate constants ratios:
        P\W     REACS
      PRODS         1
   MasterEquation::direct_diagonalization_method:  done, cpu time[sec] = 0.23, elapsed time[sec] = 0
   MasterEquation::direct_diagonalization_method:  starts
      Pressure = 1000 atm	 Temperature = 800 K
      collision frequency = 2.49023e+12 1/sec
      global relaxation matrix dimension = 246
      setting global matrices ... done, cpu time[sec] = 0.05, elapsed time[sec] = 0
      diagonalizing global relaxation matrix ... done, cpu time[sec] = 0.17, elapsed time[sec] = 0
      minimal relaxation eigenvalue / collision frequency = 0.0407089
      maximal relaxation eigenvalue / collision frequency = 1.02736
      microscopic rate coefficients (at reference energy) over collision frequency:
       REACS->PRODS
         0.00298987
      eigenvector populations normalized:
          L        *R        *P     REACS
          0  1.95e-07  1.41e-10         1
         *R - eigenvalue over the relaxation limit
         *P - eigenvector projection squared on the relaxation subspace
      eigenvector projections:
          L        *Q        *P     REACS
          0  7.95e-09  1.41e-10         1
         *Z       ---       ---  1.79e+17
         *Q - eigenvalue over the collision frequency
         *P - eigenvector projection squared on the relaxation subspace
         *Z - well partition function square root
      isomers-to-bimolecular equilibrium coefficients (kappa matrix):
        W\P    PRODS
      REACS        0
      projection error = 1.4e-10
      Wa->Wb/Wb->Wa rate constants ratios:
      Wb\Wa     REACS
      REACS         1
      W->P/P->W rate constants ratios:
        P\W     REACS
      PRODS         1
   MasterEquation::direct_diagonalization_method:  done, cpu time[sec] = 0.24, elapsed time[sec] = 0
   MasterEquation::set:  starts
      Temperature      = 900 K
      Collision rate   = 2.82342e-10cm^3/sec
      Energy reference = 30252 1/cm
      Energy step      = 125 1/cm
      setting wells, barriers, and bimolecular starts
         REACS Well: density of states done, elapsed time[sec] = 0
         REACS Well: cannot satisfy the constant collision frequency at energy = 1002 1/cm, truncating the well
         REACS Well: cannot satisfy the constant collision frequency at energy = 1127 1/cm, truncating the well
         REACS Well: cannot satisfy the constant collision frequency at energy = 1252 1/cm, truncating the well
         REACS Well: collisional energy transfer kernel done, elapsed time[sec] = 0.14
         REACS Well: relaxation modes basis done, elapsed time[sec] = 0.03
         REACS Well: kernel in relaxation modes basis done, elapsed time[sec] = 0.18
         REACS Well: relaxation eigenvalues done, elapsed time[sec] = 0.06
         REACS Well: minimal relaxation eigenvalue = 0.0379787
         REACS Well: maximal relaxation eigenvalue = 1.01181
         REACS Well:       grid size = 232
         REACS Well:      real depth = 0 1/cm
         REACS Well: effective depth = 1252 1/cm
         TS Barrier:        grid size = 151
         TS Barrier:      real height = 11486 1/cm
         TS Barrier: effective height = 11377 1/cm
      setting wells, barriers, and bimolecular done, cpu time[sec] = 0.42, elapsed time[sec] = 1
      Bound Species (D1/D2 - density of states at dissociation energy (DE)/reference energy):
       Name  Depth     DE      *D1      *D2
              1/cm   1/cm       cm       cm
      REACS   1253  11377 1.62e+13 6.35e+19
      Well-to-Bimolecular Barriers (N - number of states at the reference energy):
       Name Height       *N
              1/cm         
         TS  11377 2.86e+19
      Effective equilibrium constants(bimolecular units - cm^3):
        Q/Q     REACS     PRODS
      REACS         1  7.51e-05
      PRODS  1.33e+04         1
      Real equilibrium constants(bimolecular units - cm^3):
        Q/Q     REACS     PRODS
      REACS         1  4.31e-08
      PRODS  2.32e+07         1
   MasterEquation::set:  done, cpu time[sec] = 0.42, elapsed time[sec] = 1
   MasterEquation::direct_diagonalization_method:  starts
      Pressure = 0.1 atm	 Temperature = 900 K
      collision frequency = 2.3021e+08 1/sec
      global relaxation matrix dimension = 232
      setting global matrices ... done, cpu time[sec] = 0.04, elapsed time[sec] = 0
      diagonalizing global relaxation matrix ... done, cpu time[sec] = 0.15, elapsed time[sec] = 0
      minimal relaxation eigenvalue / collision frequency = 0.0485382
      maximal relaxation eigenvalue / collision frequency = 59.6141
      microscopic rate coefficients (at reference energy) over collision frequency:
       REACS->PRODS
            58.7729
      eigenvector populations normalized:
          L        *R        *P     REACS
          0   0.00447   0.00216         1
         *R - eigenvalue over the relaxation limit
         *P - eigenvector projection squared on the relaxation subspace
      eigenvector projections:
          L        *Q        *P     REACS
          0  0.000217   0.00216    -0.999
         *Z       ---       ---  9.99e+16
         *Q - eigenvalue over the collision frequency
         *P - eigenvector projection squared on the relaxation subspace
         *Z - well partition function square root
      isomers-to-bimolecular equilibrium coefficients (kappa matrix):
        W\P    PRODS
      REACS        0
      projection error = 0.0022
      Wa->Wb/Wb->Wa rate constants ratios:
      Wb\Wa     REACS
      REACS         1
      W->P/P->W rate constants ratios:
        P\W     REACS
      PRODS         1
   MasterEquation::direct_diagonalization_method:  done, cpu time[sec] = 0.21, elapsed time[sec] = 0
   MasterEquation::direct_diagonalization_method:  starts
      Pressure = 1 atm	 Temperature = 900 K
      collision frequency = 2.3021e+09 1/sec
      global relaxation matrix dimension = 232
      setting global matrices ... done, cpu time[sec] = 0.04, elapsed time[sec] = 0
      diagonalizing global relaxation matrix ... done, cpu time[sec] = 0.17, elapsed time[sec] = 0
      minimal relaxation eigenvalue / collision frequency = 0.0427337
      maximal relaxation eigenvalue / collision frequency = 6.78305
      microscopic rate coefficients (at reference energy) over collision frequency:
       REACS->PRODS
            5.87729
      eigenvector populations normalized:
          L        *R        *P     REACS
          0   0.00122  0.000308         1
         *R - eigenvalue over the relaxation limit
         *P - eigenvector projection squared on the relaxation subspace
      eigenvector projections:
          L        *Q        *P     REACS
          0  5.21e-05  0.000308         1
         *Z       ---       ---  9.99e+16
         *Q - eigenvalue over the collision frequency
         *P - eigenvector projection squared on the relaxation subspace
         *Z - well partition function square root
      isomers-to-bimolecular equilibrium coefficients (kappa matrix):
        W\P    PRODS
      REACS        0
      projection error = 0.00031
      Wa->Wb/Wb->Wa rate constants ratios:
      Wb\Wa     REACS
      REACS         1
      W->P/P->W rate constants ratios:
        P\W     REACS
      PRODS         1
   MasterEquation::direct_diagonalization_method:  done, cpu time[sec] = 0.23, elapsed time[sec] = 0
   MasterEquation::direct_diagonalization_method:  starts
      Pressure = 10 atm	 Temperature = 900 K
      collision frequency = 2.3021e+10 1/sec
      global relaxation matrix dimension = 232
      setting global matrices ... done, cpu time[sec] = 0.04, elapsed time[sec] = 0
      diagonalizing global relaxation matrix ... done, cpu time[sec] = 0.17, elapsed time[sec] = 0
      minimal relaxation eigenvalue / collision frequency = 0.039502
      maximal relaxation eigenvalue / collision frequency = 1.55252
      microscopic rate coefficients (at reference energy) over collision frequency:
       REACS->PRODS
           0.587729
      eigenvector populations normalized:
          L        *R        *P     REACS
          0  0.000208  1.91e-05         1
         *R - eigenvalue over the relaxation limit
         *P - eigenvector projection squared on the relaxation subspace
      eigenvector projections:
          L        *Q        *P     REACS
          0  8.21e-06  1.91e-05         1
         *Z       ---       ---  9.99e+16
         *Q - eigenvalue over the collision frequency
         *P - eigenvector projection squared on the relaxation subspace
         *Z - well partition function square root
      isomers-to-bimolecular equilibrium coefficients (kappa matrix):
        W\P    PRODS
      REACS        0
      projection error = 1.9e-05
      Wa->Wb/Wb->Wa rate constants ratios:
      Wb\Wa     REACS
      REACS         1
      W->P/P->W rate constants ratios:
        P\W     REACS
      PRODS         1
   MasterEquation::direct_diagonalization_method:  done, cpu time[sec] = 0.23, elapsed time[sec] = 0
   MasterEquation::direct_diagonalization_method:  starts
      Pressure = 1000 atm	 Temperature = 900 K
      collision frequency = 2.3021e+12 1/sec
      global relaxation matrix dimension = 232
      setting global matrices ... done, cpu time[sec] = 0.04, elapsed time[sec] = 0
      diagonalizing global relaxation matrix ... done, cpu time[sec] = 0.15, elapsed time[sec] = 0
      minimal relaxation eigenvalue / collision frequency = 0.0380164
      maximal relaxation eigenvalue / collision frequency = 1.01181
      microscopic rate coefficients (at reference energy) over collision frequency:
       REACS->PRODS
         0.00587729
      eigenvector populations normalized:
          L        *R        *P     REACS
          0  2.57e-06  5.79e-09         1
         *R - eigenvalue over the relaxation limit
         *P - eigenvector projection squared on the relaxation subspace
      eigenvector projections:
          L        *Q        *P     REACS
          0  9.75e-08  5.79e-09         1
         *Z       ---       ---  9.99e+16
         *Q - eigenvalue over the collision frequency
         *P - eigenvector projection squared on the relaxation subspace
         *Z - well partition function square root
      isomers-to-bimolecular equilibrium coefficients (kappa matrix):
        W\P    PRODS
      REACS        0
      projection error = 5.8e-09
      Wa->Wb/Wb->Wa rate constants ratios:
      Wb\Wa     REACS
      REACS         1
      W->P/P->W rate constants ratios:
        P\W     REACS
      PRODS         1
   MasterEquation::direct_diagonalization_method:  done, cpu time[sec] = 0.22, elapsed time[sec] = 0
   MasterEquation::set:  starts
      Temperature      = 1000 K
      Collision rate   = 2.92635e-10cm^3/sec
      Energy reference = 32337 1/cm
      Energy step      = 139 1/cm
      setting wells, barriers, and bimolecular starts
         REACS Well: density of states done, elapsed time[sec] = 0
         REACS Well: cannot satisfy the constant collision frequency at energy = 1340 1/cm, truncating the well
         REACS Well: cannot satisfy the constant collision frequency at energy = 1479 1/cm, truncating the well
         REACS Well: cannot satisfy the constant collision frequency at energy = 1618 1/cm, truncating the well
         REACS Well: collisional energy transfer kernel done, elapsed time[sec] = 0.12
         REACS Well: relaxation modes basis done, elapsed time[sec] = 0.03
         REACS Well: kernel in relaxation modes basis done, elapsed time[sec] = 0.16
         REACS Well: relaxation eigenvalues done, elapsed time[sec] = 0.05
         REACS Well: minimal relaxation eigenvalue = 0.0357666
         REACS Well: maximal relaxation eigenvalue = 1.01205
         REACS Well:       grid size = 221
         REACS Well:      real depth = 0 1/cm
         REACS Well: effective depth = 1617 1/cm
         TS Barrier:        grid size = 151
         TS Barrier:      real height = 11486 1/cm
         TS Barrier: effective height = 11348 1/cm
      setting wells, barriers, and bimolecular done, cpu time[sec] = 0.36, elapsed time[sec] = 0
      Bound Species (D1/D2 - density of states at dissociation energy (DE)/reference energy):
       Name  Depth     DE      *D1      *D2
              1/cm   1/cm       cm       cm
      REACS   1618  11348 1.57e+13 2.17e+20
      Well-to-Bimolecular Barriers (N - number of states at the reference energy):
       Name Height       *N
              1/cm         
         TS  11348 1.66e+20
      Effective equilibrium constants(bimolecular units - cm^3):
        Q/Q     REACS     PRODS
      REACS         1  6.24e-07
      PRODS   1.6e+06         1
      Real equilibrium constants(bimolecular units - cm^3):
        Q/Q     REACS     PRODS
      REACS         1  3.98e-10
      PRODS  2.52e+09         1
   MasterEquation::set:  done, cpu time[sec] = 0.36, elapsed time[sec] = 0
   MasterEquation::direct_diagonalization_method:  starts
      Pressure = 0.1 atm	 Temperature = 1000 K
      collision frequency = 2.14743e+08 1/sec
      global relaxation matrix dimension = 221
      setting global matrices ... done, cpu time[sec] = 0.03, elapsed time[sec] = 0
      diagonalizing global relaxation matrix ... done, cpu time[sec] = 0.15, elapsed time[sec] = 0
      minimal relaxation eigenvalue / collision frequency = 0.056601
      maximal relaxation eigenvalue / collision frequency = 107.557
      microscopic rate coefficients (at reference energy) over collision frequency:
       REACS->PRODS
            106.724
      eigenvector populations normalized:
          L        *R        *P     REACS
          0    0.0159     0.012         1
         *R - eigenvalue over the relaxation limit
         *P - eigenvector projection squared on the relaxation subspace
      eigenvector projections:
          L        *Q        *P     REACS
          0  0.000899     0.012    -0.994
         *Z       ---       ---  6.94e+16
         *Q - eigenvalue over the collision frequency
         *P - eigenvector projection squared on the relaxation subspace
         *Z - well partition function square root
      isomers-to-bimolecular equilibrium coefficients (kappa matrix):
        W\P    PRODS
      REACS        0
      projection error = 0.012
      Wa->Wb/Wb->Wa rate constants ratios:
      Wb\Wa     REACS
      REACS         1
      W->P/P->W rate constants ratios:
        P\W     REACS
      PRODS         1
   MasterEquation::direct_diagonalization_method:  done, cpu time[sec] = 0.2, elapsed time[sec] = 0
   MasterEquation::direct_diagonalization_method:  starts
      Pressure = 1 atm	 Temperature = 1000 K
      collision frequency = 2.14743e+09 1/sec
      global relaxation matrix dimension = 221
      setting global matrices ... done, cpu time[sec] = 0.03, elapsed time[sec] = 0
      diagonalizing global relaxation matrix ... done, cpu time[sec] = 0.15, elapsed time[sec] = 0
      minimal relaxation eigenvalue / collision frequency = 0.0462345
      maximal relaxation eigenvalue / collision frequency = 11.5546
      microscopic rate coefficients (at reference energy) over collision frequency:
       REACS->PRODS
            10.6724
      eigenvector populations normalized:
          L        *R        *P     REACS
          0   0.00585   0.00249         1
         *R - eigenvalue over the relaxation limit
         *P - eigenvector projection squared on the relaxation subspace
      eigenvector projections:
          L        *Q        *P     REACS
          0   0.00027   0.00249    -0.999
         *Z       ---       ---  6.94e+16
         *Q - eigenvalue over the collision frequency
         *P - eigenvector projection squared on the relaxation subspace
         *Z - well partition function square root
      isomers-to-bimolecular equilibrium coefficients (kappa matrix):
        W\P    PRODS
      REACS        0
      projection error = 0.0025
      Wa->Wb/Wb->Wa rate constants ratios:
      Wb\Wa     REACS
      REACS         1
      W->P/P->W rate constants ratios:
        P\W     REACS
      PRODS         1
   MasterEquation::direct_diagonalization_method:  done, cpu time[sec] = 0.2, elapsed time[sec] = 0
   MasterEquation::direct_diagonalization_method:  starts
      Pressure = 10 atm	 Temperature = 1000 K
      collision frequency = 2.14743e+10 1/sec
      global relaxation matrix dimension = 221
      setting global matrices ... done, cpu time[sec] = 0.04, elapsed time[sec] = 0
      diagonalizing global relaxation matrix ... done, cpu time[sec] = 0.15, elapsed time[sec] = 0
      minimal relaxation eigenvalue / collision frequency = 0.0397121
      maximal relaxation eigenvalue / collision frequency = 2.02263
      microscopic rate coefficients (at reference energy) over collision frequency:
       REACS->PRODS
            1.06724
      eigenvector populations normalized:
          L        *R        *P     REACS
          0   0.00133  0.000236         1
         *R - eigenvalue over the relaxation limit
         *P - eigenvector projection squared on the relaxation subspace
      eigenvector projections:
          L        *Q        *P     REACS
          0  5.29e-05  0.000236         1
         *Z       ---       ---  6.94e+16
         *Q - eigenvalue over the collision frequency
         *P - eigenvector projection squared on the relaxation subspace
         *Z - well partition function square root
      isomers-to-bimolecular equilibrium coefficients (kappa matrix):
        W\P    PRODS
      REACS        0
      projection error = 0.00024
      Wa->Wb/Wb->Wa rate constants ratios:
      Wb\Wa     REACS
      REACS         1
      W->P/P->W rate constants ratios:
        P\W     REACS
      PRODS         1
   MasterEquation::direct_diagonalization_method:  done, cpu time[sec] = 0.2, elapsed time[sec] = 0
   MasterEquation::direct_diagonalization_method:  starts
      Pressure = 1000 atm	 Temperature = 1000 K
      collision frequency = 2.14743e+12 1/sec
      global relaxation matrix dimension = 221
      setting global matrices ... done, cpu time[sec] = 0.05, elapsed time[sec] = 0
      diagonalizing global relaxation matrix ... done, cpu time[sec] = 0.14, elapsed time[sec] = 0
      minimal relaxation eigenvalue / collision frequency = 0.0359066
      maximal relaxation eigenvalue / collision frequency = 1.01205
      microscopic rate coefficients (at reference energy) over collision frequency:
       REACS->PRODS
          0.0106724
      eigenvector populations normalized:
          L        *R        *P     REACS
          0  2.05e-05  1.26e-07         1
         *R - eigenvalue over the relaxation limit
         *P - eigenvector projection squared on the relaxation subspace
      eigenvector projections:
          L        *Q        *P     REACS
          0  7.37e-07  1.26e-07        -1
         *Z       ---       ---  6.94e+16
         *Q - eigenvalue over the collision frequency
         *P - eigenvector projection squared on the relaxation subspace
         *Z - well partition function square root
      isomers-to-bimolecular equilibrium coefficients (kappa matrix):
        W\P    PRODS
      REACS        0
      projection error = 1.3e-07
      Wa->Wb/Wb->Wa rate constants ratios:
      Wb\Wa     REACS
      REACS         1
      W->P/P->W rate constants ratios:
        P\W     REACS
      PRODS         1
   MasterEquation::direct_diagonalization_method:  done, cpu time[sec] = 0.2, elapsed time[sec] = 0
   MasterEquation::set:  starts
      Temperature      = 1100 K
      Collision rate   = 3.02395e-10cm^3/sec
      Energy reference = 34422 1/cm
      Energy step      = 153 1/cm
      setting wells, barriers, and bimolecular starts
         REACS Well: density of states done, elapsed time[sec] = 0
         REACS Well: cannot satisfy the constant collision frequency at energy = 1680 1/cm, truncating the well
         REACS Well: cannot satisfy the constant collision frequency at energy = 1833 1/cm, truncating the well
         REACS Well: cannot satisfy the constant collision frequency at energy = 1986 1/cm, truncating the well
         REACS Well: collisional energy transfer kernel done, elapsed time[sec] = 0.12
         REACS Well: relaxation modes basis done, elapsed time[sec] = 0.03
         REACS Well: kernel in relaxation modes basis done, elapsed time[sec] = 0.15
         REACS Well: relaxation eigenvalues done, elapsed time[sec] = 0.04
         REACS Well: minimal relaxation eigenvalue = 0.0339413
         REACS Well: maximal relaxation eigenvalue = 1.00959
         REACS Well:       grid size = 212
         REACS Well:      real depth = 0 1/cm
         REACS Well: effective depth = 1985 1/cm
         TS Barrier:        grid size = 150
         TS Barrier:      real height = 11486 1/cm
         TS Barrier: effective height = 11472 1/cm
      setting wells, barriers, and bimolecular done, cpu time[sec] = 0.36, elapsed time[sec] = 0
      Bound Species (D1/D2 - density of states at dissociation energy (DE)/reference energy):
       Name  Depth     DE      *D1      *D2
              1/cm   1/cm       cm       cm
      REACS   1986  11472  1.8e+13 7.04e+20
      Well-to-Bimolecular Barriers (N - number of states at the reference energy):
       Name Height       *N
              1/cm         
         TS  11472 8.61e+20
      Effective equilibrium constants(bimolecular units - cm^3):
        Q/Q     REACS     PRODS
      REACS         1  1.25e-08
      PRODS     8e+07         1
      Real equilibrium constants(bimolecular units - cm^3):
        Q/Q     REACS     PRODS
      REACS         1  8.75e-12
      PRODS  1.14e+11         1
   MasterEquation::set:  done, cpu time[sec] = 0.36, elapsed time[sec] = 0
   MasterEquation::direct_diagonalization_method:  starts
      Pressure = 0.1 atm	 Temperature = 1100 K
      collision frequency = 2.01732e+08 1/sec
      global relaxation matrix dimension = 212
      setting global matrices ... done, cpu time[sec] = 0.03, elapsed time[sec] = 0
      diagonalizing global relaxation matrix ... done, cpu time[sec] = 0.12, elapsed time[sec] = 0
      minimal relaxation eigenvalue / collision frequency = 0.0694065
      maximal relaxation eigenvalue / collision frequency = 182.589
      microscopic rate coefficients (at reference energy) over collision frequency:
       REACS->PRODS
            181.761
      eigenvector populations normalized:
          L        *R        *P     REACS
          0     0.037    0.0408         1
         *R - eigenvalue over the relaxation limit
         *P - eigenvector projection squared on the relaxation subspace
      eigenvector projections:
          L        *Q        *P     REACS
          0   0.00257    0.0408     0.979
         *Z       ---       ---  5.62e+16
         *Q - eigenvalue over the collision frequency
         *P - eigenvector projection squared on the relaxation subspace
         *Z - well partition function square root
      isomers-to-bimolecular equilibrium coefficients (kappa matrix):
        W\P    PRODS
      REACS        0
      projection error = 0.041
      Wa->Wb/Wb->Wa rate constants ratios:
      Wb\Wa     REACS
      REACS         1
      W->P/P->W rate constants ratios:
        P\W     REACS
      PRODS         1
   MasterEquation::direct_diagonalization_method:  done, cpu time[sec] = 0.17, elapsed time[sec] = 0
   MasterEquation::direct_diagonalization_method:  starts
      Pressure = 1 atm	 Temperature = 1100 K
      collision frequency = 2.01732e+09 1/sec
      global relaxation matrix dimension = 212
      setting global matrices ... done, cpu time[sec] = 0.04, elapsed time[sec] = 0
      diagonalizing global relaxation matrix ... done, cpu time[sec] = 0.13, elapsed time[sec] = 0
      minimal relaxation eigenvalue / collision frequency = 0.0531776
      maximal relaxation eigenvalue / collision frequency = 19.0391
      microscopic rate coefficients (at reference energy) over collision frequency:
       REACS->PRODS
            18.1761
      eigenvector populations normalized:
          L        *R        *P     REACS
          0    0.0175    0.0116         1
         *R - eigenvalue over the relaxation limit
         *P - eigenvector projection squared on the relaxation subspace
      eigenvector projections:
          L        *Q        *P     REACS
          0  0.000929    0.0116     0.994
         *Z       ---       ---  5.62e+16
         *Q - eigenvalue over the collision frequency
         *P - eigenvector projection squared on the relaxation subspace
         *Z - well partition function square root
      isomers-to-bimolecular equilibrium coefficients (kappa matrix):
        W\P    PRODS
      REACS        0
      projection error = 0.012
      Wa->Wb/Wb->Wa rate constants ratios:
      Wb\Wa     REACS
      REACS         1
      W->P/P->W rate constants ratios:
        P\W     REACS
      PRODS         1
   MasterEquation::direct_diagonalization_method:  done, cpu time[sec] = 0.18, elapsed time[sec] = 0
   MasterEquation::direct_diagonalization_method:  starts
      Pressure = 10 atm	 Temperature = 1100 K
      collision frequency = 2.01732e+10 1/sec
      global relaxation matrix dimension = 212
      setting global matrices ... done, cpu time[sec] = 0.03, elapsed time[sec] = 0
      diagonalizing global relaxation matrix ... done, cpu time[sec] = 0.15, elapsed time[sec] = 0
      minimal relaxation eigenvalue / collision frequency = 0.0421015
      maximal relaxation eigenvalue / collision frequency = 2.7614
      microscopic rate coefficients (at reference energy) over collision frequency:
       REACS->PRODS
            1.81761
      eigenvector populations normalized:
          L        *R        *P     REACS
          0   0.00533   0.00163         1
         *R - eigenvalue over the relaxation limit
         *P - eigenvector projection squared on the relaxation subspace
      eigenvector projections:
          L        *Q        *P     REACS
          0  0.000224   0.00163    -0.999
         *Z       ---       ---  5.62e+16
         *Q - eigenvalue over the collision frequency
         *P - eigenvector projection squared on the relaxation subspace
         *Z - well partition function square root
      isomers-to-bimolecular equilibrium coefficients (kappa matrix):
        W\P    PRODS
      REACS        0
      projection error = 0.0016
      Wa->Wb/Wb->Wa rate constants ratios:
      Wb\Wa     REACS
      REACS         1
      W->P/P->W rate constants ratios:
        P\W     REACS
      PRODS         1
   MasterEquation::direct_diagonalization_method:  done, cpu time[sec] = 0.2, elapsed time[sec] = 0
   MasterEquation::direct_diagonalization_method:  starts
      Pressure = 1000 atm	 Temperature = 1100 K
      collision frequency = 2.01732e+12 1/sec
      global relaxation matrix dimension = 212
      setting global matrices ... done, cpu time[sec] = 0.03, elapsed time[sec] = 0
      diagonalizing global relaxation matrix ... done, cpu time[sec] = 0.12, elapsed time[sec] = 0
      minimal relaxation eigenvalue / collision frequency = 0.0343473
      maximal relaxation eigenvalue / collision frequency = 1.00959
      microscopic rate coefficients (at reference energy) over collision frequency:
       REACS->PRODS
          0.0181761
      eigenvector populations normalized:
          L        *R        *P     REACS
          0  0.000113  1.66e-06         1
         *R - eigenvalue over the relaxation limit
         *P - eigenvector projection squared on the relaxation subspace
      eigenvector projections:
          L        *Q        *P     REACS
          0  3.89e-06  1.66e-06         1
         *Z       ---       ---  5.62e+16
         *Q - eigenvalue over the collision frequency
         *P - eigenvector projection squared on the relaxation subspace
         *Z - well partition function square root
      isomers-to-bimolecular equilibrium coefficients (kappa matrix):
        W\P    PRODS
      REACS        0
      projection error = 1.7e-06
      Wa->Wb/Wb->Wa rate constants ratios:
      Wb\Wa     REACS
      REACS         1
      W->P/P->W rate constants ratios:
        P\W     REACS
      PRODS         1
   MasterEquation::direct_diagonalization_method:  done, cpu time[sec] = 0.18, elapsed time[sec] = 0
   MasterEquation::set:  starts
      Temperature      = 1200 K
      Collision rate   = 3.11664e-10cm^3/sec
      Energy reference = 36508 1/cm
      Energy step      = 167 1/cm
      setting wells, barriers, and bimolecular starts
         REACS Well: density of states done, elapsed time[sec] = 0.01
         REACS Well: cannot satisfy the constant collision frequency at energy = 2106 1/cm, truncating the well
         REACS Well: cannot satisfy the constant collision frequency at energy = 2273 1/cm, truncating the well
         REACS Well: collisional energy transfer kernel done, elapsed time[sec] = 0.08
         REACS Well: relaxation modes basis done, elapsed time[sec] = 0.03
         REACS Well: kernel in relaxation modes basis done, elapsed time[sec] = 0.14
         REACS Well: relaxation eigenvalues done, elapsed time[sec] = 0.03
         REACS Well: minimal relaxation eigenvalue = 0.032422
         REACS Well: maximal relaxation eigenvalue = 1.01927
         REACS Well:       grid size = 205
         REACS Well:      real depth = 0 1/cm
         REACS Well: effective depth = 2273 1/cm
         TS Barrier:        grid size = 150
         TS Barrier:      real height = 11486 1/cm
         TS Barrier: effective height = 11458 1/cm
      setting wells, barriers, and bimolecular done, cpu time[sec] = 0.3, elapsed time[sec] = 0
      Bound Species (D1/D2 - density of states at dissociation energy (DE)/reference energy):
       Name  Depth     DE      *D1      *D2
              1/cm   1/cm       cm       cm
      REACS   2274  11459 1.77e+13 2.17e+21
      Well-to-Bimolecular Barriers (N - number of states at the reference energy):
       Name Height       *N
              1/cm         
         TS  11459 4.06e+21
      Effective equilibrium constants(bimolecular units - cm^3):
        Q/Q     REACS     PRODS
      REACS         1  4.84e-10
      PRODS  2.07e+09         1
      Real equilibrium constants(bimolecular units - cm^3):
        Q/Q     REACS     PRODS
      REACS         1   3.7e-13
      PRODS  2.71e+12         1
   MasterEquation::set:  done, cpu time[sec] = 0.3, elapsed time[sec] = 0
   MasterEquation::direct_diagonalization_method:  starts
      Pressure = 0.1 atm	 Temperature = 1200 K
      collision frequency = 1.90589e+08 1/sec
      global relaxation matrix dimension = 205
      setting global matrices ... done, cpu time[sec] = 0.03, elapsed time[sec] = 0
      diagonalizing global relaxation matrix ... done, cpu time[sec] = 0.11, elapsed time[sec] = 0
      minimal relaxation eigenvalue / collision frequency = 0.087039
      maximal relaxation eigenvalue / collision frequency = 294.509
      microscopic rate coefficients (at reference energy) over collision frequency:
       REACS->PRODS
            293.685
      eigenvector populations normalized:
          L        *R        *P     REACS
          0    0.0658    0.0981         1
         *R - eigenvalue over the relaxation limit
         *P - eigenvector projection squared on the relaxation subspace
      eigenvector projections:
          L        *Q        *P     REACS
          0   0.00573    0.0981     -0.95
         *Z       ---       ---   5.1e+16
         *Q - eigenvalue over the collision frequency
         *P - eigenvector projection squared on the relaxation subspace
         *Z - well partition function square root
      isomers-to-bimolecular equilibrium coefficients (kappa matrix):
        W\P    PRODS
      REACS    0.098
      projection error = 0.098
      Wa->Wb/Wb->Wa rate constants ratios:
      Wb\Wa     REACS
      REACS         1
      W->P/P->W rate constants ratios:
        P\W     REACS
      PRODS       1.1
   MasterEquation::direct_diagonalization_method:  done, cpu time[sec] = 0.16, elapsed time[sec] = 0
   MasterEquation::direct_diagonalization_method:  starts
      Pressure = 1 atm	 Temperature = 1200 K
      collision frequency = 1.90589e+09 1/sec
      global relaxation matrix dimension = 205
      setting global matrices ... done, cpu time[sec] = 0.03, elapsed time[sec] = 0
      diagonalizing global relaxation matrix ... done, cpu time[sec] = 0.13, elapsed time[sec] = 0
      minimal relaxation eigenvalue / collision frequency = 0.0636976
      maximal relaxation eigenvalue / collision frequency = 30.2171
      microscopic rate coefficients (at reference energy) over collision frequency:
       REACS->PRODS
            29.3685
      eigenvector populations normalized:
          L        *R        *P     REACS
          0    0.0374    0.0359         1
         *R - eigenvalue over the relaxation limit
         *P - eigenvector projection squared on the relaxation subspace
      eigenvector projections:
          L        *Q        *P     REACS
          0   0.00238    0.0359    -0.982
         *Z       ---       ---   5.1e+16
         *Q - eigenvalue over the collision frequency
         *P - eigenvector projection squared on the relaxation subspace
         *Z - well partition function square root
      isomers-to-bimolecular equilibrium coefficients (kappa matrix):
        W\P    PRODS
      REACS        0
      projection error = 0.036
      Wa->Wb/Wb->Wa rate constants ratios:
      Wb\Wa     REACS
      REACS         1
      W->P/P->W rate constants ratios:
        P\W     REACS
      PRODS         1
   MasterEquation::direct_diagonalization_method:  done, cpu time[sec] = 0.17, elapsed time[sec] = 0
   MasterEquation::direct_diagonalization_method:  starts
      Pressure = 10 atm	 Temperature = 1200 K
      collision frequency = 1.90589e+10 1/sec
      global relaxation matrix dimension = 205
      setting global matrices ... done, cpu time[sec] = 0.03, elapsed time[sec] = 0
      diagonalizing global relaxation matrix ... done, cpu time[sec] = 0.12, elapsed time[sec] = 0
      minimal relaxation eigenvalue / collision frequency = 0.0468848
      maximal relaxation eigenvalue / collision frequency = 3.86697
      microscopic rate coefficients (at reference energy) over collision frequency:
       REACS->PRODS
            2.93685
      eigenvector populations normalized:
          L        *R        *P     REACS
          0    0.0147   0.00713         1
         *R - eigenvalue over the relaxation limit
         *P - eigenvector projection squared on the relaxation subspace
      eigenvector projections:
          L        *Q        *P     REACS
          0  0.000691   0.00713     0.996
         *Z       ---       ---   5.1e+16
         *Q - eigenvalue over the collision frequency
         *P - eigenvector projection squared on the relaxation subspace
         *Z - well partition function square root
      isomers-to-bimolecular equilibrium coefficients (kappa matrix):
        W\P    PRODS
      REACS        0
      projection error = 0.0071
      Wa->Wb/Wb->Wa rate constants ratios:
      Wb\Wa     REACS
      REACS         1
      W->P/P->W rate constants ratios:
        P\W     REACS
      PRODS         1
   MasterEquation::direct_diagonalization_method:  done, cpu time[sec] = 0.17, elapsed time[sec] = 0
   MasterEquation::direct_diagonalization_method:  starts
      Pressure = 1000 atm	 Temperature = 1200 K
      collision frequency = 1.90589e+12 1/sec
      global relaxation matrix dimension = 205
      setting global matrices ... done, cpu time[sec] = 0.03, elapsed time[sec] = 0
      diagonalizing global relaxation matrix ... done, cpu time[sec] = 0.13, elapsed time[sec] = 0
      minimal relaxation eigenvalue / collision frequency = 0.033389
      maximal relaxation eigenvalue / collision frequency = 1.01927
      microscopic rate coefficients (at reference energy) over collision frequency:
       REACS->PRODS
          0.0293685
      eigenvector populations normalized:
          L        *R        *P     REACS
          0  0.000468  1.46e-05         1
         *R - eigenvalue over the relaxation limit
         *P - eigenvector projection squared on the relaxation subspace
      eigenvector projections:
          L        *Q        *P     REACS
          0  1.56e-05  1.46e-05         1
         *Z       ---       ---   5.1e+16
         *Q - eigenvalue over the collision frequency
         *P - eigenvector projection squared on the relaxation subspace
         *Z - well partition function square root
      isomers-to-bimolecular equilibrium coefficients (kappa matrix):
        W\P    PRODS
      REACS        0
      projection error = 1.5e-05
      Wa->Wb/Wb->Wa rate constants ratios:
      Wb\Wa     REACS
      REACS         1
      W->P/P->W rate constants ratios:
        P\W     REACS
      PRODS         1
   MasterEquation::direct_diagonalization_method:  done, cpu time[sec] = 0.17, elapsed time[sec] = 0
   MasterEquation::set:  starts
      Temperature      = 1300 K
      Collision rate   = 3.20484e-10cm^3/sec
      Energy reference = 38593 1/cm
      Energy step      = 181 1/cm
      setting wells, barriers, and bimolecular starts
         REACS Well: density of states done, elapsed time[sec] = 0
         REACS Well: cannot satisfy the constant collision frequency at energy = 2393 1/cm, truncating the well
         REACS Well: cannot satisfy the constant collision frequency at energy = 2574 1/cm, truncating the well
         REACS Well: cannot satisfy the constant collision frequency at energy = 2755 1/cm, truncating the well
         REACS Well: collisional energy transfer kernel done, elapsed time[sec] = 0.11
         REACS Well: relaxation modes basis done, elapsed time[sec] = 0.02
         REACS Well: kernel in relaxation modes basis done, elapsed time[sec] = 0.13
         REACS Well: relaxation eigenvalues done, elapsed time[sec] = 0.03
         REACS Well: minimal relaxation eigenvalue = 0.0311613
         REACS Well: maximal relaxation eigenvalue = 1.01232
         REACS Well:       grid size = 198
         REACS Well:      real depth = 0 1/cm
         REACS Well: effective depth = 2754 1/cm
         TS Barrier:        grid size = 150
         TS Barrier:      real height = 11486 1/cm
         TS Barrier: effective height = 11443 1/cm
      setting wells, barriers, and bimolecular done, cpu time[sec] = 0.29, elapsed time[sec] = 0
      Bound Species (D1/D2 - density of states at dissociation energy (DE)/reference energy):
       Name  Depth     DE      *D1      *D2
              1/cm   1/cm       cm       cm
      REACS   2755  11443 1.74e+13  6.4e+21
      Well-to-Bimolecular Barriers (N - number of states at the reference energy):
       Name Height       *N
              1/cm         
         TS  11443 1.75e+22
      Effective equilibrium constants(bimolecular units - cm^3):
        Q/Q     REACS     PRODS
      REACS         1  3.11e-11
      PRODS  3.22e+10         1
      Real equilibrium constants(bimolecular units - cm^3):
        Q/Q     REACS     PRODS
      REACS         1  2.57e-14
      PRODS  3.88e+13         1
   MasterEquation::set:  done, cpu time[sec] = 0.29, elapsed time[sec] = 0
   MasterEquation::direct_diagonalization_method:  starts
      Pressure = 0.1 atm	 Temperature = 1300 K
      collision frequency = 1.80907e+08 1/sec
      global relaxation matrix dimension = 198
      setting global matrices ... done, cpu time[sec] = 0.02, elapsed time[sec] = 0
      diagonalizing global relaxation matrix ... done, cpu time[sec] = 0.12, elapsed time[sec] = 0
      minimal relaxation eigenvalue / collision frequency = 0.109737
      maximal relaxation eigenvalue / collision frequency = 454.726
      microscopic rate coefficients (at reference energy) over collision frequency:
       REACS->PRODS
            453.905
      eigenvector populations normalized:
          L        *R        *P     REACS
          0    0.0985     0.185         1
         *R - eigenvalue over the relaxation limit
         *P - eigenvector projection squared on the relaxation subspace
      eigenvector projections:
          L        *Q        *P     REACS
          0    0.0108     0.185    -0.903
         *Z       ---       ---  5.02e+16
         *Q - eigenvalue over the collision frequency
         *P - eigenvector projection squared on the relaxation subspace
         *Z - well partition function square root
      isomers-to-bimolecular equilibrium coefficients (kappa matrix):
        W\P    PRODS
      REACS     0.19
      projection error = 0.19
      Wa->Wb/Wb->Wa rate constants ratios:
      Wb\Wa     REACS
      REACS         1
      W->P/P->W rate constants ratios:
        P\W     REACS
      PRODS       1.2
   MasterEquation::direct_diagonalization_method:  done, cpu time[sec] = 0.17, elapsed time[sec] = 0
   MasterEquation::direct_diagonalization_method:  starts
      Pressure = 1 atm	 Temperature = 1300 K
      collision frequency = 1.80907e+09 1/sec
      global relaxation matrix dimension = 198
      setting global matrices ... done, cpu time[sec] = 0.03, elapsed time[sec] = 0
      diagonalizing global relaxation matrix ... done, cpu time[sec] = 0.11, elapsed time[sec] = 0
      minimal relaxation eigenvalue / collision frequency = 0.0779427
      maximal relaxation eigenvalue / collision frequency = 46.2287
      microscopic rate coefficients (at reference energy) over collision frequency:
       REACS->PRODS
            45.3905
      eigenvector populations normalized:
          L        *R        *P     REACS
          0     0.064    0.0826         1
         *R - eigenvalue over the relaxation limit
         *P - eigenvector projection squared on the relaxation subspace
      eigenvector projections:
          L        *Q        *P     REACS
          0   0.00498    0.0826     0.958
         *Z       ---       ---  5.02e+16
         *Q - eigenvalue over the collision frequency
         *P - eigenvector projection squared on the relaxation subspace
         *Z - well partition function square root
      isomers-to-bimolecular equilibrium coefficients (kappa matrix):
        W\P    PRODS
      REACS    0.083
      projection error = 0.083
      Wa->Wb/Wb->Wa rate constants ratios:
      Wb\Wa     REACS
      REACS         1
      W->P/P->W rate constants ratios:
        P\W     REACS
      PRODS       1.1
   MasterEquation::direct_diagonalization_method:  done, cpu time[sec] = 0.16, elapsed time[sec] = 0
   MasterEquation::direct_diagonalization_method:  starts
      Pressure = 10 atm	 Temperature = 1300 K
      collision frequency = 1.80907e+10 1/sec
      global relaxation matrix dimension = 198
      setting global matrices ... done, cpu time[sec] = 0.04, elapsed time[sec] = 0
      diagonalizing global relaxation matrix ... done, cpu time[sec] = 0.12, elapsed time[sec] = 0
      minimal relaxation eigenvalue / collision frequency = 0.0542023
      maximal relaxation eigenvalue / collision frequency = 5.454
      microscopic rate coefficients (at reference energy) over collision frequency:
       REACS->PRODS
            4.53905
      eigenvector populations normalized:
          L        *R        *P     REACS
          0     0.031    0.0219         1
         *R - eigenvalue over the relaxation limit
         *P - eigenvector projection squared on the relaxation subspace
      eigenvector projections:
          L        *Q        *P     REACS
          0   0.00168    0.0219    -0.989
         *Z       ---       ---  5.02e+16
         *Q - eigenvalue over the collision frequency
         *P - eigenvector projection squared on the relaxation subspace
         *Z - well partition function square root
      isomers-to-bimolecular equilibrium coefficients (kappa matrix):
        W\P    PRODS
      REACS        0
      projection error = 0.022
      Wa->Wb/Wb->Wa rate constants ratios:
      Wb\Wa     REACS
      REACS         1
      W->P/P->W rate constants ratios:
        P\W     REACS
      PRODS         1
   MasterEquation::direct_diagonalization_method:  done, cpu time[sec] = 0.17, elapsed time[sec] = 0
   MasterEquation::direct_diagonalization_method:  starts
      Pressure = 1000 atm	 Temperature = 1300 K
      collision frequency = 1.80907e+12 1/sec
      global relaxation matrix dimension = 198
      setting global matrices ... done, cpu time[sec] = 0.04, elapsed time[sec] = 0
      diagonalizing global relaxation matrix ... done, cpu time[sec] = 0.13, elapsed time[sec] = 0
      minimal relaxation eigenvalue / collision frequency = 0.0331347
      maximal relaxation eigenvalue / collision frequency = 1.02614
      microscopic rate coefficients (at reference energy) over collision frequency:
       REACS->PRODS
          0.0453905
      eigenvector populations normalized:
          L        *R        *P     REACS
          0   0.00152  9.09e-05         1
         *R - eigenvalue over the relaxation limit
         *P - eigenvector projection squared on the relaxation subspace
      eigenvector projections:
          L        *Q        *P     REACS
          0  5.03e-05  9.09e-05        -1
         *Z       ---       ---  5.02e+16
         *Q - eigenvalue over the collision frequency
         *P - eigenvector projection squared on the relaxation subspace
         *Z - well partition function square root
      isomers-to-bimolecular equilibrium coefficients (kappa matrix):
        W\P    PRODS
      REACS        0
      projection error = 9.1e-05
      Wa->Wb/Wb->Wa rate constants ratios:
      Wb\Wa     REACS
      REACS         1
      W->P/P->W rate constants ratios:
        P\W     REACS
      PRODS         1
   MasterEquation::direct_diagonalization_method:  done, cpu time[sec] = 0.18, elapsed time[sec] = 0
   MasterEquation::set:  starts
      Temperature      = 1400 K
      Collision rate   = 3.28898e-10cm^3/sec
      Energy reference = 40678 1/cm
      Energy step      = 195 1/cm
      setting wells, barriers, and bimolecular starts
         REACS Well: density of states done, elapsed time[sec] = 0
         REACS Well: cannot satisfy the constant collision frequency at energy = 2848 1/cm, truncating the well
         REACS Well: cannot satisfy the constant collision frequency at energy = 3043 1/cm, truncating the well
         REACS Well: cannot satisfy the constant collision frequency at energy = 3238 1/cm, truncating the well
         REACS Well: collisional energy transfer kernel done, elapsed time[sec] = 0.1
         REACS Well: relaxation modes basis done, elapsed time[sec] = 0.02
         REACS Well: kernel in relaxation modes basis done, elapsed time[sec] = 0.11
         REACS Well: relaxation eigenvalues done, elapsed time[sec] = 0.03
         REACS Well: minimal relaxation eigenvalue = 0.030111
         REACS Well: maximal relaxation eigenvalue = 1.00921
         REACS Well:       grid size = 192
         REACS Well:      real depth = 0 1/cm
         REACS Well: effective depth = 3237 1/cm
         TS Barrier:        grid size = 150
         TS Barrier:      real height = 11486 1/cm
         TS Barrier: effective height = 11427 1/cm
      setting wells, barriers, and bimolecular done, cpu time[sec] = 0.28, elapsed time[sec] = 0
      Bound Species (D1/D2 - density of states at dissociation energy (DE)/reference energy):
       Name  Depth     DE      *D1      *D2
              1/cm   1/cm       cm       cm
      REACS   3238  11428 1.71e+13 1.81e+22
      Well-to-Bimolecular Barriers (N - number of states at the reference energy):
       Name Height       *N
              1/cm         
         TS  11428 7.03e+22
      Effective equilibrium constants(bimolecular units - cm^3):
        Q/Q     REACS     PRODS
      REACS         1  2.98e-12
      PRODS  3.36e+11         1
      Real equilibrium constants(bimolecular units - cm^3):
        Q/Q     REACS     PRODS
      REACS         1  2.66e-15
      PRODS  3.77e+14         1
   MasterEquation::set:  done, cpu time[sec] = 0.28, elapsed time[sec] = 0
   MasterEquation::direct_diagonalization_method:  starts
      Pressure = 0.1 atm	 Temperature = 1400 K
      collision frequency = 1.72395e+08 1/sec
      global relaxation matrix dimension = 192
      setting global matrices ... done, cpu time[sec] = 0.02, elapsed time[sec] = 0
      diagonalizing global relaxation matrix ... done, cpu time[sec] = 0.11, elapsed time[sec] = 0
      minimal relaxation eigenvalue / collision frequency = 0.137533
      maximal relaxation eigenvalue / collision frequency = 676.519
      microscopic rate coefficients (at reference energy) over collision frequency:
       REACS->PRODS
            675.701
      eigenvector populations normalized:
          L        *R        *P     REACS
          0     0.132     0.294         1
         *R - eigenvalue over the relaxation limit
         *P - eigenvector projection squared on the relaxation subspace
      eigenvector projections:
          L        *Q        *P     REACS
          0    0.0182     0.294     -0.84
         *Z       ---       ---  5.26e+16
         *Q - eigenvalue over the collision frequency
         *P - eigenvector projection squared on the relaxation subspace
         *Z - well partition function square root
      dimension of the chemical subspace = 0
      isomers-to-bimolecular equilibrium coefficients (kappa matrix):
        W\P    PRODS
      REACS        1
   MasterEquation::direct_diagonalization_method:  done, cpu time[sec] = 0.14, elapsed time[sec] = 0
   MasterEquation::direct_diagonalization_method:  starts
      Pressure = 1 atm	 Temperature = 1.4e+03 K
      collision frequency = 1.7e+09 1/sec
      global relaxation matrix dimension = 192
      setting global matrices ... done, cpu time[sec] = 0.02, elapsed time[sec] = 0
      diagonalizing global relaxation matrix ... done, cpu time[sec] = 0.09, elapsed time[sec] = 0
      minimal relaxation eigenvalue / collision frequency = 0.096
      maximal relaxation eigenvalue / collision frequency = 68
      microscopic rate coefficients (at reference energy) over collision frequency:
       REACS->PRODS
                 68
      eigenvector populations normalized:
          L        *R        *P     REACS
          0    0.0942     0.154         1
         *R - eigenvalue over the relaxation limit
         *P - eigenvector projection squared on the relaxation subspace
      eigenvector projections:
          L        *Q        *P     REACS
          0   0.00904     0.154      0.92
         *Z       ---       ---  5.26e+16
         *Q - eigenvalue over the collision frequency
         *P - eigenvector projection squared on the relaxation subspace
         *Z - well partition function square root
      isomers-to-bimolecular equilibrium coefficients (kappa matrix):
        W\P    PRODS
      REACS     0.15
      projection error = 0.15
      Wa->Wb/Wb->Wa rate constants ratios:
      Wb\Wa     REACS
      REACS         1
      W->P/P->W rate constants ratios:
        P\W     REACS
      PRODS       1.2
   MasterEquation::direct_diagonalization_method:  done, cpu time[sec] = 0.14, elapsed time[sec] = 0
   MasterEquation::direct_diagonalization_method:  starts
      Pressure = 10 atm	 Temperature = 1400 K
      collision frequency = 1.72395e+10 1/sec
      global relaxation matrix dimension = 192
      setting global matrices ... done, cpu time[sec] = 0.03, elapsed time[sec] = 0
      diagonalizing global relaxation matrix ... done, cpu time[sec] = 0.1, elapsed time[sec] = 0
      minimal relaxation eigenvalue / collision frequency = 0.0640841
      maximal relaxation eigenvalue / collision frequency = 7.65621
      microscopic rate coefficients (at reference energy) over collision frequency:
       REACS->PRODS
            6.75701
      eigenvector populations normalized:
          L        *R        *P     REACS
          0    0.0533    0.0514         1
         *R - eigenvalue over the relaxation limit
         *P - eigenvector projection squared on the relaxation subspace
      eigenvector projections:
          L        *Q        *P     REACS
          0   0.00342    0.0514     0.974
         *Z       ---       ---  5.26e+16
         *Q - eigenvalue over the collision frequency
         *P - eigenvector projection squared on the relaxation subspace
         *Z - well partition function square root
      isomers-to-bimolecular equilibrium coefficients (kappa matrix):
        W\P    PRODS
      REACS    0.051
      projection error = 0.051
      Wa->Wb/Wb->Wa rate constants ratios:
      Wb\Wa     REACS
      REACS         1
      W->P/P->W rate constants ratios:
        P\W     REACS
      PRODS       1.1
   MasterEquation::direct_diagonalization_method:  done, cpu time[sec] = 0.14, elapsed time[sec] = 0
   MasterEquation::direct_diagonalization_method:  starts
      Pressure = 1000 atm	 Temperature = 1400 K
      collision frequency = 1.72395e+12 1/sec
      global relaxation matrix dimension = 192
      setting global matrices ... done, cpu time[sec] = 0.03, elapsed time[sec] = 0
      diagonalizing global relaxation matrix ... done, cpu time[sec] = 0.12, elapsed time[sec] = 0
      minimal relaxation eigenvalue / collision frequency = 0.0336706
      maximal relaxation eigenvalue / collision frequency = 1.04707
      microscopic rate coefficients (at reference energy) over collision frequency:
       REACS->PRODS
          0.0675701
      eigenvector populations normalized:
          L        *R        *P     REACS
          0   0.00403  0.000419         1
         *R - eigenvalue over the relaxation limit
         *P - eigenvector projection squared on the relaxation subspace
      eigenvector projections:
          L        *Q        *P     REACS
          0  0.000136  0.000419        -1
         *Z       ---       ---  5.26e+16
         *Q - eigenvalue over the collision frequency
         *P - eigenvector projection squared on the relaxation subspace
         *Z - well partition function square root
      isomers-to-bimolecular equilibrium coefficients (kappa matrix):
        W\P    PRODS
      REACS        0
      projection error = 0.00042
      Wa->Wb/Wb->Wa rate constants ratios:
      Wb\Wa     REACS
      REACS         1
      W->P/P->W rate constants ratios:
        P\W     REACS
      PRODS         1
   MasterEquation::direct_diagonalization_method:  done, cpu time[sec] = 0.16, elapsed time[sec] = 0
   MasterEquation::set:  starts
      Temperature      = 1500 K
      Collision rate   = 3.36944e-10cm^3/sec
      Energy reference = 42763 1/cm
      Energy step      = 209 1/cm
      setting wells, barriers, and bimolecular starts
         REACS Well: density of states done, elapsed time[sec] = 0
         REACS Well: cannot satisfy the constant collision frequency at energy = 3262 1/cm, truncating the well
         REACS Well: cannot satisfy the constant collision frequency at energy = 3471 1/cm, truncating the well
         REACS Well: cannot satisfy the constant collision frequency at energy = 3680 1/cm, truncating the well
         REACS Well: collisional energy transfer kernel done, elapsed time[sec] = 0.1
         REACS Well: relaxation modes basis done, elapsed time[sec] = 0.02
         REACS Well: kernel in relaxation modes basis done, elapsed time[sec] = 0.11
         REACS Well: relaxation eigenvalues done, elapsed time[sec] = 0.03
         REACS Well: minimal relaxation eigenvalue = 0.0292254
         REACS Well: maximal relaxation eigenvalue = 1.00994
         REACS Well:       grid size = 187
         REACS Well:      real depth = 0 1/cm
         REACS Well: effective depth = 3680 1/cm
         TS Barrier:        grid size = 150
         TS Barrier:      real height = 11486 1/cm
         TS Barrier: effective height = 11413 1/cm
      setting wells, barriers, and bimolecular done, cpu time[sec] = 0.26, elapsed time[sec] = 0
      Bound Species (D1/D2 - density of states at dissociation energy (DE)/reference energy):
       Name  Depth     DE      *D1      *D2
              1/cm   1/cm       cm       cm
      REACS   3681  11413 1.68e+13 4.93e+22
      Well-to-Bimolecular Barriers (N - number of states at the reference energy):
       Name Height       *N
              1/cm         
         TS  11413 2.64e+23
      Effective equilibrium constants(bimolecular units - cm^3):
        Q/Q     REACS     PRODS
      REACS         1  3.92e-13
      PRODS  2.55e+12         1
      Real equilibrium constants(bimolecular units - cm^3):
        Q/Q     REACS     PRODS
      REACS         1  3.75e-16
      PRODS  2.67e+15         1
   MasterEquation::set:  done, cpu time[sec] = 0.26, elapsed time[sec] = 0
   MasterEquation::direct_diagonalization_method:  starts
      Pressure = 0.1 atm	 Temperature = 1500 K
      collision frequency = 1.64839e+08 1/sec
      global relaxation matrix dimension = 187
      setting global matrices ... done, cpu time[sec] = 0.03, elapsed time[sec] = 0
      diagonalizing global relaxation matrix ... done, cpu time[sec] = 0.09, elapsed time[sec] = 0
      minimal relaxation eigenvalue / collision frequency = 0.170385
      maximal relaxation eigenvalue / collision frequency = 974.824
      microscopic rate coefficients (at reference energy) over collision frequency:
       REACS->PRODS
            974.008
      eigenvector populations normalized:
          L        *R        *P     REACS
          0     0.165     0.413         1
         *R - eigenvalue over the relaxation limit
         *P - eigenvector projection squared on the relaxation subspace
      eigenvector projections:
          L        *Q        *P     REACS
          0    0.0281     0.413    -0.766
         *Z       ---       ---  5.79e+16
         *Q - eigenvalue over the collision frequency
         *P - eigenvector projection squared on the relaxation subspace
         *Z - well partition function square root
      dimension of the chemical subspace = 0
      isomers-to-bimolecular equilibrium coefficients (kappa matrix):
        W\P    PRODS
      REACS        1
   MasterEquation::direct_diagonalization_method:  done, cpu time[sec] = 0.13, elapsed time[sec] = 0
   MasterEquation::direct_diagonalization_method:  starts
      Pressure = 1 atm	 Temperature = 1.5e+03 K
      collision frequency = 1.6e+09 1/sec
      global relaxation matrix dimension = 187
      setting global matrices ... done, cpu time[sec] = 0.02, elapsed time[sec] = 0
      diagonalizing global relaxation matrix ... done, cpu time[sec] = 0.11, elapsed time[sec] = 0
      minimal relaxation eigenvalue / collision frequency = 0.12
      maximal relaxation eigenvalue / collision frequency = 98
      microscopic rate coefficients (at reference energy) over collision frequency:
       REACS->PRODS
                 97
      eigenvector populations normalized:
          L        *R        *P     REACS
          0     0.126     0.245         1
         *R - eigenvalue over the relaxation limit
         *P - eigenvector projection squared on the relaxation subspace
      eigenvector projections:
          L        *Q        *P     REACS
          0    0.0148     0.245     0.869
         *Z       ---       ---  5.79e+16
         *Q - eigenvalue over the collision frequency
         *P - eigenvector projection squared on the relaxation subspace
         *Z - well partition function square root
      dimension of the chemical subspace = 0
      isomers-to-bimolecular equilibrium coefficients (kappa matrix):
        W\P    PRODS
      REACS        1
   MasterEquation::direct_diagonalization_method:  done, cpu time[sec] = 0.15, elapsed time[sec] = 0
   MasterEquation::direct_diagonalization_method:  starts
      Pressure = 10 atm	 Temperature = 1.5e+03 K
      collision frequency = 1.6e+10 1/sec
      global relaxation matrix dimension = 187
      setting global matrices ... done, cpu time[sec] = 0.02, elapsed time[sec] = 0
      diagonalizing global relaxation matrix ... done, cpu time[sec] = 0.1, elapsed time[sec] = 0
      minimal relaxation eigenvalue / collision frequency = 0.077
      maximal relaxation eigenvalue / collision frequency = 11
      microscopic rate coefficients (at reference energy) over collision frequency:
       REACS->PRODS
                9.7
      eigenvector populations normalized:
          L        *R        *P     REACS
          0    0.0799    0.0991         1
         *R - eigenvalue over the relaxation limit
         *P - eigenvector projection squared on the relaxation subspace
      eigenvector projections:
          L        *Q        *P     REACS
          0   0.00612    0.0991    -0.949
         *Z       ---       ---  5.79e+16
         *Q - eigenvalue over the collision frequency
         *P - eigenvector projection squared on the relaxation subspace
         *Z - well partition function square root
      isomers-to-bimolecular equilibrium coefficients (kappa matrix):
        W\P    PRODS
      REACS    0.099
      projection error = 0.099
      Wa->Wb/Wb->Wa rate constants ratios:
      Wb\Wa     REACS
      REACS         1
      W->P/P->W rate constants ratios:
        P\W     REACS
      PRODS       1.1
   MasterEquation::direct_diagonalization_method:  done, cpu time[sec] = 0.13, elapsed time[sec] = 0
   MasterEquation::direct_diagonalization_method:  starts
      Pressure = 1000 atm	 Temperature = 1500 K
      collision frequency = 1.64839e+12 1/sec
      global relaxation matrix dimension = 187
      setting global matrices ... done, cpu time[sec] = 0.03, elapsed time[sec] = 0
      diagonalizing global relaxation matrix ... done, cpu time[sec] = 0.12, elapsed time[sec] = 0
      minimal relaxation eigenvalue / collision frequency = 0.0350501
      maximal relaxation eigenvalue / collision frequency = 1.07547
      microscopic rate coefficients (at reference energy) over collision frequency:
       REACS->PRODS
          0.0974008
      eigenvector populations normalized:
          L        *R        *P     REACS
          0   0.00896   0.00149         1
         *R - eigenvalue over the relaxation limit
         *P - eigenvector projection squared on the relaxation subspace
      eigenvector projections:
          L        *Q        *P     REACS
          0  0.000314   0.00149    -0.999
         *Z       ---       ---  5.79e+16
         *Q - eigenvalue over the collision frequency
         *P - eigenvector projection squared on the relaxation subspace
         *Z - well partition function square root
      isomers-to-bimolecular equilibrium coefficients (kappa matrix):
        W\P    PRODS
      REACS        0
      projection error = 0.0015
      Wa->Wb/Wb->Wa rate constants ratios:
      Wb\Wa     REACS
      REACS         1
      W->P/P->W rate constants ratios:
        P\W     REACS
      PRODS         1
   MasterEquation::direct_diagonalization_method:  done, cpu time[sec] = 0.16, elapsed time[sec] = 0
   MasterEquation::set:  starts
      Temperature      = 1600 K
      Collision rate   = 3.44658e-10cm^3/sec
      Energy reference = 44848 1/cm
      Energy step      = 222 1/cm
      setting wells, barriers, and bimolecular starts
         REACS Well: density of states done, elapsed time[sec] = 0
         REACS Well: cannot satisfy the constant collision frequency at energy = 3778 1/cm, truncating the well
         REACS Well: cannot satisfy the constant collision frequency at energy = 4000 1/cm, truncating the well
         REACS Well: cannot satisfy the constant collision frequency at energy = 4222 1/cm, truncating the well
         REACS Well: collisional energy transfer kernel done, elapsed time[sec] = 0.09
         REACS Well: relaxation modes basis done, elapsed time[sec] = 0.02
         REACS Well: kernel in relaxation modes basis done, elapsed time[sec] = 0.1
         REACS Well: relaxation eigenvalues done, elapsed time[sec] = 0.03
         REACS Well: minimal relaxation eigenvalue = 0.0284933
         REACS Well: maximal relaxation eigenvalue = 1.00661
         REACS Well:       grid size = 183
         REACS Well:      real depth = 0 1/cm
         REACS Well: effective depth = 4222 1/cm
         TS Barrier:        grid size = 151
         TS Barrier:      real height = 11486 1/cm
         TS Barrier: effective height = 11326 1/cm
      setting wells, barriers, and bimolecular done, cpu time[sec] = 0.26, elapsed time[sec] = 0
      Bound Species (D1/D2 - density of states at dissociation energy (DE)/reference energy):
       Name  Depth     DE      *D1      *D2
              1/cm   1/cm       cm       cm
      REACS   4223  11327 1.53e+13 1.29e+23
      Well-to-Bimolecular Barriers (N - number of states at the reference energy):
       Name Height       *N
              1/cm         
         TS  11327 9.32e+23
      Effective equilibrium constants(bimolecular units - cm^3):
        Q/Q     REACS     PRODS
      REACS         1  6.72e-14
      PRODS  1.49e+13         1
      Real equilibrium constants(bimolecular units - cm^3):
        Q/Q     REACS     PRODS
      REACS         1  6.82e-17
      PRODS  1.47e+16         1
   MasterEquation::set:  done, cpu time[sec] = 0.26, elapsed time[sec] = 0
   MasterEquation::direct_diagonalization_method:  starts
      Pressure = 0.1 atm	 Temperature = 1600 K
      collision frequency = 1.58074e+08 1/sec
      global relaxation matrix dimension = 183
      setting global matrices ... done, cpu time[sec] = 0.02, elapsed time[sec] = 0
      diagonalizing global relaxation matrix ... done, cpu time[sec] = 0.1, elapsed time[sec] = 0
      minimal relaxation eigenvalue / collision frequency = 0.208503
      maximal relaxation eigenvalue / collision frequency = 1366.2
      microscopic rate coefficients (at reference energy) over collision frequency:
       REACS->PRODS
            1365.39
      eigenvector populations normalized:
          L        *R        *P     REACS
          0     0.196     0.529         1
         *R - eigenvalue over the relaxation limit
         *P - eigenvector projection squared on the relaxation subspace
      eigenvector projections:
          L        *Q        *P     REACS
          0     0.041     0.529    -0.686
         *Z       ---       ---  6.61e+16
         *Q - eigenvalue over the collision frequency
         *P - eigenvector projection squared on the relaxation subspace
         *Z - well partition function square root
      dimension of the chemical subspace = 0
      isomers-to-bimolecular equilibrium coefficients (kappa matrix):
        W\P    PRODS
      REACS        1
   MasterEquation::direct_diagonalization_method:  done, cpu time[sec] = 0.13, elapsed time[sec] = 0
   MasterEquation::direct_diagonalization_method:  starts
      Pressure = 1 atm	 Temperature = 1.6e+03 K
      collision frequency = 1.6e+09 1/sec
      global relaxation matrix dimension = 183
      setting global matrices ... done, cpu time[sec] = 0.03, elapsed time[sec] = 0
      diagonalizing global relaxation matrix ... done, cpu time[sec] = 0.09, elapsed time[sec] = 0
      minimal relaxation eigenvalue / collision frequency = 0.14
      maximal relaxation eigenvalue / collision frequency = 1.4e+02
      microscopic rate coefficients (at reference energy) over collision frequency:
       REACS->PRODS
            1.4e+02
      eigenvector populations normalized:
          L        *R        *P     REACS
          0     0.157     0.348         1
         *R - eigenvalue over the relaxation limit
         *P - eigenvector projection squared on the relaxation subspace
      eigenvector projections:
          L        *Q        *P     REACS
          0    0.0225     0.348    -0.807
         *Z       ---       ---  6.61e+16
         *Q - eigenvalue over the collision frequency
         *P - eigenvector projection squared on the relaxation subspace
         *Z - well partition function square root
      dimension of the chemical subspace = 0
      isomers-to-bimolecular equilibrium coefficients (kappa matrix):
        W\P    PRODS
      REACS        1
   MasterEquation::direct_diagonalization_method:  done, cpu time[sec] = 0.13, elapsed time[sec] = 0
   MasterEquation::direct_diagonalization_method:  starts
      Pressure = 10 atm	 Temperature = 1.6e+03 K
      collision frequency = 1.6e+10 1/sec
      global relaxation matrix dimension = 183
      setting global matrices ... done, cpu time[sec] = 0.02, elapsed time[sec] = 0
      diagonalizing global relaxation matrix ... done, cpu time[sec] = 0.11, elapsed time[sec] = 0
      minimal relaxation eigenvalue / collision frequency = 0.092
      maximal relaxation eigenvalue / collision frequency = 15
      microscopic rate coefficients (at reference energy) over collision frequency:
       REACS->PRODS
                 14
      eigenvector populations normalized:
          L        *R        *P     REACS
          0     0.109     0.165         1
         *R - eigenvalue over the relaxation limit
         *P - eigenvector projection squared on the relaxation subspace
      eigenvector projections:
          L        *Q        *P     REACS
          0   0.00995     0.165    -0.914
         *Z       ---       ---  6.61e+16
         *Q - eigenvalue over the collision frequency
         *P - eigenvector projection squared on the relaxation subspace
         *Z - well partition function square root
      isomers-to-bimolecular equilibrium coefficients (kappa matrix):
        W\P    PRODS
      REACS     0.16
      projection error = 0.16
      Wa->Wb/Wb->Wa rate constants ratios:
      Wb\Wa     REACS
      REACS         1
      W->P/P->W rate constants ratios:
        P\W     REACS
      PRODS       1.2
   MasterEquation::direct_diagonalization_method:  done, cpu time[sec] = 0.14, elapsed time[sec] = 0
   MasterEquation::direct_diagonalization_method:  starts
      Pressure = 1000 atm	 Temperature = 1600 K
      collision frequency = 1.58074e+12 1/sec
      global relaxation matrix dimension = 183
      setting global matrices ... done, cpu time[sec] = 0.02, elapsed time[sec] = 0
      diagonalizing global relaxation matrix ... done, cpu time[sec] = 0.11, elapsed time[sec] = 0
      minimal relaxation eigenvalue / collision frequency = 0.0373313
      maximal relaxation eigenvalue / collision frequency = 1.11319
      microscopic rate coefficients (at reference energy) over collision frequency:
       REACS->PRODS
           0.136539
      eigenvector populations normalized:
          L        *R        *P     REACS
          0    0.0172   0.00426         1
         *R - eigenvalue over the relaxation limit
         *P - eigenvector projection squared on the relaxation subspace
      eigenvector projections:
          L        *Q        *P     REACS
          0  0.000643   0.00426     0.998
         *Z       ---       ---  6.61e+16
         *Q - eigenvalue over the collision frequency
         *P - eigenvector projection squared on the relaxation subspace
         *Z - well partition function square root
      isomers-to-bimolecular equilibrium coefficients (kappa matrix):
        W\P    PRODS
      REACS        0
      projection error = 0.0043
      Wa->Wb/Wb->Wa rate constants ratios:
      Wb\Wa     REACS
      REACS         1
      W->P/P->W rate constants ratios:
        P\W     REACS
      PRODS         1
   MasterEquation::direct_diagonalization_method:  done, cpu time[sec] = 0.14, elapsed time[sec] = 0
   MasterEquation::set:  starts
      Temperature      = 1700 K
      Collision rate   = 3.52069e-10cm^3/sec
      Energy reference = 46933 1/cm
      Energy step      = 236 1/cm
      setting wells, barriers, and bimolecular starts
         REACS Well: density of states done, elapsed time[sec] = 0.01
         REACS Well: cannot satisfy the constant collision frequency at energy = 4217 1/cm, truncating the well
         REACS Well: cannot satisfy the constant collision frequency at energy = 4453 1/cm, truncating the well
         REACS Well: cannot satisfy the constant collision frequency at energy = 4689 1/cm, truncating the well
         REACS Well: collisional energy transfer kernel done, elapsed time[sec] = 0.09
         REACS Well: relaxation modes basis done, elapsed time[sec] = 0.02
         REACS Well: kernel in relaxation modes basis done, elapsed time[sec] = 0.09
         REACS Well: relaxation eigenvalues done, elapsed time[sec] = 0.04
         REACS Well: minimal relaxation eigenvalue = 0.0278841
         REACS Well: maximal relaxation eigenvalue = 1.00803
         REACS Well:       grid size = 179
         REACS Well:      real depth = 0 1/cm
         REACS Well: effective depth = 4688 1/cm
         TS Barrier:        grid size = 151
         TS Barrier:      real height = 11486 1/cm
         TS Barrier: effective height = 11296 1/cm
      setting wells, barriers, and bimolecular done, cpu time[sec] = 0.25, elapsed time[sec] = 0
      Bound Species (D1/D2 - density of states at dissociation energy (DE)/reference energy):
       Name  Depth     DE      *D1      *D2
              1/cm   1/cm       cm       cm
      REACS   4689  11297 1.48e+13 3.29e+23
      Well-to-Bimolecular Barriers (N - number of states at the reference energy):
       Name Height       *N
              1/cm         
         TS  11297 3.11e+24
      Effective equilibrium constants(bimolecular units - cm^3):
        Q/Q     REACS     PRODS
      REACS         1  1.42e-14
      PRODS  7.06e+13         1
      Real equilibrium constants(bimolecular units - cm^3):
        Q/Q     REACS     PRODS
      REACS         1  1.53e-17
      PRODS  6.54e+16         1
   MasterEquation::set:  done, cpu time[sec] = 0.25, elapsed time[sec] = 0
   MasterEquation::direct_diagonalization_method:  starts
      Pressure = 0.1 atm	 Temperature = 1700 K
      collision frequency = 1.51975e+08 1/sec
      global relaxation matrix dimension = 179
      setting global matrices ... done, cpu time[sec] = 0.02, elapsed time[sec] = 0
      diagonalizing global relaxation matrix ... done, cpu time[sec] = 0.09, elapsed time[sec] = 0
      minimal relaxation eigenvalue / collision frequency = 0.251538
      maximal relaxation eigenvalue / collision frequency = 1868.74
      microscopic rate coefficients (at reference energy) over collision frequency:
       REACS->PRODS
            1867.93
      eigenvector populations normalized:
          L        *R        *P     REACS
          0     0.226     0.635         1
         *R - eigenvalue over the relaxation limit
         *P - eigenvector projection squared on the relaxation subspace
      eigenvector projections:
          L        *Q        *P     REACS
          0    0.0569     0.635    -0.605
         *Z       ---       ---  7.76e+16
         *Q - eigenvalue over the collision frequency
         *P - eigenvector projection squared on the relaxation subspace
         *Z - well partition function square root
      dimension of the chemical subspace = 0
      isomers-to-bimolecular equilibrium coefficients (kappa matrix):
        W\P    PRODS
      REACS        1
   MasterEquation::direct_diagonalization_method:  done, cpu time[sec] = 0.12, elapsed time[sec] = 0
   MasterEquation::direct_diagonalization_method:  starts
      Pressure = 1 atm	 Temperature = 1.7e+03 K
      collision frequency = 1.5e+09 1/sec
      global relaxation matrix dimension = 179
      setting global matrices ... done, cpu time[sec] = 0.02, elapsed time[sec] = 0
      diagonalizing global relaxation matrix ... done, cpu time[sec] = 0.1, elapsed time[sec] = 0
      minimal relaxation eigenvalue / collision frequency = 0.17
      maximal relaxation eigenvalue / collision frequency = 1.9e+02
      microscopic rate coefficients (at reference energy) over collision frequency:
       REACS->PRODS
            1.9e+02
      eigenvector populations normalized:
          L        *R        *P     REACS
          0     0.187     0.455         1
         *R - eigenvalue over the relaxation limit
         *P - eigenvector projection squared on the relaxation subspace
      eigenvector projections:
          L        *Q        *P     REACS
          0    0.0323     0.455     0.738
         *Z       ---       ---  7.76e+16
         *Q - eigenvalue over the collision frequency
         *P - eigenvector projection squared on the relaxation subspace
         *Z - well partition function square root
      dimension of the chemical subspace = 0
      isomers-to-bimolecular equilibrium coefficients (kappa matrix):
        W\P    PRODS
      REACS        1
   MasterEquation::direct_diagonalization_method:  done, cpu time[sec] = 0.13, elapsed time[sec] = 0
   MasterEquation::direct_diagonalization_method:  starts
      Pressure = 10 atm	 Temperature = 1.7e+03 K
      collision frequency = 1.5e+10 1/sec
      global relaxation matrix dimension = 179
      setting global matrices ... done, cpu time[sec] = 0.02, elapsed time[sec] = 0
      diagonalizing global relaxation matrix ... done, cpu time[sec] = 0.09, elapsed time[sec] = 0
      minimal relaxation eigenvalue / collision frequency = 0.11
      maximal relaxation eigenvalue / collision frequency = 20
      microscopic rate coefficients (at reference energy) over collision frequency:
       REACS->PRODS
                 19
      eigenvector populations normalized:
          L        *R        *P     REACS
          0     0.138     0.245         1
         *R - eigenvalue over the relaxation limit
         *P - eigenvector projection squared on the relaxation subspace
      eigenvector projections:
          L        *Q        *P     REACS
          0    0.0151     0.245     0.869
         *Z       ---       ---  7.76e+16
         *Q - eigenvalue over the collision frequency
         *P - eigenvector projection squared on the relaxation subspace
         *Z - well partition function square root
      dimension of the chemical subspace = 0
      isomers-to-bimolecular equilibrium coefficients (kappa matrix):
        W\P    PRODS
      REACS        1
   MasterEquation::direct_diagonalization_method:  done, cpu time[sec] = 0.12, elapsed time[sec] = 0
   MasterEquation::direct_diagonalization_method:  starts
      Pressure = 1e+03 atm	 Temperature = 1.7e+03 K
      collision frequency = 1.5e+12 1/sec
      global relaxation matrix dimension = 179
      setting global matrices ... done, cpu time[sec] = 0.02, elapsed time[sec] = 0
      diagonalizing global relaxation matrix ... done, cpu time[sec] = 0.11, elapsed time[sec] = 0
      minimal relaxation eigenvalue / collision frequency = 0.041
      maximal relaxation eigenvalue / collision frequency = 1.2
      microscopic rate coefficients (at reference energy) over collision frequency:
       REACS->PRODS
               0.19
      eigenvector populations normalized:
          L        *R        *P     REACS
          0    0.0292    0.0101         1
         *R - eigenvalue over the relaxation limit
         *P - eigenvector projection squared on the relaxation subspace
      eigenvector projections:
          L        *Q        *P     REACS
          0   0.00118    0.0101    -0.995
         *Z       ---       ---  7.76e+16
         *Q - eigenvalue over the collision frequency
         *P - eigenvector projection squared on the relaxation subspace
         *Z - well partition function square root
      isomers-to-bimolecular equilibrium coefficients (kappa matrix):
        W\P    PRODS
      REACS        0
      projection error = 0.01
      Wa->Wb/Wb->Wa rate constants ratios:
      Wb\Wa     REACS
      REACS         1
      W->P/P->W rate constants ratios:
        P\W     REACS
      PRODS         1
   MasterEquation::direct_diagonalization_method:  done, cpu time[sec] = 0.14, elapsed time[sec] = 0
   MasterEquation::set:  starts
      Temperature      = 1800 K
      Collision rate   = 3.59205e-10cm^3/sec
      Energy reference = 49018 1/cm
      Energy step      = 250 1/cm
      setting wells, barriers, and bimolecular starts
         REACS Well: density of states done, elapsed time[sec] = 0
         REACS Well: cannot satisfy the constant collision frequency at energy = 4768 1/cm, truncating the well
         REACS Well: cannot satisfy the constant collision frequency at energy = 5018 1/cm, truncating the well
         REACS Well: collisional energy transfer kernel done, elapsed time[sec] = 0.07
         REACS Well: relaxation modes basis done, elapsed time[sec] = 0.02
         REACS Well: kernel in relaxation modes basis done, elapsed time[sec] = 0.1
         REACS Well: relaxation eigenvalues done, elapsed time[sec] = 0.03
         REACS Well: minimal relaxation eigenvalue = 0.0273745
         REACS Well: maximal relaxation eigenvalue = 1.01748
         REACS Well:       grid size = 176
         REACS Well:      real depth = 0 1/cm
         REACS Well: effective depth = 5018 1/cm
         TS Barrier:        grid size = 151
         TS Barrier:      real height = 11486 1/cm
         TS Barrier: effective height = 11268 1/cm
      setting wells, barriers, and bimolecular done, cpu time[sec] = 0.22, elapsed time[sec] = 0
      Bound Species (D1/D2 - density of states at dissociation energy (DE)/reference energy):
       Name  Depth     DE      *D1      *D2
              1/cm   1/cm       cm       cm
      REACS   5019  11269 1.43e+13  8.1e+23
      Well-to-Bimolecular Barriers (N - number of states at the reference energy):
       Name Height       *N
              1/cm         
         TS  11269  9.9e+24
      Effective equilibrium constants(bimolecular units - cm^3):
        Q/Q     REACS     PRODS
      REACS         1  3.57e-15
      PRODS   2.8e+14         1
      Real equilibrium constants(bimolecular units - cm^3):
        Q/Q     REACS     PRODS
      REACS         1  4.08e-18
      PRODS  2.45e+17         1
   MasterEquation::set:  done, cpu time[sec] = 0.22, elapsed time[sec] = 0
   MasterEquation::direct_diagonalization_method:  starts
      Pressure = 0.1 atm	 Temperature = 1800 K
      collision frequency = 1.46441e+08 1/sec
      global relaxation matrix dimension = 176
      setting global matrices ... done, cpu time[sec] = 0.02, elapsed time[sec] = 0
      diagonalizing global relaxation matrix ... done, cpu time[sec] = 0.1, elapsed time[sec] = 0
      minimal relaxation eigenvalue / collision frequency = 0.299066
      maximal relaxation eigenvalue / collision frequency = 2501.96
      microscopic rate coefficients (at reference energy) over collision frequency:
       REACS->PRODS
            2501.15
      eigenvector populations normalized:
          L        *R        *P     REACS
          0     0.254     0.724         1
         *R - eigenvalue over the relaxation limit
         *P - eigenvector projection squared on the relaxation subspace
      eigenvector projections:
          L        *Q        *P     REACS
          0    0.0761     0.724    -0.525
         *Z       ---       ---   9.3e+16
         *Q - eigenvalue over the collision frequency
         *P - eigenvector projection squared on the relaxation subspace
         *Z - well partition function square root
      dimension of the chemical subspace = 0
      isomers-to-bimolecular equilibrium coefficients (kappa matrix):
        W\P    PRODS
      REACS        1
   MasterEquation::direct_diagonalization_method:  done, cpu time[sec] = 0.13, elapsed time[sec] = 0
   MasterEquation::direct_diagonalization_method:  starts
      Pressure = 1 atm	 Temperature = 1.8e+03 K
      collision frequency = 1.5e+09 1/sec
      global relaxation matrix dimension = 176
      setting global matrices ... done, cpu time[sec] = 0.02, elapsed time[sec] = 0
      diagonalizing global relaxation matrix ... done, cpu time[sec] = 0.07, elapsed time[sec] = 0
      minimal relaxation eigenvalue / collision frequency = 0.21
      maximal relaxation eigenvalue / collision frequency = 2.5e+02
      microscopic rate coefficients (at reference energy) over collision frequency:
       REACS->PRODS
            2.5e+02
      eigenvector populations normalized:
          L        *R        *P     REACS
          0     0.215     0.556         1
         *R - eigenvalue over the relaxation limit
         *P - eigenvector projection squared on the relaxation subspace
      eigenvector projections:
          L        *Q        *P     REACS
          0    0.0444     0.556     0.666
         *Z       ---       ---   9.3e+16
         *Q - eigenvalue over the collision frequency
         *P - eigenvector projection squared on the relaxation subspace
         *Z - well partition function square root
      dimension of the chemical subspace = 0
      isomers-to-bimolecular equilibrium coefficients (kappa matrix):
        W\P    PRODS
      REACS        1
   MasterEquation::direct_diagonalization_method:  done, cpu time[sec] = 0.11, elapsed time[sec] = 0
   MasterEquation::direct_diagonalization_method:  starts
      Pressure = 10 atm	 Temperature = 1.8e+03 K
      collision frequency = 1.5e+10 1/sec
      global relaxation matrix dimension = 176
      setting global matrices ... done, cpu time[sec] = 0.02, elapsed time[sec] = 0
      diagonalizing global relaxation matrix ... done, cpu time[sec] = 0.08, elapsed time[sec] = 0
      minimal relaxation eigenvalue / collision frequency = 0.13
      maximal relaxation eigenvalue / collision frequency = 26
      microscopic rate coefficients (at reference energy) over collision frequency:
       REACS->PRODS
                 25
      eigenvector populations normalized:
          L        *R        *P     REACS
          0     0.166     0.334         1
         *R - eigenvalue over the relaxation limit
         *P - eigenvector projection squared on the relaxation subspace
      eigenvector projections:
          L        *Q        *P     REACS
          0    0.0216     0.334     0.816
         *Z       ---       ---   9.3e+16
         *Q - eigenvalue over the collision frequency
         *P - eigenvector projection squared on the relaxation subspace
         *Z - well partition function square root
      dimension of the chemical subspace = 0
      isomers-to-bimolecular equilibrium coefficients (kappa matrix):
        W\P    PRODS
      REACS        1
   MasterEquation::direct_diagonalization_method:  done, cpu time[sec] = 0.11, elapsed time[sec] = 0
   MasterEquation::direct_diagonalization_method:  starts
      Pressure = 1e+03 atm	 Temperature = 1.8e+03 K
      collision frequency = 1.5e+12 1/sec
      global relaxation matrix dimension = 176
      setting global matrices ... done, cpu time[sec] = 0.03, elapsed time[sec] = 0
      diagonalizing global relaxation matrix ... done, cpu time[sec] = 0.1, elapsed time[sec] = 0
      minimal relaxation eigenvalue / collision frequency = 0.045
      maximal relaxation eigenvalue / collision frequency = 1.2
      microscopic rate coefficients (at reference energy) over collision frequency:
       REACS->PRODS
               0.25
      eigenvector populations normalized:
          L        *R        *P     REACS
          0    0.0449    0.0208         1
         *R - eigenvalue over the relaxation limit
         *P - eigenvector projection squared on the relaxation subspace
      eigenvector projections:
          L        *Q        *P     REACS
          0     0.002    0.0208      0.99
         *Z       ---       ---   9.3e+16
         *Q - eigenvalue over the collision frequency
         *P - eigenvector projection squared on the relaxation subspace
         *Z - well partition function square root
      isomers-to-bimolecular equilibrium coefficients (kappa matrix):
        W\P    PRODS
      REACS        0
      projection error = 0.021
      Wa->Wb/Wb->Wa rate constants ratios:
      Wb\Wa     REACS
      REACS         1
      W->P/P->W rate constants ratios:
        P\W     REACS
      PRODS         1
   MasterEquation::direct_diagonalization_method:  done, cpu time[sec] = 0.14, elapsed time[sec] = 0
   MasterEquation::set:  starts
      Temperature      = 1900 K
      Collision rate   = 3.6609e-10cm^3/sec
      Energy reference = 51103 1/cm
      Energy step      = 264 1/cm
      setting wells, barriers, and bimolecular starts
         REACS Well: density of states done, elapsed time[sec] = 0
         REACS Well: cannot satisfy the constant collision frequency at energy = 5167 1/cm, truncating the well
         REACS Well: cannot satisfy the constant collision frequency at energy = 5431 1/cm, truncating the well
         REACS Well: cannot satisfy the constant collision frequency at energy = 5695 1/cm, truncating the well
         REACS Well: collisional energy transfer kernel done, elapsed time[sec] = 0.08
         REACS Well: relaxation modes basis done, elapsed time[sec] = 0.02
         REACS Well: kernel in relaxation modes basis done, elapsed time[sec] = 0.08
         REACS Well: relaxation eigenvalues done, elapsed time[sec] = 0.03
         REACS Well: minimal relaxation eigenvalue = 0.0269671
         REACS Well: maximal relaxation eigenvalue = 1.00932
         REACS Well:       grid size = 172
         REACS Well:      real depth = 0 1/cm
         REACS Well: effective depth = 5695 1/cm
         TS Barrier:        grid size = 151
         TS Barrier:      real height = 11486 1/cm
         TS Barrier: effective height = 11238 1/cm
      setting wells, barriers, and bimolecular done, cpu time[sec] = 0.23, elapsed time[sec] = 0
      Bound Species (D1/D2 - density of states at dissociation energy (DE)/reference energy):
       Name  Depth     DE      *D1      *D2
              1/cm   1/cm       cm       cm
      REACS   5696  11239 1.38e+13 1.94e+24
      Well-to-Bimolecular Barriers (N - number of states at the reference energy):
       Name Height       *N
              1/cm         
         TS  11239 3.01e+25
      Effective equilibrium constants(bimolecular units - cm^3):
        Q/Q     REACS     PRODS
      REACS         1  1.04e-15
      PRODS  9.59e+14         1
      Real equilibrium constants(bimolecular units - cm^3):
        Q/Q     REACS     PRODS
      REACS         1  1.26e-18
      PRODS  7.94e+17         1
   MasterEquation::set:  done, cpu time[sec] = 0.23, elapsed time[sec] = 0
   MasterEquation::direct_diagonalization_method:  starts
      Pressure = 0.1 atm	 Temperature = 1900 K
      collision frequency = 1.41392e+08 1/sec
      global relaxation matrix dimension = 172
      setting global matrices ... done, cpu time[sec] = 0.02, elapsed time[sec] = 0
      diagonalizing global relaxation matrix ... done, cpu time[sec] = 0.08, elapsed time[sec] = 0
      minimal relaxation eigenvalue / collision frequency = 0.351789
      maximal relaxation eigenvalue / collision frequency = 3286.7
      microscopic rate coefficients (at reference energy) over collision frequency:
       REACS->PRODS
            3285.89
      eigenvector populations normalized:
          L        *R        *P     REACS
          0     0.282     0.797         1
         *R - eigenvalue over the relaxation limit
         *P - eigenvector projection squared on the relaxation subspace
      eigenvector projections:
          L        *Q        *P     REACS
          0    0.0991     0.797    -0.451
         *Z       ---       ---  1.13e+17
         *Q - eigenvalue over the collision frequency
         *P - eigenvector projection squared on the relaxation subspace
         *Z - well partition function square root
      dimension of the chemical subspace = 0
      isomers-to-bimolecular equilibrium coefficients (kappa matrix):
        W\P    PRODS
      REACS        1
   MasterEquation::direct_diagonalization_method:  done, cpu time[sec] = 0.11, elapsed time[sec] = 0
   MasterEquation::direct_diagonalization_method:  starts
      Pressure = 1 atm	 Temperature = 1.9e+03 K
      collision frequency = 1.4e+09 1/sec
      global relaxation matrix dimension = 172
      setting global matrices ... done, cpu time[sec] = 0.02, elapsed time[sec] = 0
      diagonalizing global relaxation matrix ... done, cpu time[sec] = 0.09, elapsed time[sec] = 0
      minimal relaxation eigenvalue / collision frequency = 0.24
      maximal relaxation eigenvalue / collision frequency = 3.3e+02
      microscopic rate coefficients (at reference energy) over collision frequency:
       REACS->PRODS
            3.3e+02
      eigenvector populations normalized:
          L        *R        *P     REACS
          0     0.242     0.648         1
         *R - eigenvalue over the relaxation limit
         *P - eigenvector projection squared on the relaxation subspace
      eigenvector projections:
          L        *Q        *P     REACS
          0    0.0589     0.648    -0.594
         *Z       ---       ---  1.13e+17
         *Q - eigenvalue over the collision frequency
         *P - eigenvector projection squared on the relaxation subspace
         *Z - well partition function square root
      dimension of the chemical subspace = 0
      isomers-to-bimolecular equilibrium coefficients (kappa matrix):
        W\P    PRODS
      REACS        1
   MasterEquation::direct_diagonalization_method:  done, cpu time[sec] = 0.12, elapsed time[sec] = 0
   MasterEquation::direct_diagonalization_method:  starts
      Pressure = 10 atm	 Temperature = 1.9e+03 K
      collision frequency = 1.4e+10 1/sec
      global relaxation matrix dimension = 172
      setting global matrices ... done, cpu time[sec] = 0.02, elapsed time[sec] = 0
      diagonalizing global relaxation matrix ... done, cpu time[sec] = 0.08, elapsed time[sec] = 0
      minimal relaxation eigenvalue / collision frequency = 0.15
      maximal relaxation eigenvalue / collision frequency = 34
      microscopic rate coefficients (at reference energy) over collision frequency:
       REACS->PRODS
                 33
      eigenvector populations normalized:
          L        *R        *P     REACS
          0     0.194     0.425         1
         *R - eigenvalue over the relaxation limit
         *P - eigenvector projection squared on the relaxation subspace
      eigenvector projections:
          L        *Q        *P     REACS
          0    0.0296     0.425    -0.758
         *Z       ---       ---  1.13e+17
         *Q - eigenvalue over the collision frequency
         *P - eigenvector projection squared on the relaxation subspace
         *Z - well partition function square root
      dimension of the chemical subspace = 0
      isomers-to-bimolecular equilibrium coefficients (kappa matrix):
        W\P    PRODS
      REACS        1
   MasterEquation::direct_diagonalization_method:  done, cpu time[sec] = 0.11, elapsed time[sec] = 0
   MasterEquation::direct_diagonalization_method:  starts
      Pressure = 1e+03 atm	 Temperature = 1.9e+03 K
      collision frequency = 1.4e+12 1/sec
      global relaxation matrix dimension = 172
      setting global matrices ... done, cpu time[sec] = 0.02, elapsed time[sec] = 0
      diagonalizing global relaxation matrix ... done, cpu time[sec] = 0.09, elapsed time[sec] = 0
      minimal relaxation eigenvalue / collision frequency = 0.05
      maximal relaxation eigenvalue / collision frequency = 1.3
      microscopic rate coefficients (at reference energy) over collision frequency:
       REACS->PRODS
               0.33
      eigenvector populations normalized:
          L        *R        *P     REACS
          0    0.0637    0.0378         1
         *R - eigenvalue over the relaxation limit
         *P - eigenvector projection squared on the relaxation subspace
      eigenvector projections:
          L        *Q        *P     REACS
          0   0.00316    0.0378    -0.981
         *Z       ---       ---  1.13e+17
         *Q - eigenvalue over the collision frequency
         *P - eigenvector projection squared on the relaxation subspace
         *Z - well partition function square root
      isomers-to-bimolecular equilibrium coefficients (kappa matrix):
        W\P    PRODS
      REACS        0
      projection error = 0.038
      Wa->Wb/Wb->Wa rate constants ratios:
      Wb\Wa     REACS
      REACS         1
      W->P/P->W rate constants ratios:
        P\W     REACS
      PRODS         1
   MasterEquation::direct_diagonalization_method:  done, cpu time[sec] = 0.12, elapsed time[sec] = 0
   MasterEquation::set:  starts
      Temperature      = 2000 K
      Collision rate   = 3.72744e-10cm^3/sec
      Energy reference = 53188 1/cm
      Energy step      = 278 1/cm
      setting wells, barriers, and bimolecular starts
         REACS Well: density of states done, elapsed time[sec] = 0.01
         REACS Well: cannot satisfy the constant collision frequency at energy = 5650 1/cm, truncating the well
         REACS Well: cannot satisfy the constant collision frequency at energy = 5928 1/cm, truncating the well
         REACS Well: cannot satisfy the constant collision frequency at energy = 6206 1/cm, truncating the well
         REACS Well: collisional energy transfer kernel done, elapsed time[sec] = 0.08
         REACS Well: relaxation modes basis done, elapsed time[sec] = 0.02
         REACS Well: kernel in relaxation modes basis done, elapsed time[sec] = 0.08
         REACS Well: relaxation eigenvalues done, elapsed time[sec] = 0.03
         REACS Well: minimal relaxation eigenvalue = 0.0266313
         REACS Well: maximal relaxation eigenvalue = 1.01038
         REACS Well:       grid size = 169
         REACS Well:      real depth = 0 1/cm
         REACS Well: effective depth = 6205 1/cm
         TS Barrier:        grid size = 151
         TS Barrier:      real height = 11486 1/cm
         TS Barrier: effective height = 11209 1/cm
      setting wells, barriers, and bimolecular done, cpu time[sec] = 0.22, elapsed time[sec] = 0
      Bound Species (D1/D2 - density of states at dissociation energy (DE)/reference energy):
       Name  Depth     DE      *D1      *D2
              1/cm   1/cm       cm       cm
      REACS   6206  11210 1.34e+13 4.53e+24
      Well-to-Bimolecular Barriers (N - number of states at the reference energy):
       Name Height       *N
              1/cm         
         TS  11210 8.77e+25
      Effective equilibrium constants(bimolecular units - cm^3):
        Q/Q     REACS     PRODS
      REACS         1  3.46e-16
      PRODS  2.89e+15         1
      Real equilibrium constants(bimolecular units - cm^3):
        Q/Q     REACS     PRODS
      REACS         1   4.4e-19
      PRODS  2.27e+18         1
   MasterEquation::set:  done, cpu time[sec] = 0.22, elapsed time[sec] = 0
   MasterEquation::direct_diagonalization_method:  starts
      Pressure = 0.1 atm	 Temperature = 2000 K
      collision frequency = 1.36764e+08 1/sec
      global relaxation matrix dimension = 169
      setting global matrices ... done, cpu time[sec] = 0.02, elapsed time[sec] = 0
      diagonalizing global relaxation matrix ... done, cpu time[sec] = 0.08, elapsed time[sec] = 0
      minimal relaxation eigenvalue / collision frequency = 0.408132
      maximal relaxation eigenvalue / collision frequency = 4245
      microscopic rate coefficients (at reference energy) over collision frequency:
       REACS->PRODS
             4244.2
      eigenvector populations normalized:
          L        *R        *P     REACS
          0     0.308     0.853         1
         *R - eigenvalue over the relaxation limit
         *P - eigenvector projection squared on the relaxation subspace
      eigenvector projections:
          L        *Q        *P     REACS
          0     0.126     0.853    -0.383
         *Z       ---       ---   1.4e+17
         *Q - eigenvalue over the collision frequency
         *P - eigenvector projection squared on the relaxation subspace
         *Z - well partition function square root
      dimension of the chemical subspace = 0
      isomers-to-bimolecular equilibrium coefficients (kappa matrix):
        W\P    PRODS
      REACS        1
   MasterEquation::direct_diagonalization_method:  done, cpu time[sec] = 0.11, elapsed time[sec] = 0
   MasterEquation::direct_diagonalization_method:  starts
      Pressure = 1 atm	 Temperature = 2e+03 K
      collision frequency = 1.4e+09 1/sec
      global relaxation matrix dimension = 169
      setting global matrices ... done, cpu time[sec] = 0.02, elapsed time[sec] = 0
      diagonalizing global relaxation matrix ... done, cpu time[sec] = 0.08, elapsed time[sec] = 0
      minimal relaxation eigenvalue / collision frequency = 0.28
      maximal relaxation eigenvalue / collision frequency = 4.3e+02
      microscopic rate coefficients (at reference energy) over collision frequency:
       REACS->PRODS
            4.2e+02
      eigenvector populations normalized:
          L        *R        *P     REACS
          0     0.267     0.726         1
         *R - eigenvalue over the relaxation limit
         *P - eigenvector projection squared on the relaxation subspace
      eigenvector projections:
          L        *Q        *P     REACS
          0    0.0761     0.726     0.523
         *Z       ---       ---   1.4e+17
         *Q - eigenvalue over the collision frequency
         *P - eigenvector projection squared on the relaxation subspace
         *Z - well partition function square root
      dimension of the chemical subspace = 0
      isomers-to-bimolecular equilibrium coefficients (kappa matrix):
        W\P    PRODS
      REACS        1
   MasterEquation::direct_diagonalization_method:  done, cpu time[sec] = 0.11, elapsed time[sec] = 0
   MasterEquation::direct_diagonalization_method:  starts
      Pressure = 10 atm	 Temperature = 2e+03 K
      collision frequency = 1.4e+10 1/sec
      global relaxation matrix dimension = 169
      setting global matrices ... done, cpu time[sec] = 0.02, elapsed time[sec] = 0
      diagonalizing global relaxation matrix ... done, cpu time[sec] = 0.09, elapsed time[sec] = 0
      minimal relaxation eigenvalue / collision frequency = 0.18
      maximal relaxation eigenvalue / collision frequency = 43
      microscopic rate coefficients (at reference energy) over collision frequency:
       REACS->PRODS
                 42
      eigenvector populations normalized:
          L        *R        *P     REACS
          0      0.22     0.515         1
         *R - eigenvalue over the relaxation limit
         *P - eigenvector projection squared on the relaxation subspace
      eigenvector projections:
          L        *Q        *P     REACS
          0    0.0393     0.515    -0.696
         *Z       ---       ---   1.4e+17
         *Q - eigenvalue over the collision frequency
         *P - eigenvector projection squared on the relaxation subspace
         *Z - well partition function square root
      dimension of the chemical subspace = 0
      isomers-to-bimolecular equilibrium coefficients (kappa matrix):
        W\P    PRODS
      REACS        1
   MasterEquation::direct_diagonalization_method:  done, cpu time[sec] = 0.12, elapsed time[sec] = 0
   MasterEquation::direct_diagonalization_method:  starts
      Pressure = 1e+03 atm	 Temperature = 2e+03 K
      collision frequency = 1.4e+12 1/sec
      global relaxation matrix dimension = 169
      setting global matrices ... done, cpu time[sec] = 0.02, elapsed time[sec] = 0
      diagonalizing global relaxation matrix ... done, cpu time[sec] = 0.09, elapsed time[sec] = 0
      minimal relaxation eigenvalue / collision frequency = 0.056
      maximal relaxation eigenvalue / collision frequency = 1.4
      microscopic rate coefficients (at reference energy) over collision frequency:
       REACS->PRODS
               0.42
      eigenvector populations normalized:
          L        *R        *P     REACS
          0    0.0848    0.0622         1
         *R - eigenvalue over the relaxation limit
         *P - eigenvector projection squared on the relaxation subspace
      eigenvector projections:
          L        *Q        *P     REACS
          0   0.00471    0.0622    -0.968
         *Z       ---       ---   1.4e+17
         *Q - eigenvalue over the collision frequency
         *P - eigenvector projection squared on the relaxation subspace
         *Z - well partition function square root
      isomers-to-bimolecular equilibrium coefficients (kappa matrix):
        W\P    PRODS
      REACS    0.062
      projection error = 0.062
      Wa->Wb/Wb->Wa rate constants ratios:
      Wb\Wa     REACS
      REACS         1
      W->P/P->W rate constants ratios:
        P\W     REACS
      PRODS       1.1
   MasterEquation::direct_diagonalization_method:  done, cpu time[sec] = 0.12, elapsed time[sec] = 0
   MasterEquation::set:  starts
      Temperature      = 2100 K
      Collision rate   = 3.79187e-10cm^3/sec
      Energy reference = 55274 1/cm
      Energy step      = 292 1/cm
      setting wells, barriers, and bimolecular starts
         REACS Well: density of states done, elapsed time[sec] = 0
         REACS Well: cannot satisfy the constant collision frequency at energy = 6218 1/cm, truncating the well
         REACS Well: cannot satisfy the constant collision frequency at energy = 6510 1/cm, truncating the well
         REACS Well: cannot satisfy the constant collision frequency at energy = 6802 1/cm, truncating the well
         REACS Well: collisional energy transfer kernel done, elapsed time[sec] = 0.09
         REACS Well: relaxation modes basis done, elapsed time[sec] = 0.01
         REACS Well: kernel in relaxation modes basis done, elapsed time[sec] = 0.08
         REACS Well: relaxation eigenvalues done, elapsed time[sec] = 0.02
         REACS Well: minimal relaxation eigenvalue = 0.0263713
         REACS Well: maximal relaxation eigenvalue = 1.00863
         REACS Well:       grid size = 166
         REACS Well:      real depth = 0 1/cm
         REACS Well: effective depth = 6802 1/cm
         TS Barrier:        grid size = 150
         TS Barrier:      real height = 11486 1/cm
         TS Barrier: effective height = 11474 1/cm
      setting wells, barriers, and bimolecular done, cpu time[sec] = 0.21, elapsed time[sec] = 0
      Bound Species (D1/D2 - density of states at dissociation energy (DE)/reference energy):
       Name  Depth     DE      *D1      *D2
              1/cm   1/cm       cm       cm
      REACS   6803  11475  1.8e+13 1.03e+25
      Well-to-Bimolecular Barriers (N - number of states at the reference energy):
       Name Height       *N
              1/cm         
         TS  11475 2.46e+26
      Effective equilibrium constants(bimolecular units - cm^3):
        Q/Q     REACS     PRODS
      REACS         1  1.28e-16
      PRODS  7.82e+15         1
      Real equilibrium constants(bimolecular units - cm^3):
        Q/Q     REACS     PRODS
      REACS         1  1.71e-19
      PRODS  5.85e+18         1
   MasterEquation::set:  done, cpu time[sec] = 0.21, elapsed time[sec] = 0
   MasterEquation::direct_diagonalization_method:  starts
      Pressure = 0.1 atm	 Temperature = 2100 K
      collision frequency = 1.32503e+08 1/sec
      global relaxation matrix dimension = 166
      setting global matrices ... done, cpu time[sec] = 0.02, elapsed time[sec] = 0
      diagonalizing global relaxation matrix ... done, cpu time[sec] = 0.08, elapsed time[sec] = 0
      minimal relaxation eigenvalue / collision frequency = 0.468141
      maximal relaxation eigenvalue / collision frequency = 5400.52
      microscopic rate coefficients (at reference energy) over collision frequency:
       REACS->PRODS
            5399.71
      eigenvector populations normalized:
          L        *R        *P     REACS
          0     0.334     0.896         1
         *R - eigenvalue over the relaxation limit
         *P - eigenvector projection squared on the relaxation subspace
      eigenvector projections:
          L        *Q        *P     REACS
          0     0.156     0.896     0.323
         *Z       ---       ---  1.75e+17
         *Q - eigenvalue over the collision frequency
         *P - eigenvector projection squared on the relaxation subspace
         *Z - well partition function square root
      dimension of the chemical subspace = 0
      isomers-to-bimolecular equilibrium coefficients (kappa matrix):
        W\P    PRODS
      REACS        1
   MasterEquation::direct_diagonalization_method:  done, cpu time[sec] = 0.11, elapsed time[sec] = 0
   MasterEquation::direct_diagonalization_method:  starts
      Pressure = 1 atm	 Temperature = 2.1e+03 K
      collision frequency = 1.3e+09 1/sec
      global relaxation matrix dimension = 166
      setting global matrices ... done, cpu time[sec] = 0.02, elapsed time[sec] = 0
      diagonalizing global relaxation matrix ... done, cpu time[sec] = 0.08, elapsed time[sec] = 0
      minimal relaxation eigenvalue / collision frequency = 0.33
      maximal relaxation eigenvalue / collision frequency = 5.4e+02
      microscopic rate coefficients (at reference energy) over collision frequency:
       REACS->PRODS
            5.4e+02
      eigenvector populations normalized:
          L        *R        *P     REACS
          0     0.292     0.791         1
         *R - eigenvalue over the relaxation limit
         *P - eigenvector projection squared on the relaxation subspace
      eigenvector projections:
          L        *Q        *P     REACS
          0     0.096     0.791    -0.457
         *Z       ---       ---  1.75e+17
         *Q - eigenvalue over the collision frequency
         *P - eigenvector projection squared on the relaxation subspace
         *Z - well partition function square root
      dimension of the chemical subspace = 0
      isomers-to-bimolecular equilibrium coefficients (kappa matrix):
        W\P    PRODS
      REACS        1
   MasterEquation::direct_diagonalization_method:  done, cpu time[sec] = 0.11, elapsed time[sec] = 0
   MasterEquation::direct_diagonalization_method:  starts
      Pressure = 10 atm	 Temperature = 2.1e+03 K
      collision frequency = 1.3e+10 1/sec
      global relaxation matrix dimension = 166
      setting global matrices ... done, cpu time[sec] = 0.02, elapsed time[sec] = 0
      diagonalizing global relaxation matrix ... done, cpu time[sec] = 0.07, elapsed time[sec] = 0
      minimal relaxation eigenvalue / collision frequency = 0.21
      maximal relaxation eigenvalue / collision frequency = 55
      microscopic rate coefficients (at reference energy) over collision frequency:
       REACS->PRODS
                 54
      eigenvector populations normalized:
          L        *R        *P     REACS
          0     0.244     0.598         1
         *R - eigenvalue over the relaxation limit
         *P - eigenvector projection squared on the relaxation subspace
      eigenvector projections:
          L        *Q        *P     REACS
          0    0.0507     0.598     0.634
         *Z       ---       ---  1.75e+17
         *Q - eigenvalue over the collision frequency
         *P - eigenvector projection squared on the relaxation subspace
         *Z - well partition function square root
      dimension of the chemical subspace = 0
      isomers-to-bimolecular equilibrium coefficients (kappa matrix):
        W\P    PRODS
      REACS        1
   MasterEquation::direct_diagonalization_method:  done, cpu time[sec] = 0.1, elapsed time[sec] = 0
   MasterEquation::direct_diagonalization_method:  starts
      Pressure = 1e+03 atm	 Temperature = 2.1e+03 K
      collision frequency = 1.3e+12 1/sec
      global relaxation matrix dimension = 166
      setting global matrices ... done, cpu time[sec] = 0.02, elapsed time[sec] = 0
      diagonalizing global relaxation matrix ... done, cpu time[sec] = 0.08, elapsed time[sec] = 0
      minimal relaxation eigenvalue / collision frequency = 0.062
      maximal relaxation eigenvalue / collision frequency = 1.5
      microscopic rate coefficients (at reference energy) over collision frequency:
       REACS->PRODS
               0.54
      eigenvector populations normalized:
          L        *R        *P     REACS
          0     0.107    0.0944         1
         *R - eigenvalue over the relaxation limit
         *P - eigenvector projection squared on the relaxation subspace
      eigenvector projections:
          L        *Q        *P     REACS
          0    0.0067    0.0944     0.952
         *Z       ---       ---  1.75e+17
         *Q - eigenvalue over the collision frequency
         *P - eigenvector projection squared on the relaxation subspace
         *Z - well partition function square root
      isomers-to-bimolecular equilibrium coefficients (kappa matrix):
        W\P    PRODS
      REACS    0.094
      projection error = 0.094
      Wa->Wb/Wb->Wa rate constants ratios:
      Wb\Wa     REACS
      REACS         1
      W->P/P->W rate constants ratios:
        P\W     REACS
      PRODS       1.1
   MasterEquation::direct_diagonalization_method:  done, cpu time[sec] = 0.12, elapsed time[sec] = 0
   MasterEquation::set:  starts
      Temperature      = 2200 K
      Collision rate   = 3.85434e-10cm^3/sec
      Energy reference = 57359 1/cm
      Energy step      = 306 1/cm
      setting wells, barriers, and bimolecular starts
         REACS Well: density of states done, elapsed time[sec] = 0
         REACS Well: cannot satisfy the constant collision frequency at energy = 6869 1/cm, truncating the well
         REACS Well: cannot satisfy the constant collision frequency at energy = 7175 1/cm, truncating the well
         REACS Well: collisional energy transfer kernel done, elapsed time[sec] = 0.06
         REACS Well: relaxation modes basis done, elapsed time[sec] = 0.02
         REACS Well: kernel in relaxation modes basis done, elapsed time[sec] = 0.08
         REACS Well: relaxation eigenvalues done, elapsed time[sec] = 0.02
         REACS Well: minimal relaxation eigenvalue = 0.0261697
         REACS Well: maximal relaxation eigenvalue = 1.01644
         REACS Well:       grid size = 164
         REACS Well:      real depth = 0 1/cm
         REACS Well: effective depth = 7174 1/cm
         TS Barrier:        grid size = 150
         TS Barrier:      real height = 11486 1/cm
         TS Barrier: effective height = 11458 1/cm
      setting wells, barriers, and bimolecular done, cpu time[sec] = 0.19, elapsed time[sec] = 0
      Bound Species (D1/D2 - density of states at dissociation energy (DE)/reference energy):
       Name  Depth     DE      *D1      *D2
              1/cm   1/cm       cm       cm
      REACS   7175  11459 1.77e+13 2.29e+25
      Well-to-Bimolecular Barriers (N - number of states at the reference energy):
       Name Height       *N
              1/cm         
         TS  11459 6.65e+26
      Effective equilibrium constants(bimolecular units - cm^3):
        Q/Q     REACS     PRODS
      REACS         1  5.19e-17
      PRODS  1.93e+16         1
      Real equilibrium constants(bimolecular units - cm^3):
        Q/Q     REACS     PRODS
      REACS         1  7.27e-20
      PRODS  1.38e+19         1
   MasterEquation::set:  done, cpu time[sec] = 0.19, elapsed time[sec] = 0
   MasterEquation::direct_diagonalization_method:  starts
      Pressure = 0.1 atm	 Temperature = 2200 K
      collision frequency = 1.28564e+08 1/sec
      global relaxation matrix dimension = 164
      setting global matrices ... done, cpu time[sec] = 0.02, elapsed time[sec] = 0
      diagonalizing global relaxation matrix ... done, cpu time[sec] = 0.07, elapsed time[sec] = 0
      minimal relaxation eigenvalue / collision frequency = 0.530116
      maximal relaxation eigenvalue / collision frequency = 6776.37
      microscopic rate coefficients (at reference energy) over collision frequency:
       REACS->PRODS
            6775.57
      eigenvector populations normalized:
          L        *R        *P     REACS
          0     0.361     0.927         1
         *R - eigenvalue over the relaxation limit
         *P - eigenvector projection squared on the relaxation subspace
      eigenvector projections:
          L        *Q        *P     REACS
          0     0.191     0.927     -0.27
         *Z       ---       ---   2.2e+17
         *Q - eigenvalue over the collision frequency
         *P - eigenvector projection squared on the relaxation subspace
         *Z - well partition function square root
      dimension of the chemical subspace = 0
      isomers-to-bimolecular equilibrium coefficients (kappa matrix):
        W\P    PRODS
      REACS        1
   MasterEquation::direct_diagonalization_method:  done, cpu time[sec] = 0.1, elapsed time[sec] = 0
   MasterEquation::direct_diagonalization_method:  starts
      Pressure = 1 atm	 Temperature = 2.2e+03 K
      collision frequency = 1.3e+09 1/sec
      global relaxation matrix dimension = 164
      setting global matrices ... done, cpu time[sec] = 0.02, elapsed time[sec] = 0
      diagonalizing global relaxation matrix ... done, cpu time[sec] = 0.06, elapsed time[sec] = 0
      minimal relaxation eigenvalue / collision frequency = 0.38
      maximal relaxation eigenvalue / collision frequency = 6.8e+02
      microscopic rate coefficients (at reference energy) over collision frequency:
       REACS->PRODS
            6.8e+02
      eigenvector populations normalized:
          L        *R        *P     REACS
          0     0.315     0.843         1
         *R - eigenvalue over the relaxation limit
         *P - eigenvector projection squared on the relaxation subspace
      eigenvector projections:
          L        *Q        *P     REACS
          0     0.119     0.843     0.396
         *Z       ---       ---   2.2e+17
         *Q - eigenvalue over the collision frequency
         *P - eigenvector projection squared on the relaxation subspace
         *Z - well partition function square root
      dimension of the chemical subspace = 0
      isomers-to-bimolecular equilibrium coefficients (kappa matrix):
        W\P    PRODS
      REACS        1
   MasterEquation::direct_diagonalization_method:  done, cpu time[sec] = 0.09, elapsed time[sec] = 0
   MasterEquation::direct_diagonalization_method:  starts
      Pressure = 10 atm	 Temperature = 2.2e+03 K
      collision frequency = 1.3e+10 1/sec
      global relaxation matrix dimension = 164
      setting global matrices ... done, cpu time[sec] = 0.02, elapsed time[sec] = 0
      diagonalizing global relaxation matrix ... done, cpu time[sec] = 0.08, elapsed time[sec] = 0
      minimal relaxation eigenvalue / collision frequency = 0.24
      maximal relaxation eigenvalue / collision frequency = 69
      microscopic rate coefficients (at reference energy) over collision frequency:
       REACS->PRODS
                 68
      eigenvector populations normalized:
          L        *R        *P     REACS
          0     0.268     0.672         1
         *R - eigenvalue over the relaxation limit
         *P - eigenvector projection squared on the relaxation subspace
      eigenvector projections:
          L        *Q        *P     REACS
          0    0.0638     0.672     0.572
         *Z       ---       ---   2.2e+17
         *Q - eigenvalue over the collision frequency
         *P - eigenvector projection squared on the relaxation subspace
         *Z - well partition function square root
      dimension of the chemical subspace = 0
      isomers-to-bimolecular equilibrium coefficients (kappa matrix):
        W\P    PRODS
      REACS        1
   MasterEquation::direct_diagonalization_method:  done, cpu time[sec] = 0.11, elapsed time[sec] = 0
   MasterEquation::direct_diagonalization_method:  starts
      Pressure = 1e+03 atm	 Temperature = 2.2e+03 K
      collision frequency = 1.3e+12 1/sec
      global relaxation matrix dimension = 164
      setting global matrices ... done, cpu time[sec] = 0.02, elapsed time[sec] = 0
      diagonalizing global relaxation matrix ... done, cpu time[sec] = 0.08, elapsed time[sec] = 0
      minimal relaxation eigenvalue / collision frequency = 0.07
      maximal relaxation eigenvalue / collision frequency = 1.6
      microscopic rate coefficients (at reference energy) over collision frequency:
       REACS->PRODS
               0.68
      eigenvector populations normalized:
          L        *R        *P     REACS
          0     0.131     0.134         1
         *R - eigenvalue over the relaxation limit
         *P - eigenvector projection squared on the relaxation subspace
      eigenvector projections:
          L        *Q        *P     REACS
          0   0.00916     0.134      0.93
         *Z       ---       ---   2.2e+17
         *Q - eigenvalue over the collision frequency
         *P - eigenvector projection squared on the relaxation subspace
         *Z - well partition function square root
      isomers-to-bimolecular equilibrium coefficients (kappa matrix):
        W\P    PRODS
      REACS     0.13
      projection error = 0.13
      Wa->Wb/Wb->Wa rate constants ratios:
      Wb\Wa     REACS
      REACS         1
      W->P/P->W rate constants ratios:
        P\W     REACS
      PRODS       1.2
   MasterEquation::direct_diagonalization_method:  done, cpu time[sec] = 0.11, elapsed time[sec] = 0
   MasterEquation::set:  starts
      Temperature      = 2300 K
      Collision rate   = 3.91499e-10cm^3/sec
      Energy reference = 59444 1/cm
      Energy step      = 320 1/cm
      setting wells, barriers, and bimolecular starts
         REACS Well: density of states done, elapsed time[sec] = 0
         REACS Well: cannot satisfy the constant collision frequency at energy = 7284 1/cm, truncating the well
         REACS Well: cannot satisfy the constant collision frequency at energy = 7604 1/cm, truncating the well
         REACS Well: cannot satisfy the constant collision frequency at energy = 7924 1/cm, truncating the well
         REACS Well: collisional energy transfer kernel done, elapsed time[sec] = 0.08
         REACS Well: relaxation modes basis done, elapsed time[sec] = 0.02
         REACS Well: kernel in relaxation modes basis done, elapsed time[sec] = 0.07
         REACS Well: relaxation eigenvalues done, elapsed time[sec] = 0.02
         REACS Well: minimal relaxation eigenvalue = 0.0260158
         REACS Well: maximal relaxation eigenvalue = 1.00918
         REACS Well:       grid size = 161
         REACS Well:      real depth = 0 1/cm
         REACS Well: effective depth = 7924 1/cm
         TS Barrier:        grid size = 150
         TS Barrier:      real height = 11486 1/cm
         TS Barrier: effective height = 11444 1/cm
      setting wells, barriers, and bimolecular done, cpu time[sec] = 0.2, elapsed time[sec] = 0
      Bound Species (D1/D2 - density of states at dissociation energy (DE)/reference energy):
       Name  Depth     DE      *D1      *D2
              1/cm   1/cm       cm       cm
      REACS   7925  11445 1.74e+13 4.97e+25
      Well-to-Bimolecular Barriers (N - number of states at the reference energy):
       Name Height       *N
              1/cm         
         TS  11445 1.74e+27
      Effective equilibrium constants(bimolecular units - cm^3):
        Q/Q     REACS     PRODS
      REACS         1  2.29e-17
      PRODS  4.38e+16         1
      Real equilibrium constants(bimolecular units - cm^3):
        Q/Q     REACS     PRODS
      REACS         1  3.35e-20
      PRODS  2.99e+19         1
   MasterEquation::set:  done, cpu time[sec] = 0.2, elapsed time[sec] = 0
   MasterEquation::direct_diagonalization_method:  starts
      Pressure = 0.1 atm	 Temperature = 2300 K
      collision frequency = 1.24909e+08 1/sec
      global relaxation matrix dimension = 161
      setting global matrices ... done, cpu time[sec] = 0.02, elapsed time[sec] = 0
      diagonalizing global relaxation matrix ... done, cpu time[sec] = 0.07, elapsed time[sec] = 0
      minimal relaxation eigenvalue / collision frequency = 0.594593
      maximal relaxation eigenvalue / collision frequency = 8397.95
      microscopic rate coefficients (at reference energy) over collision frequency:
       REACS->PRODS
            8397.15
      eigenvector populations normalized:
          L        *R        *P     REACS
          0     0.388     0.949         1
         *R - eigenvalue over the relaxation limit
         *P - eigenvector projection squared on the relaxation subspace
      eigenvector projections:
          L        *Q        *P     REACS
          0      0.23     0.949     0.225
         *Z       ---       ---  2.78e+17
         *Q - eigenvalue over the collision frequency
         *P - eigenvector projection squared on the relaxation subspace
         *Z - well partition function square root
      dimension of the chemical subspace = 0
      isomers-to-bimolecular equilibrium coefficients (kappa matrix):
        W\P    PRODS
      REACS        1
   MasterEquation::direct_diagonalization_method:  done, cpu time[sec] = 0.1, elapsed time[sec] = 0
   MasterEquation::direct_diagonalization_method:  starts
      Pressure = 1 atm	 Temperature = 2.3e+03 K
      collision frequency = 1.2e+09 1/sec
      global relaxation matrix dimension = 161
      setting global matrices ... done, cpu time[sec] = 0.02, elapsed time[sec] = 0
      diagonalizing global relaxation matrix ... done, cpu time[sec] = 0.08, elapsed time[sec] = 0
      minimal relaxation eigenvalue / collision frequency = 0.43
      maximal relaxation eigenvalue / collision frequency = 8.4e+02
      microscopic rate coefficients (at reference energy) over collision frequency:
       REACS->PRODS
            8.4e+02
      eigenvector populations normalized:
          L        *R        *P     REACS
          0     0.338     0.883         1
         *R - eigenvalue over the relaxation limit
         *P - eigenvector projection squared on the relaxation subspace
      eigenvector projections:
          L        *Q        *P     REACS
          0     0.145     0.883    -0.342
         *Z       ---       ---  2.78e+17
         *Q - eigenvalue over the collision frequency
         *P - eigenvector projection squared on the relaxation subspace
         *Z - well partition function square root
      dimension of the chemical subspace = 0
      isomers-to-bimolecular equilibrium coefficients (kappa matrix):
        W\P    PRODS
      REACS        1
   MasterEquation::direct_diagonalization_method:  done, cpu time[sec] = 0.12, elapsed time[sec] = 0
   MasterEquation::direct_diagonalization_method:  starts
      Pressure = 10 atm	 Temperature = 2.3e+03 K
      collision frequency = 1.2e+10 1/sec
      global relaxation matrix dimension = 161
      setting global matrices ... done, cpu time[sec] = 0.02, elapsed time[sec] = 0
      diagonalizing global relaxation matrix ... done, cpu time[sec] = 0.07, elapsed time[sec] = 0
      minimal relaxation eigenvalue / collision frequency = 0.27
      maximal relaxation eigenvalue / collision frequency = 85
      microscopic rate coefficients (at reference energy) over collision frequency:
       REACS->PRODS
                 84
      eigenvector populations normalized:
          L        *R        *P     REACS
          0      0.29     0.737         1
         *R - eigenvalue over the relaxation limit
         *P - eigenvector projection squared on the relaxation subspace
      eigenvector projections:
          L        *Q        *P     REACS
          0    0.0789     0.737    -0.513
         *Z       ---       ---  2.78e+17
         *Q - eigenvalue over the collision frequency
         *P - eigenvector projection squared on the relaxation subspace
         *Z - well partition function square root
      dimension of the chemical subspace = 0
      isomers-to-bimolecular equilibrium coefficients (kappa matrix):
        W\P    PRODS
      REACS        1
   MasterEquation::direct_diagonalization_method:  done, cpu time[sec] = 0.1, elapsed time[sec] = 0
   MasterEquation::direct_diagonalization_method:  starts
      Pressure = 1e+03 atm	 Temperature = 2.3e+03 K
      collision frequency = 1.2e+12 1/sec
      global relaxation matrix dimension = 161
      setting global matrices ... done, cpu time[sec] = 0.02, elapsed time[sec] = 0
      diagonalizing global relaxation matrix ... done, cpu time[sec] = 0.09, elapsed time[sec] = 0
      minimal relaxation eigenvalue / collision frequency = 0.079
      maximal relaxation eigenvalue / collision frequency = 1.8
      microscopic rate coefficients (at reference energy) over collision frequency:
       REACS->PRODS
               0.84
      eigenvector populations normalized:
          L        *R        *P     REACS
          0     0.154     0.181         1
         *R - eigenvalue over the relaxation limit
         *P - eigenvector projection squared on the relaxation subspace
      eigenvector projections:
          L        *Q        *P     REACS
          0    0.0121     0.181     0.905
         *Z       ---       ---  2.78e+17
         *Q - eigenvalue over the collision frequency
         *P - eigenvector projection squared on the relaxation subspace
         *Z - well partition function square root
      isomers-to-bimolecular equilibrium coefficients (kappa matrix):
        W\P    PRODS
      REACS     0.18
      projection error = 0.18
      Wa->Wb/Wb->Wa rate constants ratios:
      Wb\Wa     REACS
      REACS         1
      W->P/P->W rate constants ratios:
        P\W     REACS
      PRODS       1.2
   MasterEquation::direct_diagonalization_method:  done, cpu time[sec] = 0.12, elapsed time[sec] = 0
   MasterEquation::set:  starts
      Temperature      = 2400 K
      Collision rate   = 3.97395e-10cm^3/sec
      Energy reference = 61529 1/cm
      Energy step      = 334 1/cm
      setting wells, barriers, and bimolecular starts
         REACS Well: density of states done, elapsed time[sec] = 0
         REACS Well: cannot satisfy the constant collision frequency at energy = 8089 1/cm, truncating the well
         REACS Well: cannot satisfy the constant collision frequency at energy = 8423 1/cm, truncating the well
         REACS Well: collisional energy transfer kernel done, elapsed time[sec] = 0.06
         REACS Well: relaxation modes basis done, elapsed time[sec] = 0.02
         REACS Well: kernel in relaxation modes basis done, elapsed time[sec] = 0.07
         REACS Well: relaxation eigenvalues done, elapsed time[sec] = 0.02
         REACS Well: minimal relaxation eigenvalue = 0.0259121
         REACS Well: maximal relaxation eigenvalue = 1.01216
         REACS Well:       grid size = 159
         REACS Well:      real depth = 0 1/cm
         REACS Well: effective depth = 8423 1/cm
         TS Barrier:        grid size = 150
         TS Barrier:      real height = 11486 1/cm
         TS Barrier: effective height = 11429 1/cm
      setting wells, barriers, and bimolecular done, cpu time[sec] = 0.18, elapsed time[sec] = 0
      Bound Species (D1/D2 - density of states at dissociation energy (DE)/reference energy):
       Name  Depth     DE      *D1      *D2
              1/cm   1/cm       cm       cm
      REACS   8424  11430 1.71e+13 1.06e+26
      Well-to-Bimolecular Barriers (N - number of states at the reference energy):
       Name Height       *N
              1/cm         
         TS  11430 4.41e+27
      Effective equilibrium constants(bimolecular units - cm^3):
        Q/Q     REACS     PRODS
      REACS         1  1.08e-17
      PRODS  9.26e+16         1
      Real equilibrium constants(bimolecular units - cm^3):
        Q/Q     REACS     PRODS
      REACS         1  1.65e-20
      PRODS  6.06e+19         1
   MasterEquation::set:  done, cpu time[sec] = 0.18, elapsed time[sec] = 0
   MasterEquation::direct_diagonalization_method:  starts
      Pressure = 0.1 atm	 Temperature = 2400 K
      collision frequency = 1.21508e+08 1/sec
      global relaxation matrix dimension = 159
      setting global matrices ... done, cpu time[sec] = 0.02, elapsed time[sec] = 0
      diagonalizing global relaxation matrix ... done, cpu time[sec] = 0.07, elapsed time[sec] = 0
      minimal relaxation eigenvalue / collision frequency = 0.658961
      maximal relaxation eigenvalue / collision frequency = 10290.9
      microscopic rate coefficients (at reference energy) over collision frequency:
       REACS->PRODS
            10290.1
      eigenvector populations normalized:
          L        *R        *P     REACS
          0     0.416     0.965         1
         *R - eigenvalue over the relaxation limit
         *P - eigenvector projection squared on the relaxation subspace
      eigenvector projections:
          L        *Q        *P     REACS
          0     0.274     0.965    -0.186
         *Z       ---       ---  3.53e+17
         *Q - eigenvalue over the collision frequency
         *P - eigenvector projection squared on the relaxation subspace
         *Z - well partition function square root
      dimension of the chemical subspace = 0
      isomers-to-bimolecular equilibrium coefficients (kappa matrix):
        W\P    PRODS
      REACS        1
   MasterEquation::direct_diagonalization_method:  done, cpu time[sec] = 0.1, elapsed time[sec] = 0
   MasterEquation::direct_diagonalization_method:  starts
      Pressure = 1 atm	 Temperature = 2.4e+03 K
      collision frequency = 1.2e+09 1/sec
      global relaxation matrix dimension = 159
      setting global matrices ... done, cpu time[sec] = 0.02, elapsed time[sec] = 0
      diagonalizing global relaxation matrix ... done, cpu time[sec] = 0.07, elapsed time[sec] = 0
      minimal relaxation eigenvalue / collision frequency = 0.48
      maximal relaxation eigenvalue / collision frequency = 1e+03
      microscopic rate coefficients (at reference energy) over collision frequency:
       REACS->PRODS
              1e+03
      eigenvector populations normalized:
          L        *R        *P     REACS
          0     0.361     0.914         1
         *R - eigenvalue over the relaxation limit
         *P - eigenvector projection squared on the relaxation subspace
      eigenvector projections:
          L        *Q        *P     REACS
          0     0.174     0.914    -0.292
         *Z       ---       ---  3.53e+17
         *Q - eigenvalue over the collision frequency
         *P - eigenvector projection squared on the relaxation subspace
         *Z - well partition function square root
      dimension of the chemical subspace = 0
      isomers-to-bimolecular equilibrium coefficients (kappa matrix):
        W\P    PRODS
      REACS        1
   MasterEquation::direct_diagonalization_method:  done, cpu time[sec] = 0.1, elapsed time[sec] = 0
   MasterEquation::direct_diagonalization_method:  starts
      Pressure = 10 atm	 Temperature = 2.4e+03 K
      collision frequency = 1.2e+10 1/sec
      global relaxation matrix dimension = 159
      setting global matrices ... done, cpu time[sec] = 0.02, elapsed time[sec] = 0
      diagonalizing global relaxation matrix ... done, cpu time[sec] = 0.07, elapsed time[sec] = 0
      minimal relaxation eigenvalue / collision frequency = 0.31
      maximal relaxation eigenvalue / collision frequency = 1e+02
      microscopic rate coefficients (at reference energy) over collision frequency:
       REACS->PRODS
              1e+02
      eigenvector populations normalized:
          L        *R        *P     REACS
          0     0.311     0.791         1
         *R - eigenvalue over the relaxation limit
         *P - eigenvector projection squared on the relaxation subspace
      eigenvector projections:
          L        *Q        *P     REACS
          0     0.096     0.791    -0.457
         *Z       ---       ---  3.53e+17
         *Q - eigenvalue over the collision frequency
         *P - eigenvector projection squared on the relaxation subspace
         *Z - well partition function square root
      dimension of the chemical subspace = 0
      isomers-to-bimolecular equilibrium coefficients (kappa matrix):
        W\P    PRODS
      REACS        1
   MasterEquation::direct_diagonalization_method:  done, cpu time[sec] = 0.1, elapsed time[sec] = 0
   MasterEquation::direct_diagonalization_method:  starts
      Pressure = 1e+03 atm	 Temperature = 2.4e+03 K
      collision frequency = 1.2e+12 1/sec
      global relaxation matrix dimension = 159
      setting global matrices ... done, cpu time[sec] = 0.02, elapsed time[sec] = 0
      diagonalizing global relaxation matrix ... done, cpu time[sec] = 0.07, elapsed time[sec] = 0
      minimal relaxation eigenvalue / collision frequency = 0.088
      maximal relaxation eigenvalue / collision frequency = 2
      microscopic rate coefficients (at reference energy) over collision frequency:
       REACS->PRODS
                  1
      eigenvector populations normalized:
          L        *R        *P     REACS
          0     0.177     0.233         1
         *R - eigenvalue over the relaxation limit
         *P - eigenvector projection squared on the relaxation subspace
      eigenvector projections:
          L        *Q        *P     REACS
          0    0.0156     0.233     0.876
         *Z       ---       ---  3.53e+17
         *Q - eigenvalue over the collision frequency
         *P - eigenvector projection squared on the relaxation subspace
         *Z - well partition function square root
      dimension of the chemical subspace = 0
      isomers-to-bimolecular equilibrium coefficients (kappa matrix):
        W\P    PRODS
      REACS        1
   MasterEquation::direct_diagonalization_method:  done, cpu time[sec] = 0.1, elapsed time[sec] = 0
   MasterEquation::set:  starts
      Temperature      = 2.5e+03 K
      Collision rate   = 4e-10cm^3/sec
      Energy reference = 6.4e+04 1/cm
      Energy step      = 3.5e+02 1/cm
      setting wells, barriers, and bimolecular starts
         REACS Well: density of states done, elapsed time[sec] = 0.01
         REACS Well: cannot satisfy the constant collision frequency at energy = 8.6e+03 1/cm, truncating the well
         REACS Well: cannot satisfy the constant collision frequency at energy = 9e+03 1/cm, truncating the well
         REACS Well: collisional energy transfer kernel done, elapsed time[sec] = 0.06
         REACS Well: relaxation modes basis done, elapsed time[sec] = 0.01
         REACS Well: kernel in relaxation modes basis done, elapsed time[sec] = 0.07
         REACS Well: relaxation eigenvalues done, elapsed time[sec] = 0.02
         REACS Well: minimal relaxation eigenvalue = 0.026
         REACS Well: maximal relaxation eigenvalue = 1
         REACS Well:       grid size = 157
         REACS Well:      real depth = 0 1/cm
         REACS Well: effective depth = 8978 1/cm
         TS Barrier:        grid size = 150
         TS Barrier:      real height = 11486 1/cm
         TS Barrier: effective height = 11413 1/cm
      setting wells, barriers, and bimolecular done, cpu time[sec] = 0.17, elapsed time[sec] = 0
      Bound Species (D1/D2 - density of states at dissociation energy (DE)/reference energy):
       Name  Depth     DE      *D1      *D2
              1/cm   1/cm       cm       cm
      REACS   8979  11414 1.69e+13 2.21e+26
      Well-to-Bimolecular Barriers (N - number of states at the reference energy):
       Name Height       *N
              1/cm         
         TS  11414 1.09e+28
      Effective equilibrium constants(bimolecular units - cm^3):
        Q/Q     REACS     PRODS
      REACS         1  5.43e-18
      PRODS  1.84e+17         1
      Real equilibrium constants(bimolecular units - cm^3):
        Q/Q     REACS     PRODS
      REACS         1  8.65e-21
      PRODS  1.16e+20         1
   MasterEquation::set:  done, cpu time[sec] = 0.17, elapsed time[sec] = 0
   MasterEquation::direct_diagonalization_method:  starts
      Pressure = 0.1 atm	 Temperature = 2500 K
      collision frequency = 1.18332e+08 1/sec
      global relaxation matrix dimension = 157
      setting global matrices ... done, cpu time[sec] = 0.03, elapsed time[sec] = 0
      diagonalizing global relaxation matrix ... done, cpu time[sec] = 0.06, elapsed time[sec] = 0
      minimal relaxation eigenvalue / collision frequency = 0.722692
      maximal relaxation eigenvalue / collision frequency = 12481.6
      microscopic rate coefficients (at reference energy) over collision frequency:
       REACS->PRODS
            12480.8
      eigenvector populations normalized:
          L        *R        *P     REACS
          0     0.446     0.977         1
         *R - eigenvalue over the relaxation limit
         *P - eigenvector projection squared on the relaxation subspace
      eigenvector projections:
          L        *Q        *P     REACS
          0     0.322     0.977    -0.153
         *Z       ---       ---  4.49e+17
         *Q - eigenvalue over the collision frequency
         *P - eigenvector projection squared on the relaxation subspace
         *Z - well partition function square root
      dimension of the chemical subspace = 0
      isomers-to-bimolecular equilibrium coefficients (kappa matrix):
        W\P    PRODS
      REACS        1
   MasterEquation::direct_diagonalization_method:  done, cpu time[sec] = 0.1, elapsed time[sec] = 0
   MasterEquation::direct_diagonalization_method:  starts
      Pressure = 1 atm	 Temperature = 2.5e+03 K
      collision frequency = 1.2e+09 1/sec
      global relaxation matrix dimension = 157
      setting global matrices ... done, cpu time[sec] = 0.02, elapsed time[sec] = 0
      diagonalizing global relaxation matrix ... done, cpu time[sec] = 0.06, elapsed time[sec] = 0
      minimal relaxation eigenvalue / collision frequency = 0.54
      maximal relaxation eigenvalue / collision frequency = 1.2e+03
      microscopic rate coefficients (at reference energy) over collision frequency:
       REACS->PRODS
            1.2e+03
      eigenvector populations normalized:
          L        *R        *P     REACS
          0     0.384     0.938         1
         *R - eigenvalue over the relaxation limit
         *P - eigenvector projection squared on the relaxation subspace
      eigenvector projections:
          L        *Q        *P     REACS
          0     0.206     0.938     0.249
         *Z       ---       ---  4.49e+17
         *Q - eigenvalue over the collision frequency
         *P - eigenvector projection squared on the relaxation subspace
         *Z - well partition function square root
      dimension of the chemical subspace = 0
      isomers-to-bimolecular equilibrium coefficients (kappa matrix):
        W\P    PRODS
      REACS        1
   MasterEquation::direct_diagonalization_method:  done, cpu time[sec] = 0.09, elapsed time[sec] = 0
   MasterEquation::direct_diagonalization_method:  starts
      Pressure = 10 atm	 Temperature = 2.5e+03 K
      collision frequency = 1.2e+10 1/sec
      global relaxation matrix dimension = 157
      setting global matrices ... done, cpu time[sec] = 0.02, elapsed time[sec] = 0
      diagonalizing global relaxation matrix ... done, cpu time[sec] = 0.08, elapsed time[sec] = 0
      minimal relaxation eigenvalue / collision frequency = 0.35
      maximal relaxation eigenvalue / collision frequency = 1.3e+02
      microscopic rate coefficients (at reference energy) over collision frequency:
       REACS->PRODS
            1.2e+02
      eigenvector populations normalized:
          L        *R        *P     REACS
          0     0.331     0.836         1
         *R - eigenvalue over the relaxation limit
         *P - eigenvector projection squared on the relaxation subspace
      eigenvector projections:
          L        *Q        *P     REACS
          0     0.115     0.836    -0.405
         *Z       ---       ---  4.49e+17
         *Q - eigenvalue over the collision frequency
         *P - eigenvector projection squared on the relaxation subspace
         *Z - well partition function square root
      dimension of the chemical subspace = 0
      isomers-to-bimolecular equilibrium coefficients (kappa matrix):
        W\P    PRODS
      REACS        1
   MasterEquation::direct_diagonalization_method:  done, cpu time[sec] = 0.11, elapsed time[sec] = 0
   MasterEquation::direct_diagonalization_method:  starts
      Pressure = 1e+03 atm	 Temperature = 2.5e+03 K
      collision frequency = 1.2e+12 1/sec
      global relaxation matrix dimension = 157
      setting global matrices ... done, cpu time[sec] = 0.01, elapsed time[sec] = 0
      diagonalizing global relaxation matrix ... done, cpu time[sec] = 0.07, elapsed time[sec] = 0
      minimal relaxation eigenvalue / collision frequency = 0.099
      maximal relaxation eigenvalue / collision frequency = 2.2
      microscopic rate coefficients (at reference energy) over collision frequency:
       REACS->PRODS
                1.2
      eigenvector populations normalized:
          L        *R        *P     REACS
          0     0.199     0.288         1
         *R - eigenvalue over the relaxation limit
         *P - eigenvector projection squared on the relaxation subspace
      eigenvector projections:
          L        *Q        *P     REACS
          0    0.0197     0.288     0.844
         *Z       ---       ---  4.49e+17
         *Q - eigenvalue over the collision frequency
         *P - eigenvector projection squared on the relaxation subspace
         *Z - well partition function square root
      dimension of the chemical subspace = 0
      isomers-to-bimolecular equilibrium coefficients (kappa matrix):
        W\P    PRODS
      REACS        1
   MasterEquation::direct_diagonalization_method:  done, cpu time[sec] = 0.09, elapsed time[sec] = 0
rate calculation done, cpu time[sec] = 68, elapsed time[sec] = 4
