Model::init:  starts
   Model::ExponentialKernel::ExponentialKernel:  ... done
   Model::LennardJonesCollision::LennardJonesCollision:  ... done
   WELL: REACS
   Model::RRHO::RRHO:  starts
      Model::RigidRotor::RigidRotor:  starts
         molecular geometry will be used to estimate rotational constants
         rotational configuration: nonlinear
         rotational constants[1/cm]:        0.878137        0.12634       0.118562
      Model::RigidRotor::RigidRotor:  done, cpu time[sec] = 0.01, elapsed time[sec] = 0
      1-th ROTOR:
      Model::HinderedRotor::HinderedRotor:  starts
         Model::HinderedRotor::_read:  starts
            Fourier Expansion Coefficients(kcal/mol):
              0            1.3
              1    3.62848e-16
              2       -1.32333
              3     -0.0057735
              4           0.02
              5     3.7181e-16
              6     0.00333333
         Model::HinderedRotor::_read:  done, cpu time[sec] = 0, elapsed time[sec] = 0
         effective rotational constant[1/cm]  = 6.24022
         analytic  frequency at minimum[1/cm] = 218.376
         numerical frequency at minimum[1/cm] = 218.376
         minimum energy[kcal/mol]             = -4.92885e-05
         maximum energy[kcal/mol]             = 2.64005
         maximum frequency[1/cm]              = 218.459
         maximum imaginary frequency[1/cm]    = 232.344
         ground energy [kcal/mol]             = 0.305002
         highest energy level [kcal/mol]      = 371.261
         number of levels                     = 97
         10 lowest excited states [kcal/mol] relative to the ground: 0.593 1.15 1.66 2.05 2.58 2.65 3.65 3.65 5.07
         Statistical Weight (*** - deep tunneling regime):
          T, K        Quantum      Classical  Semiclassical  ***
           100        1.05381        1.49915        1.04574
           200        1.30456        1.42117        1.30303
           300        1.63933        1.69641         1.6388
           400        2.00891        2.04322        2.00867
           500        2.39048        2.41332        2.39036
           600        2.77157        2.78776         2.7715
           700        3.14554        3.15763        3.14558
           800        3.50941        3.51866        3.50942
           900        3.86169        3.86896        3.86169
          1000        4.20198        4.20789        4.20204
      Model::HinderedRotor::HinderedRotor:  done, cpu time[sec] = 0, elapsed time[sec] = 0
      2-th ROTOR:
      Model::HinderedRotor::HinderedRotor:  starts
         Model::HinderedRotor::_read:  starts
            Fourier Expansion Coefficients(kcal/mol):
              0          2.006
              1      0.0240656
              2      -0.431276
              3     -0.0607086
              4       0.339452
              5      0.0330657
              6       -2.03038
              7     -0.0596188
              8      0.0768222
              9          0.028
             10          0.018
             11     0.00597612
             12      0.0230482
             13    3.20981e-06
             14   -0.000517882
             15     -0.0013596
             16   -0.000322173
             17     0.00100325
             18   -0.000829526
             19   -2.19509e-15
             20    6.80339e-18
         Model::HinderedRotor::_read:  done, cpu time[sec] = 0, elapsed time[sec] = 0
         effective rotational constant[1/cm]  = 1.7071
         analytic  frequency at minimum[1/cm] = 154.084
         numerical frequency at minimum[1/cm] = 154.081
         minimum energy[kcal/mol]             = -0.0306686
         maximum energy[kcal/mol]             = 4.89837
         maximum frequency[1/cm]              = 154.395
         maximum imaginary frequency[1/cm]    = 161.802
         ground energy [kcal/mol]             = 0.186746
         highest energy level [kcal/mol]      = 11.5874
         number of levels                     = 89
         10 lowest excited states [kcal/mol] relative to the ground: 0.00188 0.00778 0.375 0.412 0.429 0.738 0.805 0.846 1.09
         Statistical Weight (*** - deep tunneling regime):
          T, K        Quantum      Classical  Semiclassical  ***
           100        3.41154        4.02052        3.40741
           200        4.73506        4.92771        4.73445
           300        6.25305         6.3582        6.25295
           400        7.88117        7.94995         7.8812
           500        9.58782        9.63699        9.58796
           600        11.3444        11.3815        11.3447
           700        13.1245        13.1547         13.126
           800        14.9072         14.935        14.9121
           900         16.676         16.707        16.6884
          1000        18.4188        18.4601        18.4446
      Model::HinderedRotor::HinderedRotor:  done, cpu time[sec] = 0.03, elapsed time[sec] = 0
      3-th ROTOR:
      Model::HinderedRotor::HinderedRotor:  starts
         Model::HinderedRotor::_read:  starts
            Fourier Expansion Coefficients(kcal/mol):
              0       0.621667
              1      0.0337639
              2      0.0194936
              3      0.0707254
              4     -0.0441667
              5          -0.01
              6      -0.576667
              7     -0.0476314
              8     -0.0241667
              9    -0.00376388
             10     0.00217308
             11   -8.36319e-16
             12     0.00166667
         Model::HinderedRotor::_read:  done, cpu time[sec] = 0, elapsed time[sec] = 0
         effective rotational constant[1/cm]  = 22.1957
         analytic  frequency at minimum[1/cm] = 296.329
         numerical frequency at minimum[1/cm] = 296.325
         minimum energy[kcal/mol]             = -0.000361184
         maximum energy[kcal/mol]             = 1.38017
         maximum frequency[1/cm]              = 298.449
         maximum imaginary frequency[1/cm]    = 319.775
         ground energy [kcal/mol]             = 0.379084
         highest energy level [kcal/mol]      = 146.838
         number of levels                     = 97
         10 lowest excited states [kcal/mol] relative to the ground: 0.00607 0.0852 0.587 0.627 0.764 0.984 1.3 1.33 1.86
         Statistical Weight (*** - deep tunneling regime):
          T, K        Quantum      Classical  Semiclassical  ***
           100        2.74749        4.31312        2.64186
           200         3.5533        3.88958        3.53654
           300        4.39599        4.53482        4.39101
           400        5.19424        5.26755         5.1922
           500        5.93468        5.97902        5.93371
           600        6.62128        6.65054        6.62078
           700        7.26103        7.28156        7.26077
           800        7.86062        7.87569        7.86049
           900        8.42572        8.43718        8.42566
          1000        8.96101        8.96996        8.96099
      Model::HinderedRotor::HinderedRotor:  done, cpu time[sec] = 0.02, elapsed time[sec] = 0
      interpolating states number/density starts
         core state contribution ... done, cpu time[sec] = 0.01, elapsed time[sec] = 0
         vibrational modes contribution ... done, cpu time[sec] = 0.05, elapsed time[sec] = 0
         hindered rotors contribution starts
            Model::HinderedRotor::set:  starts
               hamiltonian size                = 101
               ground energy [kcal/mol]        = 0.305002
               highest level energy [kcal/mol] = 386.532
               number of levels                = 99
            Model::HinderedRotor::set:  done, cpu time[sec] = 0, elapsed time[sec] = 0
            Model::HinderedRotor::set:  starts
               hamiltonian size                = 575
               ground energy [kcal/mol]        = 0.186746
               highest level energy [kcal/mol] = 401.175
               number of levels                = 573
            Model::HinderedRotor::set:  done, cpu time[sec] = 2.08, elapsed time[sec] = 0
            Model::HinderedRotor::set:  starts
               hamiltonian size                = 161
               ground energy [kcal/mol]        = 0.379084
               highest level energy [kcal/mol] = 396.299
               number of levels                = 159
            Model::HinderedRotor::set:  done, cpu time[sec] = 0.09, elapsed time[sec] = 0
         hindered rotors contribution done, cpu time[sec] = 4.11, elapsed time[sec] = 0
         effective power exponent at 399.998 kcal/mol = 25.0328
      interpolating states number/density done, cpu time[sec] = 4.46, elapsed time[sec] = 0
   Model::RRHO::RRHO:  done, cpu time[sec] = 4.52, elapsed time[sec] = 0
   BIMOLECULAR: PRODS
   Model::Bimolecular::Bimolecular:  starts
      Model::RRHO::RRHO:  starts
         Model::RigidRotor::RigidRotor:  starts
            molecular geometry will be used to estimate rotational constants
            rotational configuration: nonlinear
            rotational constants[1/cm]:         6.49782        1.00826        0.87981
         Model::RigidRotor::RigidRotor:  done, cpu time[sec] = 0, elapsed time[sec] = 0
         1-th ROTOR:
         Model::HinderedRotor::HinderedRotor:  starts
            Model::HinderedRotor::_read:  starts
               Fourier Expansion Coefficients(kcal/mol):
                 0        1.18375
                 1       -1.16395
                 2        -1.2493
                 3         0.8625
                 4           0.05
                 5      -0.168948
                 6       0.154303
                 7    1.39304e-16
                 8       -0.13875
            Model::HinderedRotor::_read:  done, cpu time[sec] = 0.01, elapsed time[sec] = 0
            effective rotational constant[1/cm]  = 31.7378
            analytic  frequency at minimum[1/cm] = 411.412
            numerical frequency at minimum[1/cm] = 411.404
            minimum energy[kcal/mol]             = -0.000769831
            maximum energy[kcal/mol]             = 4.12193
            maximum frequency[1/cm]              = 615.775
            maximum imaginary frequency[1/cm]    = 915.47
            ground energy [kcal/mol]             = 0.301783
            highest energy level [kcal/mol]      = 837.462
            number of levels                     = 97
            10 lowest excited states [kcal/mol] relative to the ground: 0.502 1.3 2.14 2.9 4.2 4.49 6.77 6.8 10
            Statistical Weight (*** - deep tunneling regime):
             T, K        Quantum      Classical  Semiclassical  ***
              100        1.08147        1.71172         2.0693  ***
              200         1.3263        1.53971        1.34173  ***
              300        1.58084        1.70373        1.58318
              400        1.82954        1.91339        1.82963
              500        2.07124        2.13316        2.07089
              600        2.30601        2.35369        2.30549
              700        2.53348        2.57141        2.53308
              800        2.75402        2.78472        2.75361
              900        2.96751         2.9929        2.96721
             1000        3.17442        3.19563        3.17413
         Model::HinderedRotor::HinderedRotor:  done, cpu time[sec] = 0.06, elapsed time[sec] = 0
      Model::RRHO::RRHO:  done, cpu time[sec] = 0.06, elapsed time[sec] = 0
      Model::RRHO::RRHO:  starts
         Model::RigidRotor::RigidRotor:  starts
            molecular geometry will be used to estimate rotational constants
            rotational configuration: nonlinear
            rotational constants[1/cm]:         3.47442       0.764503        0.70828
         Model::RigidRotor::RigidRotor:  done, cpu time[sec] = 0, elapsed time[sec] = 0
         1-th ROTOR:
         Model::HinderedRotor::HinderedRotor:  starts
            Model::HinderedRotor::_read:  starts
               Fourier Expansion Coefficients(kcal/mol):
                 0         0.0275
                 1         -0.005
                 2          -0.03
                 3   -6.12323e-19
                 4         0.0025
            Model::HinderedRotor::_read:  done, cpu time[sec] = 0, elapsed time[sec] = 0
            effective rotational constant[1/cm]  = 15.1392
            analytic  frequency at minimum[1/cm] = 90.4308
            numerical frequency at minimum[1/cm] = 90.4309
            minimum energy[kcal/mol]             = -0.000611106
            maximum energy[kcal/mol]             = 0.0603116
            maximum frequency[1/cm]              = 97.3347
            maximum imaginary frequency[1/cm]    = 123.765
            ground energy [kcal/mol]             = 0.0272031
            highest energy level [kcal/mol]      = 3590.22
            number of levels                     = 97
            10 lowest excited states [kcal/mol] relative to the ground: 1.56 1.56 6.23 6.23 14 14 24.9 24.9 39
            Statistical Weight (*** - deep tunneling regime):
             T, K        Quantum      Classical  Semiclassical  ***
              100        1.00078       0.635726        0.63324
              200        1.03961       0.895789       0.895131
              300        1.14641        1.09649        1.09623
              400        1.28226        1.26592        1.26578
              500        1.42041        1.41526        1.41518
              600        1.55186         1.5503        1.55025
              700        1.67488         1.6745        1.67447
              800        1.79024        1.79012        1.79009
              900        1.89873        1.89871        1.89869
             1000        2.00141        2.00142         2.0014
         Model::HinderedRotor::HinderedRotor:  done, cpu time[sec] = 0.05, elapsed time[sec] = 0
      Model::RRHO::RRHO:  done, cpu time[sec] = 0.05, elapsed time[sec] = 0
   Model::Bimolecular::Bimolecular:  done, cpu time[sec] = 0.11, elapsed time[sec] = 0
   BARRIER: TS
   Model::RRHO::RRHO:  starts
      Model::RigidRotor::RigidRotor:  starts
         molecular geometry will be used to estimate rotational constants
         rotational configuration: nonlinear
         rotational constants[1/cm]:        0.592594      0.0726697      0.0677823
      Model::RigidRotor::RigidRotor:  done, cpu time[sec] = 0, elapsed time[sec] = 0
      interpolating states number/density starts
         core state contribution ... done, cpu time[sec] = 0.03, elapsed time[sec] = 0
         vibrational modes contribution ... done, cpu time[sec] = 0.22, elapsed time[sec] = 0
         effective power exponent at 323.039 kcal/mol = 25.7413
      interpolating states number/density done, cpu time[sec] = 0.48, elapsed time[sec] = 0
   Model::RRHO::RRHO:  done, cpu time[sec] = 0.48, elapsed time[sec] = 0
   checking input ... done
   setting connectivity ... done
   checking connectivity ... done
   setting dissociation limit ... done
   setting maximum barrier height ... done
   partition functions (relative to the ground level, units - 1/cm3):
     T\Q        REACS        PROD1        Prod2           TS
     100  3.75703e+30  5.75048e+28  2.79152e+28   3.3416e+31
     200  8.23759e+31  3.05088e+29  3.26956e+29  2.20908e+33
     300  7.83666e+32   1.3029e+30  1.50842e+30   4.4431e+34
     400  5.30711e+33   3.9987e+30  4.98168e+30   5.2834e+35
     500  3.02474e+34  1.02608e+31  1.40228e+31  4.67432e+36
     600  1.54816e+35  2.35154e+31  3.59551e+31  3.39858e+37
     700  7.31022e+35  4.97489e+31  8.64814e+31  2.13483e+38
     800  3.22607e+36  9.90139e+31  1.98095e+32  1.19286e+39
     900  1.34086e+37  1.87652e+32   4.3597e+32  6.04415e+39
    1000  5.27716e+37  3.41507e+32  9.27201e+32   2.8157e+40
    1100  1.97498e+38  6.00482e+32  1.91332e+33  1.21861e+41
    1200  7.05351e+38   1.0249e+33  3.84247e+33  4.93983e+41
    1300  2.41132e+39   1.7042e+33  7.52773e+33   1.8879e+42
    1400  7.91193e+39   2.7688e+33  1.44138e+34  6.83934e+42
    1500  2.49773e+40  4.40577e+33  2.70179e+34  2.35931e+43
    1600  7.60329e+40  6.87971e+33  4.96452e+34  7.77982e+43
    1700   2.2363e+41  1.05598e+34  8.95324e+34   2.4605e+44
    1800  6.36704e+41   1.5955e+34  1.58646e+35  7.48548e+44
    1900  1.75782e+42  2.37587e+34  2.76467e+35  2.19626e+45
    2000  4.71339e+42  3.49058e+34  4.74253e+35  6.22903e+45
   partition functions (relative to 0 kcal/mol, units - 1/cm3):
     T\Q        REACS           TS
     100  3.75703e+30 2.13959e-137
     200  8.23759e+31  1.76766e-51
     300  7.83666e+32  3.82952e-22
     400  5.30711e+33  4.72615e-07
     500  3.02474e+34      1073.97
     600  1.54816e+35   3.1552e+09
     700  7.31022e+35   2.0031e+14
     800  3.22607e+36   1.1282e+18
     900  1.34086e+37  1.23924e+21
    1000  5.27716e+37  4.26799e+23
    1100  1.97498e+38  6.24503e+25
    1200  7.05351e+38  4.75967e+27
    1300  2.41132e+39  2.17775e+29
    1400  7.91193e+39  6.62497e+30
    1500  2.49773e+40  1.44503e+32
    1600  7.60329e+40  2.39259e+33
    1700   2.2363e+41  3.14254e+34
    1800  6.36704e+41  3.38945e+35
    1900  1.75782e+42  3.08594e+36
    2000  4.71339e+42  2.42515e+37
   tunneling partition function correction factors & high pressure effective energy shifts (D), kcal/mol:
     T\B           TS            D
     100            1           -0
     200            1           -0
     300            1           -0
     400            1           -0
     500            1           -0
     600            1           -0
     700            1           -0
     800            1           -0
     900            1           -0
    1000            1           -0
    1100            1           -0
    1200            1           -0
    1300            1           -0
    1400            1           -0
    1500            1           -0
    1600            1           -0
    1700            1           -0
    1800            1           -0
    1900            1           -0
    2000            1           -0
Model::init:  done, cpu time[sec] = 5.26, elapsed time[sec] = 0
rate calculation starts
   MasterEquation::set:  starts
      Temperature      = 300 K
      Collision rate   = 2.09009e-10cm^3/sec
      Energy reference = 33173 1/cm
      Energy step      = 42 1/cm
      setting wells, barriers, and bimolecular starts
         REACS Well: density of states done, elapsed time[sec] = 0
         REACS Well: collisional energy transfer kernel done, elapsed time[sec] = 0.04
         REACS Well: relaxation modes basis done, elapsed time[sec] = 0.04
         REACS Well: kernel in relaxation modes basis done, elapsed time[sec] = 0.23
         REACS Well: relaxation eigenvalues done, elapsed time[sec] = 0.06
         REACS Well: minimal relaxation eigenvalue = 0.124556
         REACS Well: maximal relaxation eigenvalue = 0.986622
         REACS Well:       grid size = 249
         REACS Well:      real depth = 0 1/cm
         REACS Well: effective depth = 22715 1/cm
         TS Barrier:        grid size = 149
         TS Barrier:      real height = 26917 1/cm
         TS Barrier: effective height = 26915 1/cm
      setting wells, barriers, and bimolecular done, cpu time[sec] = 0.39, elapsed time[sec] = 0
      Bound Species (D1/D2 - density of states at dissociation energy (DE)/reference energy):
       Name  Depth     DE      *D1      *D2
              1/cm   1/cm       cm       cm
      REACS  22715  26916 7.79e+18  3.5e+20
      Well-to-Bimolecular Barriers (N - number of states at the reference energy):
       Name Height       *N
              1/cm         
         TS  26916 4.24e+15
      Effective equilibrium constants(bimolecular units - cm^3):
        Q/Q     REACS     PRODS
      REACS         1  1.03e+04
      PRODS  9.74e-05         1
      Real equilibrium constants(bimolecular units - cm^3):
        Q/Q     REACS     PRODS
      REACS         1  7.23e+33
      PRODS  1.38e-34         1
   MasterEquation::set:  done, cpu time[sec] = 0.39, elapsed time[sec] = 0
   MasterEquation::direct_diagonalization_method:  starts
      Pressure = 0.1 atm	 Temperature = 300 K
      collision frequency = 5.11254e+08 1/sec
      global relaxation matrix dimension = 249
      setting global matrices ... done, cpu time[sec] = 0.04, elapsed time[sec] = 0
      diagonalizing global relaxation matrix ... done, cpu time[sec] = 0.42, elapsed time[sec] = 0
      minimal relaxation eigenvalue / collision frequency = 0.124562
      maximal relaxation eigenvalue / collision frequency = 0.986823
      microscopic rate coefficients (at reference energy) over collision frequency:
       REACS->PRODS
          0.0007092
      some eigenvalues are too small: using low eigenvalue method
      low eigenvalue method starts
         MasterEquation::low_eigenvalue_matrix:  starts
            setting up kinetic matrices ... done, cpu time[sec] = 6.04, elapsed time[sec] = 1
            inverting kinetic matrices ... done, cpu time[sec] = 0.13, elapsed time[sec] = 0
         MasterEquation::low_eigenvalue_matrix:  done, cpu time[sec] = 6.18, elapsed time[sec] = 1
         direct-diagonalization(DD)-versus-low-eigenvalue(LE) eigenvalues
             L      DD eval      LE eval     LE proj
             0 -7.83098e-15  1.76308e-16  8.56694e-22
      low eigenvalue method done, cpu time[sec] = 6.19, elapsed time[sec] = 1
      eigenvector populations normalized:
          L        *R        *P     REACS
          0  1.76e-16 -4.44e-16         1
         *R - eigenvalue over the relaxation limit
         *P - eigenvector projection squared on the relaxation subspace
      eigenvector projections:
          L        *Q        *P     REACS
          0   2.2e-17 -4.44e-16         1
         *Z       ---       ---  5.51e+22
         *Q - eigenvalue over the collision frequency
         *P - eigenvector projection squared on the relaxation subspace
         *Z - well partition function square root
      isomers-to-bimolecular equilibrium coefficients (kappa matrix):
        W\P    PRODS
      REACS        0
      projection error = -4.4e-16
      Wa->Wb/Wb->Wa rate constants ratios:
      Wb\Wa     REACS
      REACS         1
      W->P/P->W rate constants ratios:
        P\W     REACS
      PRODS         1
   MasterEquation::direct_diagonalization_method:  done, cpu time[sec] = 6.67, elapsed time[sec] = 1
   MasterEquation::direct_diagonalization_method:  starts
      Pressure = 1 atm	 Temperature = 300 K
      collision frequency = 5.11254e+09 1/sec
      global relaxation matrix dimension = 249
      setting global matrices ... done, cpu time[sec] = 0.05, elapsed time[sec] = 0
      diagonalizing global relaxation matrix ... done, cpu time[sec] = 0.32, elapsed time[sec] = 0
      minimal relaxation eigenvalue / collision frequency = 0.124556
      maximal relaxation eigenvalue / collision frequency = 0.986622
      microscopic rate coefficients (at reference energy) over collision frequency:
       REACS->PRODS
          7.092e-05
      some eigenvalues are too small: using low eigenvalue method
      low eigenvalue method starts
         MasterEquation::low_eigenvalue_matrix:  starts
            setting up kinetic matrices ... done, cpu time[sec] = 5.52, elapsed time[sec] = 0
            inverting kinetic matrices ... done, cpu time[sec] = 0.08, elapsed time[sec] = 0
         MasterEquation::low_eigenvalue_matrix:  done, cpu time[sec] = 5.6, elapsed time[sec] = 0
         direct-diagonalization(DD)-versus-low-eigenvalue(LE) eigenvalues
             L      DD eval      LE eval     LE proj
             0 -2.62624e-15  1.76317e-17  8.57162e-24
      low eigenvalue method done, cpu time[sec] = 5.61, elapsed time[sec] = 0
      eigenvector populations normalized:
          L        *R        *P     REACS
          0  1.76e-17 -4.44e-16         1
         *R - eigenvalue over the relaxation limit
         *P - eigenvector projection squared on the relaxation subspace
      eigenvector projections:
          L        *Q        *P     REACS
          0   2.2e-18 -4.44e-16         1
         *Z       ---       ---  5.51e+22
         *Q - eigenvalue over the collision frequency
         *P - eigenvector projection squared on the relaxation subspace
         *Z - well partition function square root
      isomers-to-bimolecular equilibrium coefficients (kappa matrix):
        W\P    PRODS
      REACS        0
      projection error = -4.4e-16
      Wa->Wb/Wb->Wa rate constants ratios:
      Wb\Wa     REACS
      REACS         1
      W->P/P->W rate constants ratios:
        P\W     REACS
      PRODS         1
   MasterEquation::direct_diagonalization_method:  done, cpu time[sec] = 6.01, elapsed time[sec] = 0
   MasterEquation::direct_diagonalization_method:  starts
      Pressure = 10 atm	 Temperature = 300 K
      collision frequency = 5.11254e+10 1/sec
      global relaxation matrix dimension = 249
      setting global matrices ... done, cpu time[sec] = 0.05, elapsed time[sec] = 0
      diagonalizing global relaxation matrix ... done, cpu time[sec] = 0.23, elapsed time[sec] = 0
      minimal relaxation eigenvalue / collision frequency = 0.124556
      maximal relaxation eigenvalue / collision frequency = 0.986622
      microscopic rate coefficients (at reference energy) over collision frequency:
       REACS->PRODS
          7.092e-06
      some eigenvalues are too small: using low eigenvalue method
      low eigenvalue method starts
         MasterEquation::low_eigenvalue_matrix:  starts
            setting up kinetic matrices ... done, cpu time[sec] = 4.11, elapsed time[sec] = 0
            inverting kinetic matrices ... done, cpu time[sec] = 0.13, elapsed time[sec] = 0
         MasterEquation::low_eigenvalue_matrix:  done, cpu time[sec] = 4.24, elapsed time[sec] = 0
         direct-diagonalization(DD)-versus-low-eigenvalue(LE) eigenvalues
             L      DD eval      LE eval     LE proj
             0 -1.14138e-15  1.76318e-18  8.57208e-26
      low eigenvalue method done, cpu time[sec] = 4.24, elapsed time[sec] = 0
      eigenvector populations normalized:
          L        *R        *P     REACS
          0  1.76e-18 -8.88e-16         1
         *R - eigenvalue over the relaxation limit
         *P - eigenvector projection squared on the relaxation subspace
      eigenvector projections:
          L        *Q        *P     REACS
          0   2.2e-19 -8.88e-16         1
         *Z       ---       ---  5.51e+22
         *Q - eigenvalue over the collision frequency
         *P - eigenvector projection squared on the relaxation subspace
         *Z - well partition function square root
      isomers-to-bimolecular equilibrium coefficients (kappa matrix):
        W\P    PRODS
      REACS        0
      projection error = -8.9e-16
      Wa->Wb/Wb->Wa rate constants ratios:
      Wb\Wa     REACS
      REACS         1
      W->P/P->W rate constants ratios:
        P\W     REACS
      PRODS         1
   MasterEquation::direct_diagonalization_method:  done, cpu time[sec] = 4.54, elapsed time[sec] = 0
   MasterEquation::direct_diagonalization_method:  starts
      Pressure = 1000 atm	 Temperature = 300 K
      collision frequency = 5.11254e+12 1/sec
      global relaxation matrix dimension = 249
      setting global matrices ... done, cpu time[sec] = 0.05, elapsed time[sec] = 0
      diagonalizing global relaxation matrix ... done, cpu time[sec] = 0.41, elapsed time[sec] = 0
      minimal relaxation eigenvalue / collision frequency = 0.124556
      maximal relaxation eigenvalue / collision frequency = 0.986622
      microscopic rate coefficients (at reference energy) over collision frequency:
       REACS->PRODS
          7.092e-08
      some eigenvalues are too small: using low eigenvalue method
      low eigenvalue method starts
         MasterEquation::low_eigenvalue_matrix:  starts
            setting up kinetic matrices ... done, cpu time[sec] = 5.17, elapsed time[sec] = 1
            inverting kinetic matrices ... done, cpu time[sec] = 0.01, elapsed time[sec] = 0
         MasterEquation::low_eigenvalue_matrix:  done, cpu time[sec] = 5.18, elapsed time[sec] = 1
         direct-diagonalization(DD)-versus-low-eigenvalue(LE) eigenvalues
             L      DD eval      LE eval     LE proj
             0 -1.42847e-15  1.76318e-20  8.57214e-30
      low eigenvalue method done, cpu time[sec] = 5.18, elapsed time[sec] = 1
      eigenvector populations normalized:
          L        *R        *P     REACS
          0  1.76e-20 -8.88e-16         1
         *R - eigenvalue over the relaxation limit
         *P - eigenvector projection squared on the relaxation subspace
      eigenvector projections:
          L        *Q        *P     REACS
          0   2.2e-21 -8.88e-16         1
         *Z       ---       ---  5.51e+22
         *Q - eigenvalue over the collision frequency
         *P - eigenvector projection squared on the relaxation subspace
         *Z - well partition function square root
      isomers-to-bimolecular equilibrium coefficients (kappa matrix):
        W\P    PRODS
      REACS        0
      projection error = -8.9e-16
      Wa->Wb/Wb->Wa rate constants ratios:
      Wb\Wa     REACS
      REACS         1
      W->P/P->W rate constants ratios:
        P\W     REACS
      PRODS         1
   MasterEquation::direct_diagonalization_method:  done, cpu time[sec] = 5.66, elapsed time[sec] = 1
   MasterEquation::set:  starts
      Temperature      = 400 K
      Collision rate   = 2.22286e-10cm^3/sec
      Energy reference = 35258 1/cm
      Energy step      = 56 1/cm
      setting wells, barriers, and bimolecular starts
         REACS Well: density of states done, elapsed time[sec] = 0
         REACS Well: collisional energy transfer kernel done, elapsed time[sec] = 0.04
         REACS Well: relaxation modes basis done, elapsed time[sec] = 0.05
         REACS Well: kernel in relaxation modes basis done, elapsed time[sec] = 0.23
         REACS Well: relaxation eigenvalues done, elapsed time[sec] = 0.06
         REACS Well: minimal relaxation eigenvalue = 0.110012
         REACS Well: maximal relaxation eigenvalue = 0.986178
         REACS Well:       grid size = 249
         REACS Well:      real depth = 0 1/cm
         REACS Well: effective depth = 21313 1/cm
         TS Barrier:        grid size = 149
         TS Barrier:      real height = 26917 1/cm
         TS Barrier: effective height = 26914 1/cm
      setting wells, barriers, and bimolecular done, cpu time[sec] = 0.39, elapsed time[sec] = 0
      Bound Species (D1/D2 - density of states at dissociation energy (DE)/reference energy):
       Name  Depth     DE      *D1      *D2
              1/cm   1/cm       cm       cm
      REACS  21314  26914 7.79e+18 1.11e+21
      Well-to-Bimolecular Barriers (N - number of states at the reference energy):
       Name Height       *N
              1/cm         
         TS  26914 1.38e+17
      Effective equilibrium constants(bimolecular units - cm^3):
        Q/Q     REACS     PRODS
      REACS         1      29.7
      PRODS    0.0337         1
      Real equilibrium constants(bimolecular units - cm^3):
        Q/Q     REACS     PRODS
      REACS         1  2.34e+18
      PRODS  4.27e-19         1
   MasterEquation::set:  done, cpu time[sec] = 0.39, elapsed time[sec] = 0
   MasterEquation::direct_diagonalization_method:  starts
      Pressure = 0.1 atm	 Temperature = 400 K
      collision frequency = 4.07797e+08 1/sec
      global relaxation matrix dimension = 249
      setting global matrices ... done, cpu time[sec] = 0.04, elapsed time[sec] = 0
      diagonalizing global relaxation matrix ... done, cpu time[sec] = 0.32, elapsed time[sec] = 0
      minimal relaxation eigenvalue / collision frequency = 0.110055
      maximal relaxation eigenvalue / collision frequency = 0.993017
      microscopic rate coefficients (at reference energy) over collision frequency:
       REACS->PRODS
         0.00911981
      some eigenvalues are too small: using low eigenvalue method
      low eigenvalue method starts
         MasterEquation::low_eigenvalue_matrix:  starts
            setting up kinetic matrices ... done, cpu time[sec] = 3.12, elapsed time[sec] = 0
            inverting kinetic matrices ... done, cpu time[sec] = 0.01, elapsed time[sec] = 0
         MasterEquation::low_eigenvalue_matrix:  done, cpu time[sec] = 3.13, elapsed time[sec] = 0
         direct-diagonalization(DD)-versus-low-eigenvalue(LE) eigenvalues
             L      DD eval      LE eval     LE proj
             0  4.05218e-15  5.10179e-15  5.86217e-19
      low eigenvalue method done, cpu time[sec] = 3.14, elapsed time[sec] = 0
      eigenvector populations normalized:
          L        *R        *P     REACS
          0   5.1e-15         0         1
         *R - eigenvalue over the relaxation limit
         *P - eigenvector projection squared on the relaxation subspace
      eigenvector projections:
          L        *Q        *P     REACS
          0  5.61e-16         0         1
         *Z       ---       ---  3.39e+22
         *Q - eigenvalue over the collision frequency
         *P - eigenvector projection squared on the relaxation subspace
         *Z - well partition function square root
      isomers-to-bimolecular equilibrium coefficients (kappa matrix):
        W\P    PRODS
      REACS        0
      projection error = 0
      Wa->Wb/Wb->Wa rate constants ratios:
      Wb\Wa     REACS
      REACS         1
      W->P/P->W rate constants ratios:
        P\W     REACS
      PRODS         1
   MasterEquation::direct_diagonalization_method:  done, cpu time[sec] = 3.52, elapsed time[sec] = 0
   MasterEquation::direct_diagonalization_method:  starts
      Pressure = 1 atm	 Temperature = 400 K
      collision frequency = 4.07797e+09 1/sec
      global relaxation matrix dimension = 249
      setting global matrices ... done, cpu time[sec] = 0.04, elapsed time[sec] = 0
      diagonalizing global relaxation matrix ... done, cpu time[sec] = 0.18, elapsed time[sec] = 0
      minimal relaxation eigenvalue / collision frequency = 0.110016
      maximal relaxation eigenvalue / collision frequency = 0.986336
      microscopic rate coefficients (at reference energy) over collision frequency:
       REACS->PRODS
        0.000911981
      some eigenvalues are too small: using low eigenvalue method
      low eigenvalue method starts
         MasterEquation::low_eigenvalue_matrix:  starts
            setting up kinetic matrices ... done, cpu time[sec] = 2.59, elapsed time[sec] = 0
            inverting kinetic matrices ... done, cpu time[sec] = 0.01, elapsed time[sec] = 0
         MasterEquation::low_eigenvalue_matrix:  done, cpu time[sec] = 2.6, elapsed time[sec] = 0
         direct-diagonalization(DD)-versus-low-eigenvalue(LE) eigenvalues
             L      DD eval      LE eval     LE proj
             0  4.53231e-17  5.10414e-16  5.92781e-21
      low eigenvalue method done, cpu time[sec] = 2.6, elapsed time[sec] = 0
      eigenvector populations normalized:
          L        *R        *P     REACS
          0   5.1e-16         0         1
         *R - eigenvalue over the relaxation limit
         *P - eigenvector projection squared on the relaxation subspace
      eigenvector projections:
          L        *Q        *P     REACS
          0  5.62e-17         0         1
         *Z       ---       ---  3.39e+22
         *Q - eigenvalue over the collision frequency
         *P - eigenvector projection squared on the relaxation subspace
         *Z - well partition function square root
      isomers-to-bimolecular equilibrium coefficients (kappa matrix):
        W\P    PRODS
      REACS        0
      projection error = 0
      Wa->Wb/Wb->Wa rate constants ratios:
      Wb\Wa     REACS
      REACS         1
      W->P/P->W rate constants ratios:
        P\W     REACS
      PRODS         1
   MasterEquation::direct_diagonalization_method:  done, cpu time[sec] = 2.84, elapsed time[sec] = 0
   MasterEquation::direct_diagonalization_method:  starts
      Pressure = 10 atm	 Temperature = 400 K
      collision frequency = 4.07797e+10 1/sec
      global relaxation matrix dimension = 249
      setting global matrices ... done, cpu time[sec] = 0.05, elapsed time[sec] = 0
      diagonalizing global relaxation matrix ... done, cpu time[sec] = 0.17, elapsed time[sec] = 0
      minimal relaxation eigenvalue / collision frequency = 0.110012
      maximal relaxation eigenvalue / collision frequency = 0.986178
      microscopic rate coefficients (at reference energy) over collision frequency:
       REACS->PRODS
        9.11981e-05
      some eigenvalues are too small: using low eigenvalue method
      low eigenvalue method starts
         MasterEquation::low_eigenvalue_matrix:  starts
            setting up kinetic matrices ... done, cpu time[sec] = 2.58, elapsed time[sec] = 0
            inverting kinetic matrices ... done, cpu time[sec] = 0.01, elapsed time[sec] = 0
         MasterEquation::low_eigenvalue_matrix:  done, cpu time[sec] = 2.59, elapsed time[sec] = 0
         direct-diagonalization(DD)-versus-low-eigenvalue(LE) eigenvalues
             L      DD eval      LE eval     LE proj
             0 -6.83074e-16   5.1044e-17  5.93457e-23
      low eigenvalue method done, cpu time[sec] = 2.59, elapsed time[sec] = 0
      eigenvector populations normalized:
          L        *R        *P     REACS
          0   5.1e-17  2.22e-16         1
         *R - eigenvalue over the relaxation limit
         *P - eigenvector projection squared on the relaxation subspace
      eigenvector projections:
          L        *Q        *P     REACS
          0  5.62e-18  2.22e-16         1
         *Z       ---       ---  3.39e+22
         *Q - eigenvalue over the collision frequency
         *P - eigenvector projection squared on the relaxation subspace
         *Z - well partition function square root
      isomers-to-bimolecular equilibrium coefficients (kappa matrix):
        W\P    PRODS
      REACS        0
      projection error = 2.2e-16
      Wa->Wb/Wb->Wa rate constants ratios:
      Wb\Wa     REACS
      REACS         1
      W->P/P->W rate constants ratios:
        P\W     REACS
      PRODS         1
   MasterEquation::direct_diagonalization_method:  done, cpu time[sec] = 2.83, elapsed time[sec] = 0
   MasterEquation::direct_diagonalization_method:  starts
      Pressure = 1000 atm	 Temperature = 400 K
      collision frequency = 4.07797e+12 1/sec
      global relaxation matrix dimension = 249
      setting global matrices ... done, cpu time[sec] = 0.04, elapsed time[sec] = 0
      diagonalizing global relaxation matrix ... done, cpu time[sec] = 0.18, elapsed time[sec] = 0
      minimal relaxation eigenvalue / collision frequency = 0.110012
      maximal relaxation eigenvalue / collision frequency = 0.986178
      microscopic rate coefficients (at reference energy) over collision frequency:
       REACS->PRODS
        9.11981e-07
      some eigenvalues are too small: using low eigenvalue method
      low eigenvalue method starts
         MasterEquation::low_eigenvalue_matrix:  starts
            setting up kinetic matrices ... done, cpu time[sec] = 2.56, elapsed time[sec] = 1
            inverting kinetic matrices ... done, cpu time[sec] = 0.01, elapsed time[sec] = 0
         MasterEquation::low_eigenvalue_matrix:  done, cpu time[sec] = 2.57, elapsed time[sec] = 1
         direct-diagonalization(DD)-versus-low-eigenvalue(LE) eigenvalues
             L      DD eval      LE eval     LE proj
             0  1.19411e-15  5.10442e-19  5.93531e-27
      low eigenvalue method done, cpu time[sec] = 2.57, elapsed time[sec] = 1
      eigenvector populations normalized:
          L        *R        *P     REACS
          0   5.1e-19         0         1
         *R - eigenvalue over the relaxation limit
         *P - eigenvector projection squared on the relaxation subspace
      eigenvector projections:
          L        *Q        *P     REACS
          0  5.62e-20         0         1
         *Z       ---       ---  3.39e+22
         *Q - eigenvalue over the collision frequency
         *P - eigenvector projection squared on the relaxation subspace
         *Z - well partition function square root
      isomers-to-bimolecular equilibrium coefficients (kappa matrix):
        W\P    PRODS
      REACS        0
      projection error = 0
      Wa->Wb/Wb->Wa rate constants ratios:
      Wb\Wa     REACS
      REACS         1
      W->P/P->W rate constants ratios:
        P\W     REACS
      PRODS         1
   MasterEquation::direct_diagonalization_method:  done, cpu time[sec] = 2.81, elapsed time[sec] = 1
   MasterEquation::set:  starts
      Temperature      = 500 K
      Collision rate   = 2.35386e-10cm^3/sec
      Energy reference = 37343 1/cm
      Energy step      = 70 1/cm
      setting wells, barriers, and bimolecular starts
         REACS Well: density of states done, elapsed time[sec] = 0
         REACS Well: collisional energy transfer kernel done, elapsed time[sec] = 0.03
         REACS Well: relaxation modes basis done, elapsed time[sec] = 0.04
         REACS Well: kernel in relaxation modes basis done, elapsed time[sec] = 0.22
         REACS Well: relaxation eigenvalues done, elapsed time[sec] = 0.07
         REACS Well: minimal relaxation eigenvalue = 0.0975878
         REACS Well: maximal relaxation eigenvalue = 0.985945
         REACS Well:       grid size = 249
         REACS Well:      real depth = 0 1/cm
         REACS Well: effective depth = 19913 1/cm
         TS Barrier:        grid size = 149
         TS Barrier:      real height = 26917 1/cm
         TS Barrier: effective height = 26913 1/cm
      setting wells, barriers, and bimolecular done, cpu time[sec] = 0.37, elapsed time[sec] = 0
      Bound Species (D1/D2 - density of states at dissociation energy (DE)/reference energy):
       Name  Depth     DE      *D1      *D2
              1/cm   1/cm       cm       cm
      REACS  19914  26914 7.78e+18 3.37e+21
      Well-to-Bimolecular Barriers (N - number of states at the reference energy):
       Name Height       *N
              1/cm         
         TS  26914  2.7e+18
      Effective equilibrium constants(bimolecular units - cm^3):
        Q/Q     REACS     PRODS
      REACS         1      0.35
      PRODS      2.86         1
      Real equilibrium constants(bimolecular units - cm^3):
        Q/Q     REACS     PRODS
      REACS         1   1.2e+09
      PRODS  8.36e-10         1
   MasterEquation::set:  done, cpu time[sec] = 0.37, elapsed time[sec] = 0
   MasterEquation::direct_diagonalization_method:  starts
      Pressure = 0.1 atm	 Temperature = 500 K
      collision frequency = 3.45464e+08 1/sec
      global relaxation matrix dimension = 249
      setting global matrices ... done, cpu time[sec] = 0.05, elapsed time[sec] = 0
      diagonalizing global relaxation matrix ... done, cpu time[sec] = 0.18, elapsed time[sec] = 0
      minimal relaxation eigenvalue / collision frequency = 0.0977068
      maximal relaxation eigenvalue / collision frequency = 1.04756
      microscopic rate coefficients (at reference energy) over collision frequency:
       REACS->PRODS
          0.0695426
      some eigenvalues are too small: using low eigenvalue method
      low eigenvalue method starts
         MasterEquation::low_eigenvalue_matrix:  starts
            setting up kinetic matrices ... done, cpu time[sec] = 2.61, elapsed time[sec] = 0
            inverting kinetic matrices ... done, cpu time[sec] = 0.01, elapsed time[sec] = 0
         MasterEquation::low_eigenvalue_matrix:  done, cpu time[sec] = 2.62, elapsed time[sec] = 0
         direct-diagonalization(DD)-versus-low-eigenvalue(LE) eigenvalues
             L      DD eval      LE eval     LE proj
             0  1.02906e-13  1.17099e-13  1.68698e-16
      low eigenvalue method done, cpu time[sec] = 2.63, elapsed time[sec] = 0
      eigenvector populations normalized:
          L        *R        *P     REACS
          0  1.17e-13         0         1
         *R - eigenvalue over the relaxation limit
         *P - eigenvector projection squared on the relaxation subspace
      eigenvector projections:
          L        *Q        *P     REACS
          0  1.14e-14         0         1
         *Z       ---       ---  2.05e+22
         *Q - eigenvalue over the collision frequency
         *P - eigenvector projection squared on the relaxation subspace
         *Z - well partition function square root
      isomers-to-bimolecular equilibrium coefficients (kappa matrix):
        W\P    PRODS
      REACS        0
      projection error = 0
      Wa->Wb/Wb->Wa rate constants ratios:
      Wb\Wa     REACS
      REACS         1
      W->P/P->W rate constants ratios:
        P\W     REACS
      PRODS         1
   MasterEquation::direct_diagonalization_method:  done, cpu time[sec] = 2.88, elapsed time[sec] = 0
   MasterEquation::direct_diagonalization_method:  starts
      Pressure = 1 atm	 Temperature = 500 K
      collision frequency = 3.45464e+09 1/sec
      global relaxation matrix dimension = 249
      setting global matrices ... done, cpu time[sec] = 0.04, elapsed time[sec] = 0
      diagonalizing global relaxation matrix ... done, cpu time[sec] = 0.18, elapsed time[sec] = 0
      minimal relaxation eigenvalue / collision frequency = 0.0976062
      maximal relaxation eigenvalue / collision frequency = 0.990663
      microscopic rate coefficients (at reference energy) over collision frequency:
       REACS->PRODS
         0.00695426
      some eigenvalues are too small: using low eigenvalue method
      low eigenvalue method starts
         MasterEquation::low_eigenvalue_matrix:  starts
            setting up kinetic matrices ... done, cpu time[sec] = 2.57, elapsed time[sec] = 0
            inverting kinetic matrices ... done, cpu time[sec] = 0.02, elapsed time[sec] = 0
         MasterEquation::low_eigenvalue_matrix:  done, cpu time[sec] = 2.59, elapsed time[sec] = 0
         direct-diagonalization(DD)-versus-low-eigenvalue(LE) eigenvalues
             L      DD eval      LE eval     LE proj
             0 -2.43811e-15  1.17395e-14  1.86794e-18
      low eigenvalue method done, cpu time[sec] = 2.59, elapsed time[sec] = 0
      eigenvector populations normalized:
          L        *R        *P     REACS
          0  1.17e-14         0         1
         *R - eigenvalue over the relaxation limit
         *P - eigenvector projection squared on the relaxation subspace
      eigenvector projections:
          L        *Q        *P     REACS
          0  1.15e-15         0         1
         *Z       ---       ---  2.05e+22
         *Q - eigenvalue over the collision frequency
         *P - eigenvector projection squared on the relaxation subspace
         *Z - well partition function square root
      isomers-to-bimolecular equilibrium coefficients (kappa matrix):
        W\P    PRODS
      REACS        0
      projection error = 0
      Wa->Wb/Wb->Wa rate constants ratios:
      Wb\Wa     REACS
      REACS         1
      W->P/P->W rate constants ratios:
        P\W     REACS
      PRODS         1
   MasterEquation::direct_diagonalization_method:  done, cpu time[sec] = 2.84, elapsed time[sec] = 0
   MasterEquation::direct_diagonalization_method:  starts
      Pressure = 10 atm	 Temperature = 500 K
      collision frequency = 3.45464e+10 1/sec
      global relaxation matrix dimension = 249
      setting global matrices ... done, cpu time[sec] = 0.05, elapsed time[sec] = 0
      diagonalizing global relaxation matrix ... done, cpu time[sec] = 0.17, elapsed time[sec] = 0
      minimal relaxation eigenvalue / collision frequency = 0.0975897
      maximal relaxation eigenvalue / collision frequency = 0.985945
      microscopic rate coefficients (at reference energy) over collision frequency:
       REACS->PRODS
        0.000695426
      some eigenvalues are too small: using low eigenvalue method
      low eigenvalue method starts
         MasterEquation::low_eigenvalue_matrix:  starts
            setting up kinetic matrices ... done, cpu time[sec] = 2.66, elapsed time[sec] = 0
            inverting kinetic matrices ... done, cpu time[sec] = 0.01, elapsed time[sec] = 0
         MasterEquation::low_eigenvalue_matrix:  done, cpu time[sec] = 2.69, elapsed time[sec] = 0
         direct-diagonalization(DD)-versus-low-eigenvalue(LE) eigenvalues
             L      DD eval      LE eval     LE proj
             0   8.7282e-15  1.17433e-15  1.89046e-20
      low eigenvalue method done, cpu time[sec] = 2.69, elapsed time[sec] = 0
      eigenvector populations normalized:
          L        *R        *P     REACS
          0  1.17e-15         0         1
         *R - eigenvalue over the relaxation limit
         *P - eigenvector projection squared on the relaxation subspace
      eigenvector projections:
          L        *Q        *P     REACS
          0  1.15e-16         0         1
         *Z       ---       ---  2.05e+22
         *Q - eigenvalue over the collision frequency
         *P - eigenvector projection squared on the relaxation subspace
         *Z - well partition function square root
      isomers-to-bimolecular equilibrium coefficients (kappa matrix):
        W\P    PRODS
      REACS        0
      projection error = 0
      Wa->Wb/Wb->Wa rate constants ratios:
      Wb\Wa     REACS
      REACS         1
      W->P/P->W rate constants ratios:
        P\W     REACS
      PRODS         1
   MasterEquation::direct_diagonalization_method:  done, cpu time[sec] = 2.93, elapsed time[sec] = 0
   MasterEquation::direct_diagonalization_method:  starts
      Pressure = 1000 atm	 Temperature = 500 K
      collision frequency = 3.45464e+12 1/sec
      global relaxation matrix dimension = 249
      setting global matrices ... done, cpu time[sec] = 0.04, elapsed time[sec] = 0
      diagonalizing global relaxation matrix ... done, cpu time[sec] = 0.18, elapsed time[sec] = 0
      minimal relaxation eigenvalue / collision frequency = 0.0975878
      maximal relaxation eigenvalue / collision frequency = 0.985945
      microscopic rate coefficients (at reference energy) over collision frequency:
       REACS->PRODS
        6.95426e-06
      some eigenvalues are too small: using low eigenvalue method
      low eigenvalue method starts
         MasterEquation::low_eigenvalue_matrix:  starts
            setting up kinetic matrices ... done, cpu time[sec] = 2.63, elapsed time[sec] = 0
            inverting kinetic matrices ... done, cpu time[sec] = 0.01, elapsed time[sec] = 0
         MasterEquation::low_eigenvalue_matrix:  done, cpu time[sec] = 2.64, elapsed time[sec] = 0
         direct-diagonalization(DD)-versus-low-eigenvalue(LE) eigenvalues
             L      DD eval      LE eval     LE proj
             0  3.75223e-15  1.17438e-17    1.893e-24
      low eigenvalue method done, cpu time[sec] = 2.64, elapsed time[sec] = 0
      eigenvector populations normalized:
          L        *R        *P     REACS
          0  1.17e-17 -4.44e-16         1
         *R - eigenvalue over the relaxation limit
         *P - eigenvector projection squared on the relaxation subspace
      eigenvector projections:
          L        *Q        *P     REACS
          0  1.15e-18 -4.44e-16         1
         *Z       ---       ---  2.05e+22
         *Q - eigenvalue over the collision frequency
         *P - eigenvector projection squared on the relaxation subspace
         *Z - well partition function square root
      isomers-to-bimolecular equilibrium coefficients (kappa matrix):
        W\P    PRODS
      REACS        0
      projection error = -4.4e-16
      Wa->Wb/Wb->Wa rate constants ratios:
      Wb\Wa     REACS
      REACS         1
      W->P/P->W rate constants ratios:
        P\W     REACS
      PRODS         1
   MasterEquation::direct_diagonalization_method:  done, cpu time[sec] = 2.89, elapsed time[sec] = 0
   MasterEquation::set:  starts
      Temperature      = 600 K
      Collision rate   = 2.47989e-10cm^3/sec
      Energy reference = 39428 1/cm
      Energy step      = 83 1/cm
      setting wells, barriers, and bimolecular starts
         REACS Well: density of states done, elapsed time[sec] = 0
         REACS Well: collisional energy transfer kernel done, elapsed time[sec] = 0.04
         REACS Well: relaxation modes basis done, elapsed time[sec] = 0.04
         REACS Well: kernel in relaxation modes basis done, elapsed time[sec] = 0.24
         REACS Well: relaxation eigenvalues done, elapsed time[sec] = 0.06
         REACS Well: minimal relaxation eigenvalue = 0.0864845
         REACS Well: maximal relaxation eigenvalue = 0.986207
         REACS Well:       grid size = 252
         REACS Well:      real depth = 0 1/cm
         REACS Well: effective depth = 18511 1/cm
         TS Barrier:        grid size = 151
         TS Barrier:      real height = 26917 1/cm
         TS Barrier: effective height = 26895 1/cm
      setting wells, barriers, and bimolecular done, cpu time[sec] = 0.39, elapsed time[sec] = 0
      Bound Species (D1/D2 - density of states at dissociation energy (DE)/reference energy):
       Name  Depth     DE      *D1      *D2
              1/cm   1/cm       cm       cm
      REACS  18512  26895 7.69e+18 9.76e+21
      Well-to-Bimolecular Barriers (N - number of states at the reference energy):
       Name Height       *N
              1/cm         
         TS  26895 3.69e+19
      Effective equilibrium constants(bimolecular units - cm^3):
        Q/Q     REACS     PRODS
      REACS         1   0.00848
      PRODS       118         1
      Real equilibrium constants(bimolecular units - cm^3):
        Q/Q     REACS     PRODS
      REACS         1       780
      PRODS   0.00128         1
   MasterEquation::set:  done, cpu time[sec] = 0.39, elapsed time[sec] = 0
   MasterEquation::direct_diagonalization_method:  starts
      Pressure = 0.1 atm	 Temperature = 600 K
      collision frequency = 3.033e+08 1/sec
      global relaxation matrix dimension = 252
      setting global matrices ... done, cpu time[sec] = 0.04, elapsed time[sec] = 0
      diagonalizing global relaxation matrix ... done, cpu time[sec] = 0.2, elapsed time[sec] = 0
      minimal relaxation eigenvalue / collision frequency = 0.0866561
      maximal relaxation eigenvalue / collision frequency = 1.33799
      microscopic rate coefficients (at reference energy) over collision frequency:
       REACS->PRODS
           0.373889
      some eigenvalues are too small: using low eigenvalue method
      low eigenvalue method starts
         MasterEquation::low_eigenvalue_matrix:  starts
            setting up kinetic matrices ... done, cpu time[sec] = 2.68, elapsed time[sec] = 0
            inverting kinetic matrices ... done, cpu time[sec] = 0.01, elapsed time[sec] = 0
         MasterEquation::low_eigenvalue_matrix:  done, cpu time[sec] = 2.7, elapsed time[sec] = 0
         direct-diagonalization(DD)-versus-low-eigenvalue(LE) eigenvalues
             L      DD eval      LE eval     LE proj
             0  2.32612e-12   2.3245e-12   2.1065e-14
      low eigenvalue method done, cpu time[sec] = 2.71, elapsed time[sec] = 0
      eigenvector populations normalized:
          L        *R        *P     REACS
          0  2.32e-12  2.09e-14         1
         *R - eigenvalue over the relaxation limit
         *P - eigenvector projection squared on the relaxation subspace
      eigenvector projections:
          L        *Q        *P     REACS
          0  2.01e-13  2.09e-14         1
         *Z       ---       ---  1.23e+22
         *Q - eigenvalue over the collision frequency
         *P - eigenvector projection squared on the relaxation subspace
         *Z - well partition function square root
      isomers-to-bimolecular equilibrium coefficients (kappa matrix):
        W\P    PRODS
      REACS        0
      projection error = 2.1e-14
      Wa->Wb/Wb->Wa rate constants ratios:
      Wb\Wa     REACS
      REACS         1
      W->P/P->W rate constants ratios:
        P\W     REACS
      PRODS         1
   MasterEquation::direct_diagonalization_method:  done, cpu time[sec] = 2.97, elapsed time[sec] = 0
   MasterEquation::direct_diagonalization_method:  starts
      Pressure = 1 atm	 Temperature = 600 K
      collision frequency = 3.033e+09 1/sec
      global relaxation matrix dimension = 252
      setting global matrices ... done, cpu time[sec] = 0.05, elapsed time[sec] = 0
      diagonalizing global relaxation matrix ... done, cpu time[sec] = 0.19, elapsed time[sec] = 0
      minimal relaxation eigenvalue / collision frequency = 0.0865259
      maximal relaxation eigenvalue / collision frequency = 1.01778
      microscopic rate coefficients (at reference energy) over collision frequency:
       REACS->PRODS
          0.0373889
      some eigenvalues are too small: using low eigenvalue method
      low eigenvalue method starts
         MasterEquation::low_eigenvalue_matrix:  starts
            setting up kinetic matrices ... done, cpu time[sec] = 2.8, elapsed time[sec] = 1
            inverting kinetic matrices ... done, cpu time[sec] = 0.02, elapsed time[sec] = 0
         MasterEquation::low_eigenvalue_matrix:  done, cpu time[sec] = 2.82, elapsed time[sec] = 1
         direct-diagonalization(DD)-versus-low-eigenvalue(LE) eigenvalues
             L      DD eval      LE eval     LE proj
             0   2.3803e-13  2.35393e-13  3.19199e-16
      low eigenvalue method done, cpu time[sec] = 2.82, elapsed time[sec] = 1
      eigenvector populations normalized:
          L        *R        *P     REACS
          0  2.35e-13  4.44e-16         1
         *R - eigenvalue over the relaxation limit
         *P - eigenvector projection squared on the relaxation subspace
      eigenvector projections:
          L        *Q        *P     REACS
          0  2.04e-14  4.44e-16         1
         *Z       ---       ---  1.23e+22
         *Q - eigenvalue over the collision frequency
         *P - eigenvector projection squared on the relaxation subspace
         *Z - well partition function square root
      isomers-to-bimolecular equilibrium coefficients (kappa matrix):
        W\P    PRODS
      REACS        0
      projection error = 4.4e-16
      Wa->Wb/Wb->Wa rate constants ratios:
      Wb\Wa     REACS
      REACS         1
      W->P/P->W rate constants ratios:
        P\W     REACS
      PRODS         1
   MasterEquation::direct_diagonalization_method:  done, cpu time[sec] = 3.08, elapsed time[sec] = 1
   MasterEquation::direct_diagonalization_method:  starts
      Pressure = 10 atm	 Temperature = 600 K
      collision frequency = 3.033e+10 1/sec
      global relaxation matrix dimension = 252
      setting global matrices ... done, cpu time[sec] = 0.04, elapsed time[sec] = 0
      diagonalizing global relaxation matrix ... done, cpu time[sec] = 0.18, elapsed time[sec] = 0
      minimal relaxation eigenvalue / collision frequency = 0.0864898
      maximal relaxation eigenvalue / collision frequency = 0.987993
      microscopic rate coefficients (at reference energy) over collision frequency:
       REACS->PRODS
         0.00373889
      some eigenvalues are too small: using low eigenvalue method
      low eigenvalue method starts
         MasterEquation::low_eigenvalue_matrix:  starts
            setting up kinetic matrices ... done, cpu time[sec] = 2.69, elapsed time[sec] = 0
            inverting kinetic matrices ... done, cpu time[sec] = 0.01, elapsed time[sec] = 0
         MasterEquation::low_eigenvalue_matrix:  done, cpu time[sec] = 2.7, elapsed time[sec] = 0
         direct-diagonalization(DD)-versus-low-eigenvalue(LE) eigenvalues
             L      DD eval      LE eval     LE proj
             0  2.98322e-14  2.35833e-14  3.44376e-18
      low eigenvalue method done, cpu time[sec] = 2.7, elapsed time[sec] = 0
      eigenvector populations normalized:
          L        *R        *P     REACS
          0  2.36e-14  2.22e-16         1
         *R - eigenvalue over the relaxation limit
         *P - eigenvector projection squared on the relaxation subspace
      eigenvector projections:
          L        *Q        *P     REACS
          0  2.04e-15  2.22e-16         1
         *Z       ---       ---  1.23e+22
         *Q - eigenvalue over the collision frequency
         *P - eigenvector projection squared on the relaxation subspace
         *Z - well partition function square root
      isomers-to-bimolecular equilibrium coefficients (kappa matrix):
        W\P    PRODS
      REACS        0
      projection error = 2.2e-16
      Wa->Wb/Wb->Wa rate constants ratios:
      Wb\Wa     REACS
      REACS         1
      W->P/P->W rate constants ratios:
        P\W     REACS
      PRODS         1
   MasterEquation::direct_diagonalization_method:  done, cpu time[sec] = 2.95, elapsed time[sec] = 0
   MasterEquation::direct_diagonalization_method:  starts
      Pressure = 1000 atm	 Temperature = 600 K
      collision frequency = 3.033e+12 1/sec
      global relaxation matrix dimension = 252
      setting global matrices ... done, cpu time[sec] = 0.05, elapsed time[sec] = 0
      diagonalizing global relaxation matrix ... done, cpu time[sec] = 0.17, elapsed time[sec] = 0
      minimal relaxation eigenvalue / collision frequency = 0.0864845
      maximal relaxation eigenvalue / collision frequency = 0.986207
      microscopic rate coefficients (at reference energy) over collision frequency:
       REACS->PRODS
        3.73889e-05
      some eigenvalues are too small: using low eigenvalue method
      low eigenvalue method starts
         MasterEquation::low_eigenvalue_matrix:  starts
            setting up kinetic matrices ... done, cpu time[sec] = 2.69, elapsed time[sec] = 0
            inverting kinetic matrices ... done, cpu time[sec] = 0.02, elapsed time[sec] = 0
         MasterEquation::low_eigenvalue_matrix:  done, cpu time[sec] = 2.72, elapsed time[sec] = 0
         direct-diagonalization(DD)-versus-low-eigenvalue(LE) eigenvalues
             L      DD eval      LE eval     LE proj
             0  1.14784e-14  2.35886e-16  3.47565e-22
      low eigenvalue method done, cpu time[sec] = 2.72, elapsed time[sec] = 0
      eigenvector populations normalized:
          L        *R        *P     REACS
          0  2.36e-16  4.44e-16         1
         *R - eigenvalue over the relaxation limit
         *P - eigenvector projection squared on the relaxation subspace
      eigenvector projections:
          L        *Q        *P     REACS
          0  2.04e-17  4.44e-16         1
         *Z       ---       ---  1.23e+22
         *Q - eigenvalue over the collision frequency
         *P - eigenvector projection squared on the relaxation subspace
         *Z - well partition function square root
      isomers-to-bimolecular equilibrium coefficients (kappa matrix):
        W\P    PRODS
      REACS        0
      projection error = 4.4e-16
      Wa->Wb/Wb->Wa rate constants ratios:
      Wb\Wa     REACS
      REACS         1
      W->P/P->W rate constants ratios:
        P\W     REACS
      PRODS         1
   MasterEquation::direct_diagonalization_method:  done, cpu time[sec] = 2.96, elapsed time[sec] = 0
   MasterEquation::set:  starts
      Temperature      = 700 K
      Collision rate   = 2.60029e-10cm^3/sec
      Energy reference = 41513 1/cm
      Energy step      = 97 1/cm
      setting wells, barriers, and bimolecular starts
         REACS Well: density of states done, elapsed time[sec] = 0
         REACS Well: collisional energy transfer kernel done, elapsed time[sec] = 0.04
         REACS Well: relaxation modes basis done, elapsed time[sec] = 0.05
         REACS Well: kernel in relaxation modes basis done, elapsed time[sec] = 0.22
         REACS Well: relaxation eigenvalues done, elapsed time[sec] = 0.07
         REACS Well: minimal relaxation eigenvalue = 0.0763661
         REACS Well: maximal relaxation eigenvalue = 0.986221
         REACS Well:       grid size = 251
         REACS Well:      real depth = 0 1/cm
         REACS Well: effective depth = 17166 1/cm
         TS Barrier:        grid size = 151
         TS Barrier:      real height = 26917 1/cm
         TS Barrier: effective height = 26866 1/cm
      setting wells, barriers, and bimolecular done, cpu time[sec] = 0.38, elapsed time[sec] = 0
      Bound Species (D1/D2 - density of states at dissociation energy (DE)/reference energy):
       Name  Depth     DE      *D1      *D2
              1/cm   1/cm       cm       cm
      REACS  17166  26866 7.55e+18 2.72e+22
      Well-to-Bimolecular Barriers (N - number of states at the reference energy):
       Name Height       *N
              1/cm         
         TS  26866 3.86e+20
      Effective equilibrium constants(bimolecular units - cm^3):
        Q/Q     REACS     PRODS
      REACS         1  0.000285
      PRODS  3.51e+03         1
      Real equilibrium constants(bimolecular units - cm^3):
        Q/Q     REACS     PRODS
      REACS         1    0.0305
      PRODS      32.8         1
   MasterEquation::set:  done, cpu time[sec] = 0.38, elapsed time[sec] = 0
   MasterEquation::direct_diagonalization_method:  starts
      Pressure = 0.1 atm	 Temperature = 700 K
      collision frequency = 2.72594e+08 1/sec
      global relaxation matrix dimension = 251
      setting global matrices ... done, cpu time[sec] = 0.04, elapsed time[sec] = 0
      diagonalizing global relaxation matrix ... done, cpu time[sec] = 0.18, elapsed time[sec] = 0
      minimal relaxation eigenvalue / collision frequency = 0.0765738
      maximal relaxation eigenvalue / collision frequency = 2.49716
      microscopic rate coefficients (at reference energy) over collision frequency:
       REACS->PRODS
            1.56357
      some eigenvalues are too small: using low eigenvalue method
      low eigenvalue method starts
         MasterEquation::low_eigenvalue_matrix:  starts
            setting up kinetic matrices ... done, cpu time[sec] = 2.66, elapsed time[sec] = 0
            inverting kinetic matrices ... done, cpu time[sec] = 0.02, elapsed time[sec] = 0
         MasterEquation::low_eigenvalue_matrix:  done, cpu time[sec] = 2.68, elapsed time[sec] = 0
         direct-diagonalization(DD)-versus-low-eigenvalue(LE) eigenvalues
             L      DD eval      LE eval     LE proj
             0  4.37472e-11  4.37412e-11  1.34136e-12
      low eigenvalue method done, cpu time[sec] = 2.68, elapsed time[sec] = 0
      eigenvector populations normalized:
          L        *R        *P     REACS
          0  4.37e-11  1.34e-12         1
         *R - eigenvalue over the relaxation limit
         *P - eigenvector projection squared on the relaxation subspace
      eigenvector projections:
          L        *Q        *P     REACS
          0  3.35e-12  1.34e-12         1
         *Z       ---       ---  6.93e+21
         *Q - eigenvalue over the collision frequency
         *P - eigenvector projection squared on the relaxation subspace
         *Z - well partition function square root
      isomers-to-bimolecular equilibrium coefficients (kappa matrix):
        W\P    PRODS
      REACS        0
      projection error = 1.3e-12
      Wa->Wb/Wb->Wa rate constants ratios:
      Wb\Wa     REACS
      REACS         1
      W->P/P->W rate constants ratios:
        P\W     REACS
      PRODS         1
   MasterEquation::direct_diagonalization_method:  done, cpu time[sec] = 2.93, elapsed time[sec] = 0
   MasterEquation::direct_diagonalization_method:  starts
      Pressure = 1 atm	 Temperature = 700 K
      collision frequency = 2.72594e+09 1/sec
      global relaxation matrix dimension = 251
      setting global matrices ... done, cpu time[sec] = 0.05, elapsed time[sec] = 0
      diagonalizing global relaxation matrix ... done, cpu time[sec] = 0.18, elapsed time[sec] = 0
      minimal relaxation eigenvalue / collision frequency = 0.076429
      maximal relaxation eigenvalue / collision frequency = 1.1289
      microscopic rate coefficients (at reference energy) over collision frequency:
       REACS->PRODS
           0.156357
      some eigenvalues are too small: using low eigenvalue method
      low eigenvalue method starts
         MasterEquation::low_eigenvalue_matrix:  starts
            setting up kinetic matrices ... done, cpu time[sec] = 2.69, elapsed time[sec] = 0
            inverting kinetic matrices ... done, cpu time[sec] = 0.01, elapsed time[sec] = 0
         MasterEquation::low_eigenvalue_matrix:  done, cpu time[sec] = 2.7, elapsed time[sec] = 0
         direct-diagonalization(DD)-versus-low-eigenvalue(LE) eigenvalues
             L      DD eval      LE eval     LE proj
             0  4.59488e-12  4.58933e-12   3.2255e-14
      low eigenvalue method done, cpu time[sec] = 2.7, elapsed time[sec] = 0
      eigenvector populations normalized:
          L        *R        *P     REACS
          0  4.59e-12   3.2e-14         1
         *R - eigenvalue over the relaxation limit
         *P - eigenvector projection squared on the relaxation subspace
      eigenvector projections:
          L        *Q        *P     REACS
          0  3.51e-13   3.2e-14         1
         *Z       ---       ---  6.93e+21
         *Q - eigenvalue over the collision frequency
         *P - eigenvector projection squared on the relaxation subspace
         *Z - well partition function square root
      isomers-to-bimolecular equilibrium coefficients (kappa matrix):
        W\P    PRODS
      REACS        0
      projection error = 3.2e-14
      Wa->Wb/Wb->Wa rate constants ratios:
      Wb\Wa     REACS
      REACS         1
      W->P/P->W rate constants ratios:
        P\W     REACS
      PRODS         1
   MasterEquation::direct_diagonalization_method:  done, cpu time[sec] = 2.95, elapsed time[sec] = 0
   MasterEquation::direct_diagonalization_method:  starts
      Pressure = 10 atm	 Temperature = 700 K
      collision frequency = 2.72594e+10 1/sec
      global relaxation matrix dimension = 251
      setting global matrices ... done, cpu time[sec] = 0.05, elapsed time[sec] = 0
      diagonalizing global relaxation matrix ... done, cpu time[sec] = 0.18, elapsed time[sec] = 0
      minimal relaxation eigenvalue / collision frequency = 0.0763769
      maximal relaxation eigenvalue / collision frequency = 0.997781
      microscopic rate coefficients (at reference energy) over collision frequency:
       REACS->PRODS
          0.0156357
      some eigenvalues are too small: using low eigenvalue method
      low eigenvalue method starts
         MasterEquation::low_eigenvalue_matrix:  starts
            setting up kinetic matrices ... done, cpu time[sec] = 2.64, elapsed time[sec] = 1
            inverting kinetic matrices ... done, cpu time[sec] = 0.01, elapsed time[sec] = 0
         MasterEquation::low_eigenvalue_matrix:  done, cpu time[sec] = 2.65, elapsed time[sec] = 1
         direct-diagonalization(DD)-versus-low-eigenvalue(LE) eigenvalues
             L      DD eval      LE eval     LE proj
             0  4.77946e-13  4.63229e-13  4.31504e-16
      low eigenvalue method done, cpu time[sec] = 2.66, elapsed time[sec] = 1
      eigenvector populations normalized:
          L        *R        *P     REACS
          0  4.63e-13  4.44e-16         1
         *R - eigenvalue over the relaxation limit
         *P - eigenvector projection squared on the relaxation subspace
      eigenvector projections:
          L        *Q        *P     REACS
          0  3.54e-14  4.44e-16         1
         *Z       ---       ---  6.93e+21
         *Q - eigenvalue over the collision frequency
         *P - eigenvector projection squared on the relaxation subspace
         *Z - well partition function square root
      isomers-to-bimolecular equilibrium coefficients (kappa matrix):
        W\P    PRODS
      REACS        0
      projection error = 4.4e-16
      Wa->Wb/Wb->Wa rate constants ratios:
      Wb\Wa     REACS
      REACS         1
      W->P/P->W rate constants ratios:
        P\W     REACS
      PRODS         1
   MasterEquation::direct_diagonalization_method:  done, cpu time[sec] = 2.91, elapsed time[sec] = 1
   MasterEquation::direct_diagonalization_method:  starts
      Pressure = 1000 atm	 Temperature = 700 K
      collision frequency = 2.72594e+12 1/sec
      global relaxation matrix dimension = 251
      setting global matrices ... done, cpu time[sec] = 0.05, elapsed time[sec] = 0
      diagonalizing global relaxation matrix ... done, cpu time[sec] = 0.17, elapsed time[sec] = 0
      minimal relaxation eigenvalue / collision frequency = 0.0763662
      maximal relaxation eigenvalue / collision frequency = 0.986221
      microscopic rate coefficients (at reference energy) over collision frequency:
       REACS->PRODS
        0.000156357
      some eigenvalues are too small: using low eigenvalue method
      low eigenvalue method starts
         MasterEquation::low_eigenvalue_matrix:  starts
            setting up kinetic matrices ... done, cpu time[sec] = 2.65, elapsed time[sec] = 0
            inverting kinetic matrices ... done, cpu time[sec] = 0.02, elapsed time[sec] = 0
         MasterEquation::low_eigenvalue_matrix:  done, cpu time[sec] = 2.67, elapsed time[sec] = 0
         direct-diagonalization(DD)-versus-low-eigenvalue(LE) eigenvalues
             L      DD eval      LE eval     LE proj
             0  5.54013e-15  4.63823e-15   4.5156e-20
      low eigenvalue method done, cpu time[sec] = 2.67, elapsed time[sec] = 0
      eigenvector populations normalized:
          L        *R        *P     REACS
          0  4.64e-15         0         1
         *R - eigenvalue over the relaxation limit
         *P - eigenvector projection squared on the relaxation subspace
      eigenvector projections:
          L        *Q        *P     REACS
          0  3.54e-16         0         1
         *Z       ---       ---  6.93e+21
         *Q - eigenvalue over the collision frequency
         *P - eigenvector projection squared on the relaxation subspace
         *Z - well partition function square root
      isomers-to-bimolecular equilibrium coefficients (kappa matrix):
        W\P    PRODS
      REACS        0
      projection error = 0
      Wa->Wb/Wb->Wa rate constants ratios:
      Wb\Wa     REACS
      REACS         1
      W->P/P->W rate constants ratios:
        P\W     REACS
      PRODS         1
   MasterEquation::direct_diagonalization_method:  done, cpu time[sec] = 2.91, elapsed time[sec] = 0
   MasterEquation::set:  starts
      Temperature      = 800 K
      Collision rate   = 2.7148e-10cm^3/sec
      Energy reference = 43598 1/cm
      Energy step      = 111 1/cm
      setting wells, barriers, and bimolecular starts
         REACS Well: density of states done, elapsed time[sec] = 0
         REACS Well: collisional energy transfer kernel done, elapsed time[sec] = 0.04
         REACS Well: relaxation modes basis done, elapsed time[sec] = 0.04
         REACS Well: kernel in relaxation modes basis done, elapsed time[sec] = 0.22
         REACS Well: relaxation eigenvalues done, elapsed time[sec] = 0.06
         REACS Well: minimal relaxation eigenvalue = 0.0668882
         REACS Well: maximal relaxation eigenvalue = 0.986381
         REACS Well:       grid size = 251
         REACS Well:      real depth = 0 1/cm
         REACS Well: effective depth = 15736 1/cm
         TS Barrier:        grid size = 151
         TS Barrier:      real height = 26917 1/cm
         TS Barrier: effective height = 26836 1/cm
      setting wells, barriers, and bimolecular done, cpu time[sec] = 0.36, elapsed time[sec] = 0
      Bound Species (D1/D2 - density of states at dissociation energy (DE)/reference energy):
       Name  Depth     DE      *D1      *D2
              1/cm   1/cm       cm       cm
      REACS  15737  26837  7.4e+18 7.28e+22
      Well-to-Bimolecular Barriers (N - number of states at the reference energy):
       Name Height       *N
              1/cm         
         TS  26837 3.27e+21
      Effective equilibrium constants(bimolecular units - cm^3):
        Q/Q     REACS     PRODS
      REACS         1  1.38e-05
      PRODS  7.25e+04         1
      Real equilibrium constants(bimolecular units - cm^3):
        Q/Q     REACS     PRODS
      REACS         1  1.54e-05
      PRODS  6.48e+04         1
   MasterEquation::set:  done, cpu time[sec] = 0.36, elapsed time[sec] = 0
   MasterEquation::direct_diagonalization_method:  starts
      Pressure = 0.1 atm	 Temperature = 800 K
      collision frequency = 2.49023e+08 1/sec
      global relaxation matrix dimension = 251
      setting global matrices ... done, cpu time[sec] = 0.05, elapsed time[sec] = 0
      diagonalizing global relaxation matrix ... done, cpu time[sec] = 0.18, elapsed time[sec] = 0
      minimal relaxation eigenvalue / collision frequency = 0.0671197
      maximal relaxation eigenvalue / collision frequency = 6.29835
      microscopic rate coefficients (at reference energy) over collision frequency:
       REACS->PRODS
            5.40941
      some eigenvalues are too small: using low eigenvalue method
      low eigenvalue method starts
         MasterEquation::low_eigenvalue_matrix:  starts
            setting up kinetic matrices ... done, cpu time[sec] = 2.66, elapsed time[sec] = 0
            inverting kinetic matrices ... done, cpu time[sec] = 0.01, elapsed time[sec] = 0
         MasterEquation::low_eigenvalue_matrix:  done, cpu time[sec] = 2.67, elapsed time[sec] = 0
         direct-diagonalization(DD)-versus-low-eigenvalue(LE) eigenvalues
             L      DD eval      LE eval     LE proj
             0  6.53302e-10    6.533e-10  4.38823e-11
      low eigenvalue method done, cpu time[sec] = 2.68, elapsed time[sec] = 0
      eigenvector populations normalized:
          L        *R        *P     REACS
          0  6.53e-10  4.39e-11         1
         *R - eigenvalue over the relaxation limit
         *P - eigenvector projection squared on the relaxation subspace
      eigenvector projections:
          L        *Q        *P     REACS
          0  4.38e-11  4.39e-11         1
         *Z       ---       ---  4.06e+21
         *Q - eigenvalue over the collision frequency
         *P - eigenvector projection squared on the relaxation subspace
         *Z - well partition function square root
      isomers-to-bimolecular equilibrium coefficients (kappa matrix):
        W\P    PRODS
      REACS        0
      projection error = 4.4e-11
      Wa->Wb/Wb->Wa rate constants ratios:
      Wb\Wa     REACS
      REACS         1
      W->P/P->W rate constants ratios:
        P\W     REACS
      PRODS         1
   MasterEquation::direct_diagonalization_method:  done, cpu time[sec] = 2.94, elapsed time[sec] = 0
   MasterEquation::direct_diagonalization_method:  starts
      Pressure = 1 atm	 Temperature = 800 K
      collision frequency = 2.49023e+09 1/sec
      global relaxation matrix dimension = 251
      setting global matrices ... done, cpu time[sec] = 0.04, elapsed time[sec] = 0
      diagonalizing global relaxation matrix ... done, cpu time[sec] = 0.19, elapsed time[sec] = 0
      minimal relaxation eigenvalue / collision frequency = 0.0669645
      maximal relaxation eigenvalue / collision frequency = 1.49828
      microscopic rate coefficients (at reference energy) over collision frequency:
       REACS->PRODS
           0.540941
      some eigenvalues are too small: using low eigenvalue method
      low eigenvalue method starts
         MasterEquation::low_eigenvalue_matrix:  starts
            setting up kinetic matrices ... done, cpu time[sec] = 2.78, elapsed time[sec] = 0
            inverting kinetic matrices ... done, cpu time[sec] = 0.01, elapsed time[sec] = 0
         MasterEquation::low_eigenvalue_matrix:  done, cpu time[sec] = 2.79, elapsed time[sec] = 0
         direct-diagonalization(DD)-versus-low-eigenvalue(LE) eigenvalues
             L      DD eval      LE eval     LE proj
             0  7.40927e-11  7.40968e-11  1.64548e-12
      low eigenvalue method done, cpu time[sec] = 2.79, elapsed time[sec] = 0
      eigenvector populations normalized:
          L        *R        *P     REACS
          0  7.41e-11  1.65e-12         1
         *R - eigenvalue over the relaxation limit
         *P - eigenvector projection squared on the relaxation subspace
      eigenvector projections:
          L        *Q        *P     REACS
          0  4.96e-12  1.65e-12         1
         *Z       ---       ---  4.06e+21
         *Q - eigenvalue over the collision frequency
         *P - eigenvector projection squared on the relaxation subspace
         *Z - well partition function square root
      isomers-to-bimolecular equilibrium coefficients (kappa matrix):
        W\P    PRODS
      REACS        0
      projection error = 1.6e-12
      Wa->Wb/Wb->Wa rate constants ratios:
      Wb\Wa     REACS
      REACS         1
      W->P/P->W rate constants ratios:
        P\W     REACS
      PRODS         1
   MasterEquation::direct_diagonalization_method:  done, cpu time[sec] = 3.05, elapsed time[sec] = 0
   MasterEquation::direct_diagonalization_method:  starts
      Pressure = 10 atm	 Temperature = 800 K
      collision frequency = 2.49023e+10 1/sec
      global relaxation matrix dimension = 251
      setting global matrices ... done, cpu time[sec] = 0.04, elapsed time[sec] = 0
      diagonalizing global relaxation matrix ... done, cpu time[sec] = 0.19, elapsed time[sec] = 0
      minimal relaxation eigenvalue / collision frequency = 0.0669048
      maximal relaxation eigenvalue / collision frequency = 1.0324
      microscopic rate coefficients (at reference energy) over collision frequency:
       REACS->PRODS
          0.0540941
      some eigenvalues are too small: using low eigenvalue method
      low eigenvalue method starts
         MasterEquation::low_eigenvalue_matrix:  starts
            setting up kinetic matrices ... done, cpu time[sec] = 2.66, elapsed time[sec] = 0
            inverting kinetic matrices ... done, cpu time[sec] = 0.01, elapsed time[sec] = 0
         MasterEquation::low_eigenvalue_matrix:  done, cpu time[sec] = 2.67, elapsed time[sec] = 0
         direct-diagonalization(DD)-versus-low-eigenvalue(LE) eigenvalues
             L      DD eval      LE eval     LE proj
             0  7.71533e-12  7.66687e-12  3.23333e-14
      low eigenvalue method done, cpu time[sec] = 2.68, elapsed time[sec] = 0
      eigenvector populations normalized:
          L        *R        *P     REACS
          0  7.67e-12  3.24e-14         1
         *R - eigenvalue over the relaxation limit
         *P - eigenvector projection squared on the relaxation subspace
      eigenvector projections:
          L        *Q        *P     REACS
          0  5.13e-13  3.24e-14         1
         *Z       ---       ---  4.06e+21
         *Q - eigenvalue over the collision frequency
         *P - eigenvector projection squared on the relaxation subspace
         *Z - well partition function square root
      isomers-to-bimolecular equilibrium coefficients (kappa matrix):
        W\P    PRODS
      REACS        0
      projection error = 3.2e-14
      Wa->Wb/Wb->Wa rate constants ratios:
      Wb\Wa     REACS
      REACS         1
      W->P/P->W rate constants ratios:
        P\W     REACS
      PRODS         1
   MasterEquation::direct_diagonalization_method:  done, cpu time[sec] = 2.93, elapsed time[sec] = 0
   MasterEquation::direct_diagonalization_method:  starts
      Pressure = 1000 atm	 Temperature = 800 K
      collision frequency = 2.49023e+12 1/sec
      global relaxation matrix dimension = 251
      setting global matrices ... done, cpu time[sec] = 0.05, elapsed time[sec] = 0
      diagonalizing global relaxation matrix ... done, cpu time[sec] = 0.18, elapsed time[sec] = 0
      minimal relaxation eigenvalue / collision frequency = 0.0668884
      maximal relaxation eigenvalue / collision frequency = 0.986381
      microscopic rate coefficients (at reference energy) over collision frequency:
       REACS->PRODS
        0.000540941
      some eigenvalues are too small: using low eigenvalue method
      low eigenvalue method starts
         MasterEquation::low_eigenvalue_matrix:  starts
            setting up kinetic matrices ... done, cpu time[sec] = 2.75, elapsed time[sec] = 1
            inverting kinetic matrices ... done, cpu time[sec] = 0.01, elapsed time[sec] = 0
         MasterEquation::low_eigenvalue_matrix:  done, cpu time[sec] = 2.77, elapsed time[sec] = 1
         direct-diagonalization(DD)-versus-low-eigenvalue(LE) eigenvalues
             L      DD eval      LE eval     LE proj
             0  9.59946e-14  7.71333e-14  3.81878e-18
      low eigenvalue method done, cpu time[sec] = 2.77, elapsed time[sec] = 1
      eigenvector populations normalized:
          L        *R        *P     REACS
          0  7.71e-14         0         1
         *R - eigenvalue over the relaxation limit
         *P - eigenvector projection squared on the relaxation subspace
      eigenvector projections:
          L        *Q        *P     REACS
          0  5.16e-15         0         1
         *Z       ---       ---  4.06e+21
         *Q - eigenvalue over the collision frequency
         *P - eigenvector projection squared on the relaxation subspace
         *Z - well partition function square root
      isomers-to-bimolecular equilibrium coefficients (kappa matrix):
        W\P    PRODS
      REACS        0
      projection error = 0
      Wa->Wb/Wb->Wa rate constants ratios:
      Wb\Wa     REACS
      REACS         1
      W->P/P->W rate constants ratios:
        P\W     REACS
      PRODS         1
   MasterEquation::direct_diagonalization_method:  done, cpu time[sec] = 3.02, elapsed time[sec] = 1
   MasterEquation::set:  starts
      Temperature      = 900 K
      Collision rate   = 2.82342e-10cm^3/sec
      Energy reference = 45684 1/cm
      Energy step      = 125 1/cm
      setting wells, barriers, and bimolecular starts
         REACS Well: density of states done, elapsed time[sec] = 0
         REACS Well: collisional energy transfer kernel done, elapsed time[sec] = 0.04
         REACS Well: relaxation modes basis done, elapsed time[sec] = 0.04
         REACS Well: kernel in relaxation modes basis done, elapsed time[sec] = 0.21
         REACS Well: relaxation eigenvalues done, elapsed time[sec] = 0.07
         REACS Well: minimal relaxation eigenvalue = 0.0581279
         REACS Well: maximal relaxation eigenvalue = 0.986679
         REACS Well:       grid size = 251
         REACS Well:      real depth = 0 1/cm
         REACS Well: effective depth = 14309 1/cm
         TS Barrier:        grid size = 151
         TS Barrier:      real height = 26917 1/cm
         TS Barrier: effective height = 26808 1/cm
      setting wells, barriers, and bimolecular done, cpu time[sec] = 0.36, elapsed time[sec] = 0
      Bound Species (D1/D2 - density of states at dissociation energy (DE)/reference energy):
       Name  Depth     DE      *D1      *D2
              1/cm   1/cm       cm       cm
      REACS  14309  26809 7.27e+18 1.89e+23
      Well-to-Bimolecular Barriers (N - number of states at the reference energy):
       Name Height       *N
              1/cm         
         TS  26809 2.34e+22
      Effective equilibrium constants(bimolecular units - cm^3):
        Q/Q     REACS     PRODS
      REACS         1  7.84e-07
      PRODS  1.28e+06         1
      Real equilibrium constants(bimolecular units - cm^3):
        Q/Q     REACS     PRODS
      REACS         1  4.31e-08
      PRODS  2.32e+07         1
   MasterEquation::set:  done, cpu time[sec] = 0.36, elapsed time[sec] = 0
   MasterEquation::direct_diagonalization_method:  starts
      Pressure = 0.1 atm	 Temperature = 900 K
      collision frequency = 2.3021e+08 1/sec
      global relaxation matrix dimension = 251
      setting global matrices ... done, cpu time[sec] = 0.06, elapsed time[sec] = 0
      diagonalizing global relaxation matrix ... done, cpu time[sec] = 0.19, elapsed time[sec] = 0
      minimal relaxation eigenvalue / collision frequency = 0.0583924
      maximal relaxation eigenvalue / collision frequency = 16.9976
      microscopic rate coefficients (at reference energy) over collision frequency:
       REACS->PRODS
            16.1436
      some eigenvalues are too small: using low eigenvalue method
      low eigenvalue method starts
         MasterEquation::low_eigenvalue_matrix:  starts
            setting up kinetic matrices ... done, cpu time[sec] = 2.8, elapsed time[sec] = 0
            inverting kinetic matrices ... done, cpu time[sec] = 0.01, elapsed time[sec] = 0
         MasterEquation::low_eigenvalue_matrix:  done, cpu time[sec] = 2.81, elapsed time[sec] = 0
         direct-diagonalization(DD)-versus-low-eigenvalue(LE) eigenvalues
             L      DD eval      LE eval     LE proj
             0  8.69054e-09  8.69052e-09  9.66229e-10
      low eigenvalue method done, cpu time[sec] = 2.81, elapsed time[sec] = 0
      eigenvector populations normalized:
          L        *R        *P     REACS
          0  8.69e-09  9.66e-10         1
         *R - eigenvalue over the relaxation limit
         *P - eigenvector projection squared on the relaxation subspace
      eigenvector projections:
          L        *Q        *P     REACS
          0  5.07e-10  9.66e-10         1
         *Z       ---       ---  2.32e+21
         *Q - eigenvalue over the collision frequency
         *P - eigenvector projection squared on the relaxation subspace
         *Z - well partition function square root
      isomers-to-bimolecular equilibrium coefficients (kappa matrix):
        W\P    PRODS
      REACS        0
      projection error = 9.7e-10
      Wa->Wb/Wb->Wa rate constants ratios:
      Wb\Wa     REACS
      REACS         1
      W->P/P->W rate constants ratios:
        P\W     REACS
      PRODS         1
   MasterEquation::direct_diagonalization_method:  done, cpu time[sec] = 3.08, elapsed time[sec] = 0
   MasterEquation::direct_diagonalization_method:  starts
      Pressure = 1 atm	 Temperature = 900 K
      collision frequency = 2.3021e+09 1/sec
      global relaxation matrix dimension = 251
      setting global matrices ... done, cpu time[sec] = 0.05, elapsed time[sec] = 0
      diagonalizing global relaxation matrix ... done, cpu time[sec] = 0.19, elapsed time[sec] = 0
      minimal relaxation eigenvalue / collision frequency = 0.0582197
      maximal relaxation eigenvalue / collision frequency = 2.5455
      microscopic rate coefficients (at reference energy) over collision frequency:
       REACS->PRODS
            1.61436
      some eigenvalues are too small: using low eigenvalue method
      low eigenvalue method starts
         MasterEquation::low_eigenvalue_matrix:  starts
            setting up kinetic matrices ... done, cpu time[sec] = 2.79, elapsed time[sec] = 0
            inverting kinetic matrices ... done, cpu time[sec] = 0.02, elapsed time[sec] = 0
         MasterEquation::low_eigenvalue_matrix:  done, cpu time[sec] = 2.81, elapsed time[sec] = 0
         direct-diagonalization(DD)-versus-low-eigenvalue(LE) eigenvalues
             L      DD eval      LE eval     LE proj
             0  1.11322e-09  1.11324e-09  5.38182e-11
      low eigenvalue method done, cpu time[sec] = 2.81, elapsed time[sec] = 0
      eigenvector populations normalized:
          L        *R        *P     REACS
          0  1.11e-09  5.38e-11         1
         *R - eigenvalue over the relaxation limit
         *P - eigenvector projection squared on the relaxation subspace
      eigenvector projections:
          L        *Q        *P     REACS
          0  6.48e-11  5.38e-11         1
         *Z       ---       ---  2.32e+21
         *Q - eigenvalue over the collision frequency
         *P - eigenvector projection squared on the relaxation subspace
         *Z - well partition function square root
      isomers-to-bimolecular equilibrium coefficients (kappa matrix):
        W\P    PRODS
      REACS        0
      projection error = 5.4e-11
      Wa->Wb/Wb->Wa rate constants ratios:
      Wb\Wa     REACS
      REACS         1
      W->P/P->W rate constants ratios:
        P\W     REACS
      PRODS         1
   MasterEquation::direct_diagonalization_method:  done, cpu time[sec] = 3.09, elapsed time[sec] = 0
   MasterEquation::direct_diagonalization_method:  starts
      Pressure = 10 atm	 Temperature = 900 K
      collision frequency = 2.3021e+10 1/sec
      global relaxation matrix dimension = 251
      setting global matrices ... done, cpu time[sec] = 0.05, elapsed time[sec] = 0
      diagonalizing global relaxation matrix ... done, cpu time[sec] = 0.18, elapsed time[sec] = 0
      minimal relaxation eigenvalue / collision frequency = 0.0581507
      maximal relaxation eigenvalue / collision frequency = 1.13301
      microscopic rate coefficients (at reference energy) over collision frequency:
       REACS->PRODS
           0.161436
      some eigenvalues are too small: using low eigenvalue method
      low eigenvalue method starts
         MasterEquation::low_eigenvalue_matrix:  starts
            setting up kinetic matrices ... done, cpu time[sec] = 2.81, elapsed time[sec] = 0
            inverting kinetic matrices ... done, cpu time[sec] = 0.02, elapsed time[sec] = 0
         MasterEquation::low_eigenvalue_matrix:  done, cpu time[sec] = 2.83, elapsed time[sec] = 0
         direct-diagonalization(DD)-versus-low-eigenvalue(LE) eigenvalues
             L      DD eval      LE eval     LE proj
             0  1.21767e-10  1.21762e-10  1.61615e-12
      low eigenvalue method done, cpu time[sec] = 2.83, elapsed time[sec] = 0
      eigenvector populations normalized:
          L        *R        *P     REACS
          0  1.22e-10  1.62e-12         1
         *R - eigenvalue over the relaxation limit
         *P - eigenvector projection squared on the relaxation subspace
      eigenvector projections:
          L        *Q        *P     REACS
          0  7.08e-12  1.62e-12         1
         *Z       ---       ---  2.32e+21
         *Q - eigenvalue over the collision frequency
         *P - eigenvector projection squared on the relaxation subspace
         *Z - well partition function square root
      isomers-to-bimolecular equilibrium coefficients (kappa matrix):
        W\P    PRODS
      REACS        0
      projection error = 1.6e-12
      Wa->Wb/Wb->Wa rate constants ratios:
      Wb\Wa     REACS
      REACS         1
      W->P/P->W rate constants ratios:
        P\W     REACS
      PRODS         1
   MasterEquation::direct_diagonalization_method:  done, cpu time[sec] = 3.08, elapsed time[sec] = 0
   MasterEquation::direct_diagonalization_method:  starts
      Pressure = 1000 atm	 Temperature = 900 K
      collision frequency = 2.3021e+12 1/sec
      global relaxation matrix dimension = 251
      setting global matrices ... done, cpu time[sec] = 0.05, elapsed time[sec] = 0
      diagonalizing global relaxation matrix ... done, cpu time[sec] = 0.18, elapsed time[sec] = 0
      minimal relaxation eigenvalue / collision frequency = 0.0581283
      maximal relaxation eigenvalue / collision frequency = 0.986679
      microscopic rate coefficients (at reference energy) over collision frequency:
       REACS->PRODS
         0.00161436
      some eigenvalues are too small: using low eigenvalue method
      low eigenvalue method starts
         MasterEquation::low_eigenvalue_matrix:  starts
            setting up kinetic matrices ... done, cpu time[sec] = 2.63, elapsed time[sec] = 0
            inverting kinetic matrices ... done, cpu time[sec] = 0.01, elapsed time[sec] = 0
         MasterEquation::low_eigenvalue_matrix:  done, cpu time[sec] = 2.64, elapsed time[sec] = 0
         direct-diagonalization(DD)-versus-low-eigenvalue(LE) eigenvalues
             L      DD eval      LE eval     LE proj
             0  1.22189e-12  1.24506e-12   2.5311e-16
      low eigenvalue method done, cpu time[sec] = 2.64, elapsed time[sec] = 0
      eigenvector populations normalized:
          L        *R        *P     REACS
          0  1.25e-12  4.44e-16         1
         *R - eigenvalue over the relaxation limit
         *P - eigenvector projection squared on the relaxation subspace
      eigenvector projections:
          L        *Q        *P     REACS
          0  7.24e-14  4.44e-16         1
         *Z       ---       ---  2.32e+21
         *Q - eigenvalue over the collision frequency
         *P - eigenvector projection squared on the relaxation subspace
         *Z - well partition function square root
      isomers-to-bimolecular equilibrium coefficients (kappa matrix):
        W\P    PRODS
      REACS        0
      projection error = 4.4e-16
      Wa->Wb/Wb->Wa rate constants ratios:
      Wb\Wa     REACS
      REACS         1
      W->P/P->W rate constants ratios:
        P\W     REACS
      PRODS         1
   MasterEquation::direct_diagonalization_method:  done, cpu time[sec] = 2.9, elapsed time[sec] = 0
   MasterEquation::set:  starts
      Temperature      = 1000 K
      Collision rate   = 2.92635e-10cm^3/sec
      Energy reference = 47769 1/cm
      Energy step      = 139 1/cm
      setting wells, barriers, and bimolecular starts
         REACS Well: density of states done, elapsed time[sec] = 0
         REACS Well: collisional energy transfer kernel done, elapsed time[sec] = 0.04
         REACS Well: relaxation modes basis done, elapsed time[sec] = 0.03
         REACS Well: kernel in relaxation modes basis done, elapsed time[sec] = 0.23
         REACS Well: relaxation eigenvalues done, elapsed time[sec] = 0.08
         REACS Well: minimal relaxation eigenvalue = 0.0501694
         REACS Well: maximal relaxation eigenvalue = 0.987119
         REACS Well:       grid size = 251
         REACS Well:      real depth = 0 1/cm
         REACS Well: effective depth = 12879 1/cm
         TS Barrier:        grid size = 151
         TS Barrier:      real height = 26917 1/cm
         TS Barrier: effective height = 26779 1/cm
      setting wells, barriers, and bimolecular done, cpu time[sec] = 0.38, elapsed time[sec] = 0
      Bound Species (D1/D2 - density of states at dissociation energy (DE)/reference energy):
       Name  Depth     DE      *D1      *D2
              1/cm   1/cm       cm       cm
      REACS  12880  26780 7.13e+18 4.74e+23
      Well-to-Bimolecular Barriers (N - number of states at the reference energy):
       Name Height       *N
              1/cm         
         TS  26780 1.45e+23
      Effective equilibrium constants(bimolecular units - cm^3):
        Q/Q     REACS     PRODS
      REACS         1  5.02e-08
      PRODS  1.99e+07         1
      Real equilibrium constants(bimolecular units - cm^3):
        Q/Q     REACS     PRODS
      REACS         1  3.98e-10
      PRODS  2.52e+09         1
   MasterEquation::set:  done, cpu time[sec] = 0.38, elapsed time[sec] = 0
   MasterEquation::direct_diagonalization_method:  starts
      Pressure = 0.1 atm	 Temperature = 1000 K
      collision frequency = 2.14743e+08 1/sec
      global relaxation matrix dimension = 251
      setting global matrices ... done, cpu time[sec] = 0.04, elapsed time[sec] = 0
      diagonalizing global relaxation matrix ... done, cpu time[sec] = 0.18, elapsed time[sec] = 0
      minimal relaxation eigenvalue / collision frequency = 0.0504902
      maximal relaxation eigenvalue / collision frequency = 43.5831
      microscopic rate coefficients (at reference energy) over collision frequency:
       REACS->PRODS
            42.7468
      eigenvector populations normalized:
          L        *R        *P     REACS
          0  1.02e-07  1.58e-08         1
         *R - eigenvalue over the relaxation limit
         *P - eigenvector projection squared on the relaxation subspace
      eigenvector projections:
          L        *Q        *P     REACS
          0  5.15e-09  1.58e-08        -1
         *Z       ---       ---   1.3e+21
         *Q - eigenvalue over the collision frequency
         *P - eigenvector projection squared on the relaxation subspace
         *Z - well partition function square root
      isomers-to-bimolecular equilibrium coefficients (kappa matrix):
        W\P    PRODS
      REACS        0
      projection error = 1.6e-08
      Wa->Wb/Wb->Wa rate constants ratios:
      Wb\Wa     REACS
      REACS         1
      W->P/P->W rate constants ratios:
        P\W     REACS
      PRODS         1
   MasterEquation::direct_diagonalization_method:  done, cpu time[sec] = 0.25, elapsed time[sec] = 0
   MasterEquation::direct_diagonalization_method:  starts
      Pressure = 1 atm	 Temperature = 1000 K
      collision frequency = 2.14743e+09 1/sec
      global relaxation matrix dimension = 251
      setting global matrices ... done, cpu time[sec] = 0.04, elapsed time[sec] = 0
      diagonalizing global relaxation matrix ... done, cpu time[sec] = 0.18, elapsed time[sec] = 0
      minimal relaxation eigenvalue / collision frequency = 0.0502862
      maximal relaxation eigenvalue / collision frequency = 5.17027
      microscopic rate coefficients (at reference energy) over collision frequency:
       REACS->PRODS
            4.27468
      some eigenvalues are too small: using low eigenvalue method
      low eigenvalue method starts
         MasterEquation::low_eigenvalue_matrix:  starts
            setting up kinetic matrices ... done, cpu time[sec] = 2.62, elapsed time[sec] = 1
            inverting kinetic matrices ... done, cpu time[sec] = 0.01, elapsed time[sec] = 0
         MasterEquation::low_eigenvalue_matrix:  done, cpu time[sec] = 2.63, elapsed time[sec] = 1
         direct-diagonalization(DD)-versus-low-eigenvalue(LE) eigenvalues
             L      DD eval      LE eval     LE proj
             0   1.5233e-08   1.5233e-08   1.2447e-09
      low eigenvalue method done, cpu time[sec] = 2.63, elapsed time[sec] = 1
      eigenvector populations normalized:
          L        *R        *P     REACS
          0  1.52e-08  1.24e-09         1
         *R - eigenvalue over the relaxation limit
         *P - eigenvector projection squared on the relaxation subspace
      eigenvector projections:
          L        *Q        *P     REACS
          0  7.66e-10  1.24e-09         1
         *Z       ---       ---   1.3e+21
         *Q - eigenvalue over the collision frequency
         *P - eigenvector projection squared on the relaxation subspace
         *Z - well partition function square root
      isomers-to-bimolecular equilibrium coefficients (kappa matrix):
        W\P    PRODS
      REACS        0
      projection error = 1.2e-09
      Wa->Wb/Wb->Wa rate constants ratios:
      Wb\Wa     REACS
      REACS         1
      W->P/P->W rate constants ratios:
        P\W     REACS
      PRODS         1
   MasterEquation::direct_diagonalization_method:  done, cpu time[sec] = 2.88, elapsed time[sec] = 1
   MasterEquation::direct_diagonalization_method:  starts
      Pressure = 10 atm	 Temperature = 1000 K
      collision frequency = 2.14743e+10 1/sec
      global relaxation matrix dimension = 251
      setting global matrices ... done, cpu time[sec] = 0.04, elapsed time[sec] = 0
      diagonalizing global relaxation matrix ... done, cpu time[sec] = 0.18, elapsed time[sec] = 0
      minimal relaxation eigenvalue / collision frequency = 0.0502007
      maximal relaxation eigenvalue / collision frequency = 1.38785
      microscopic rate coefficients (at reference energy) over collision frequency:
       REACS->PRODS
           0.427468
      some eigenvalues are too small: using low eigenvalue method
      low eigenvalue method starts
         MasterEquation::low_eigenvalue_matrix:  starts
            setting up kinetic matrices ... done, cpu time[sec] = 2.66, elapsed time[sec] = 0
            inverting kinetic matrices ... done, cpu time[sec] = 0.02, elapsed time[sec] = 0
         MasterEquation::low_eigenvalue_matrix:  done, cpu time[sec] = 2.68, elapsed time[sec] = 0
         direct-diagonalization(DD)-versus-low-eigenvalue(LE) eigenvalues
             L      DD eval      LE eval     LE proj
             0  1.82625e-09  1.82627e-09  5.47221e-11
      low eigenvalue method done, cpu time[sec] = 2.68, elapsed time[sec] = 0
      eigenvector populations normalized:
          L        *R        *P     REACS
          0  1.83e-09  5.47e-11         1
         *R - eigenvalue over the relaxation limit
         *P - eigenvector projection squared on the relaxation subspace
      eigenvector projections:
          L        *Q        *P     REACS
          0  9.17e-11  5.47e-11         1
         *Z       ---       ---   1.3e+21
         *Q - eigenvalue over the collision frequency
         *P - eigenvector projection squared on the relaxation subspace
         *Z - well partition function square root
      isomers-to-bimolecular equilibrium coefficients (kappa matrix):
        W\P    PRODS
      REACS        0
      projection error = 5.5e-11
      Wa->Wb/Wb->Wa rate constants ratios:
      Wb\Wa     REACS
      REACS         1
      W->P/P->W rate constants ratios:
        P\W     REACS
      PRODS         1
   MasterEquation::direct_diagonalization_method:  done, cpu time[sec] = 2.93, elapsed time[sec] = 0
   MasterEquation::direct_diagonalization_method:  starts
      Pressure = 1000 atm	 Temperature = 1000 K
      collision frequency = 2.14743e+12 1/sec
      global relaxation matrix dimension = 251
      setting global matrices ... done, cpu time[sec] = 0.04, elapsed time[sec] = 0
      diagonalizing global relaxation matrix ... done, cpu time[sec] = 0.18, elapsed time[sec] = 0
      minimal relaxation eigenvalue / collision frequency = 0.05017
      maximal relaxation eigenvalue / collision frequency = 0.987306
      microscopic rate coefficients (at reference energy) over collision frequency:
       REACS->PRODS
         0.00427468
      some eigenvalues are too small: using low eigenvalue method
      low eigenvalue method starts
         MasterEquation::low_eigenvalue_matrix:  starts
            setting up kinetic matrices ... done, cpu time[sec] = 2.6, elapsed time[sec] = 0
            inverting kinetic matrices ... done, cpu time[sec] = 0.02, elapsed time[sec] = 0
         MasterEquation::low_eigenvalue_matrix:  done, cpu time[sec] = 2.62, elapsed time[sec] = 0
         direct-diagonalization(DD)-versus-low-eigenvalue(LE) eigenvalues
             L      DD eval      LE eval     LE proj
             0    1.945e-11  1.94487e-11   1.3551e-14
      low eigenvalue method done, cpu time[sec] = 2.62, elapsed time[sec] = 0
      eigenvector populations normalized:
          L        *R        *P     REACS
          0  1.94e-11  1.33e-14         1
         *R - eigenvalue over the relaxation limit
         *P - eigenvector projection squared on the relaxation subspace
      eigenvector projections:
          L        *Q        *P     REACS
          0  9.76e-13  1.33e-14         1
         *Z       ---       ---   1.3e+21
         *Q - eigenvalue over the collision frequency
         *P - eigenvector projection squared on the relaxation subspace
         *Z - well partition function square root
      isomers-to-bimolecular equilibrium coefficients (kappa matrix):
        W\P    PRODS
      REACS        0
      projection error = 1.3e-14
      Wa->Wb/Wb->Wa rate constants ratios:
      Wb\Wa     REACS
      REACS         1
      W->P/P->W rate constants ratios:
        P\W     REACS
      PRODS         1
   MasterEquation::direct_diagonalization_method:  done, cpu time[sec] = 2.86, elapsed time[sec] = 0
   MasterEquation::set:  starts
      Temperature      = 1100 K
      Collision rate   = 3.02395e-10cm^3/sec
      Energy reference = 49854 1/cm
      Energy step      = 153 1/cm
      setting wells, barriers, and bimolecular starts
         REACS Well: density of states done, elapsed time[sec] = 0
         REACS Well: collisional energy transfer kernel done, elapsed time[sec] = 0.04
         REACS Well: relaxation modes basis done, elapsed time[sec] = 0.05
         REACS Well: kernel in relaxation modes basis done, elapsed time[sec] = 0.2
         REACS Well: relaxation eigenvalues done, elapsed time[sec] = 0.08
         REACS Well: minimal relaxation eigenvalue = 0.0434287
         REACS Well: maximal relaxation eigenvalue = 0.987677
         REACS Well:       grid size = 250
         REACS Well:      real depth = 0 1/cm
         REACS Well: effective depth = 11604 1/cm
         TS Barrier:        grid size = 150
         TS Barrier:      real height = 26917 1/cm
         TS Barrier: effective height = 26904 1/cm
      setting wells, barriers, and bimolecular done, cpu time[sec] = 0.37, elapsed time[sec] = 0
      Bound Species (D1/D2 - density of states at dissociation energy (DE)/reference energy):
       Name  Depth     DE      *D1      *D2
              1/cm   1/cm       cm       cm
      REACS  11605  26905 7.74e+18 1.15e+24
      Well-to-Bimolecular Barriers (N - number of states at the reference energy):
       Name Height       *N
              1/cm         
         TS  26905 7.97e+23
      Effective equilibrium constants(bimolecular units - cm^3):
        Q/Q     REACS     PRODS
      REACS         1   3.4e-09
      PRODS  2.94e+08         1
      Real equilibrium constants(bimolecular units - cm^3):
        Q/Q     REACS     PRODS
      REACS         1  8.75e-12
      PRODS  1.14e+11         1
   MasterEquation::set:  done, cpu time[sec] = 0.37, elapsed time[sec] = 0
   MasterEquation::direct_diagonalization_method:  starts
      Pressure = 0.1 atm	 Temperature = 1100 K
      collision frequency = 2.01732e+08 1/sec
      global relaxation matrix dimension = 250
      setting global matrices ... done, cpu time[sec] = 0.04, elapsed time[sec] = 0
      diagonalizing global relaxation matrix ... done, cpu time[sec] = 0.17, elapsed time[sec] = 0
      minimal relaxation eigenvalue / collision frequency = 0.0438787
      maximal relaxation eigenvalue / collision frequency = 103.474
      microscopic rate coefficients (at reference energy) over collision frequency:
       REACS->PRODS
            102.646
      eigenvector populations normalized:
          L        *R        *P     REACS
          0   1.1e-06  2.14e-07         1
         *R - eigenvalue over the relaxation limit
         *P - eigenvector projection squared on the relaxation subspace
      eigenvector projections:
          L        *Q        *P     REACS
          0  4.81e-08  2.14e-07        -1
         *Z       ---       ---  7.08e+20
         *Q - eigenvalue over the collision frequency
         *P - eigenvector projection squared on the relaxation subspace
         *Z - well partition function square root
      isomers-to-bimolecular equilibrium coefficients (kappa matrix):
        W\P    PRODS
      REACS        0
      projection error = 2.1e-07
      Wa->Wb/Wb->Wa rate constants ratios:
      Wb\Wa     REACS
      REACS         1
      W->P/P->W rate constants ratios:
        P\W     REACS
      PRODS         1
   MasterEquation::direct_diagonalization_method:  done, cpu time[sec] = 0.23, elapsed time[sec] = 0
   MasterEquation::direct_diagonalization_method:  starts
      Pressure = 1 atm	 Temperature = 1100 K
      collision frequency = 2.01732e+09 1/sec
      global relaxation matrix dimension = 250
      setting global matrices ... done, cpu time[sec] = 0.05, elapsed time[sec] = 0
      diagonalizing global relaxation matrix ... done, cpu time[sec] = 0.17, elapsed time[sec] = 0
      minimal relaxation eigenvalue / collision frequency = 0.0436031
      maximal relaxation eigenvalue / collision frequency = 11.1275
      microscopic rate coefficients (at reference energy) over collision frequency:
       REACS->PRODS
            10.2646
      eigenvector populations normalized:
          L        *R        *P     REACS
          0  1.94e-07  2.28e-08         1
         *R - eigenvalue over the relaxation limit
         *P - eigenvector projection squared on the relaxation subspace
      eigenvector projections:
          L        *Q        *P     REACS
          0  8.44e-09  2.28e-08         1
         *Z       ---       ---  7.08e+20
         *Q - eigenvalue over the collision frequency
         *P - eigenvector projection squared on the relaxation subspace
         *Z - well partition function square root
      isomers-to-bimolecular equilibrium coefficients (kappa matrix):
        W\P    PRODS
      REACS        0
      projection error = 2.3e-08
      Wa->Wb/Wb->Wa rate constants ratios:
      Wb\Wa     REACS
      REACS         1
      W->P/P->W rate constants ratios:
        P\W     REACS
      PRODS         1
   MasterEquation::direct_diagonalization_method:  done, cpu time[sec] = 0.25, elapsed time[sec] = 0
   MasterEquation::direct_diagonalization_method:  starts
      Pressure = 10 atm	 Temperature = 1100 K
      collision frequency = 2.01732e+10 1/sec
      global relaxation matrix dimension = 250
      setting global matrices ... done, cpu time[sec] = 0.05, elapsed time[sec] = 0
      diagonalizing global relaxation matrix ... done, cpu time[sec] = 0.18, elapsed time[sec] = 0
      minimal relaxation eigenvalue / collision frequency = 0.0434793
      maximal relaxation eigenvalue / collision frequency = 1.96943
      microscopic rate coefficients (at reference energy) over collision frequency:
       REACS->PRODS
            1.02646
      some eigenvalues are too small: using low eigenvalue method
      low eigenvalue method starts
         MasterEquation::low_eigenvalue_matrix:  starts
            setting up kinetic matrices ... done, cpu time[sec] = 2.59, elapsed time[sec] = 0
            inverting kinetic matrices ... done, cpu time[sec] = 0.01, elapsed time[sec] = 0
         MasterEquation::low_eigenvalue_matrix:  done, cpu time[sec] = 2.6, elapsed time[sec] = 0
         direct-diagonalization(DD)-versus-low-eigenvalue(LE) eigenvalues
             L      DD eval      LE eval     LE proj
             0  2.62531e-08  2.62531e-08  1.40396e-09
      low eigenvalue method done, cpu time[sec] = 2.6, elapsed time[sec] = 0
      eigenvector populations normalized:
          L        *R        *P     REACS
          0  2.63e-08   1.4e-09         1
         *R - eigenvalue over the relaxation limit
         *P - eigenvector projection squared on the relaxation subspace
      eigenvector projections:
          L        *Q        *P     REACS
          0  1.14e-09   1.4e-09         1
         *Z       ---       ---  7.08e+20
         *Q - eigenvalue over the collision frequency
         *P - eigenvector projection squared on the relaxation subspace
         *Z - well partition function square root
      isomers-to-bimolecular equilibrium coefficients (kappa matrix):
        W\P    PRODS
      REACS        0
      projection error = 1.4e-09
      Wa->Wb/Wb->Wa rate constants ratios:
      Wb\Wa     REACS
      REACS         1
      W->P/P->W rate constants ratios:
        P\W     REACS
      PRODS         1
   MasterEquation::direct_diagonalization_method:  done, cpu time[sec] = 2.85, elapsed time[sec] = 0
   MasterEquation::direct_diagonalization_method:  starts
      Pressure = 1000 atm	 Temperature = 1100 K
      collision frequency = 2.01732e+12 1/sec
      global relaxation matrix dimension = 250
      setting global matrices ... done, cpu time[sec] = 0.04, elapsed time[sec] = 0
      diagonalizing global relaxation matrix ... done, cpu time[sec] = 0.17, elapsed time[sec] = 0
      minimal relaxation eigenvalue / collision frequency = 0.04343
      maximal relaxation eigenvalue / collision frequency = 0.992129
      microscopic rate coefficients (at reference energy) over collision frequency:
       REACS->PRODS
          0.0102646
      some eigenvalues are too small: using low eigenvalue method
      low eigenvalue method starts
         MasterEquation::low_eigenvalue_matrix:  starts
            setting up kinetic matrices ... done, cpu time[sec] = 2.58, elapsed time[sec] = 0
            inverting kinetic matrices ... done, cpu time[sec] = 0.01, elapsed time[sec] = 0
         MasterEquation::low_eigenvalue_matrix:  done, cpu time[sec] = 2.59, elapsed time[sec] = 0
         direct-diagonalization(DD)-versus-low-eigenvalue(LE) eigenvalues
             L      DD eval      LE eval     LE proj
             0  3.02375e-10  3.02396e-10  6.20558e-13
      low eigenvalue method done, cpu time[sec] = 2.6, elapsed time[sec] = 0
      eigenvector populations normalized:
          L        *R        *P     REACS
          0  3.02e-10  6.21e-13         1
         *R - eigenvalue over the relaxation limit
         *P - eigenvector projection squared on the relaxation subspace
      eigenvector projections:
          L        *Q        *P     REACS
          0  1.31e-11  6.21e-13         1
         *Z       ---       ---  7.08e+20
         *Q - eigenvalue over the collision frequency
         *P - eigenvector projection squared on the relaxation subspace
         *Z - well partition function square root
      isomers-to-bimolecular equilibrium coefficients (kappa matrix):
        W\P    PRODS
      REACS        0
      projection error = 6.2e-13
      Wa->Wb/Wb->Wa rate constants ratios:
      Wb\Wa     REACS
      REACS         1
      W->P/P->W rate constants ratios:
        P\W     REACS
      PRODS         1
   MasterEquation::direct_diagonalization_method:  done, cpu time[sec] = 2.83, elapsed time[sec] = 0
   MasterEquation::set:  starts
      Temperature      = 1200 K
      Collision rate   = 3.11664e-10cm^3/sec
      Energy reference = 51939 1/cm
      Energy step      = 167 1/cm
      setting wells, barriers, and bimolecular starts
         REACS Well: density of states done, elapsed time[sec] = 0
         REACS Well: collisional energy transfer kernel done, elapsed time[sec] = 0.03
         REACS Well: relaxation modes basis done, elapsed time[sec] = 0.05
         REACS Well: kernel in relaxation modes basis done, elapsed time[sec] = 0.21
         REACS Well: relaxation eigenvalues done, elapsed time[sec] = 0.07
         REACS Well: minimal relaxation eigenvalue = 0.0376931
         REACS Well: maximal relaxation eigenvalue = 0.988453
         REACS Well:       grid size = 250
         REACS Well:      real depth = 0 1/cm
         REACS Well: effective depth = 10189 1/cm
         TS Barrier:        grid size = 150
         TS Barrier:      real height = 26917 1/cm
         TS Barrier: effective height = 26889 1/cm
      setting wells, barriers, and bimolecular done, cpu time[sec] = 0.36, elapsed time[sec] = 0
      Bound Species (D1/D2 - density of states at dissociation energy (DE)/reference energy):
       Name  Depth     DE      *D1      *D2
              1/cm   1/cm       cm       cm
      REACS  10190  26889 7.66e+18 2.73e+24
      Well-to-Bimolecular Barriers (N - number of states at the reference energy):
       Name Height       *N
              1/cm         
         TS  26889 3.95e+24
      Effective equilibrium constants(bimolecular units - cm^3):
        Q/Q     REACS     PRODS
      REACS         1  2.75e-10
      PRODS  3.64e+09         1
      Real equilibrium constants(bimolecular units - cm^3):
        Q/Q     REACS     PRODS
      REACS         1   3.7e-13
      PRODS  2.71e+12         1
   MasterEquation::set:  done, cpu time[sec] = 0.37, elapsed time[sec] = 0
   MasterEquation::direct_diagonalization_method:  starts
      Pressure = 0.1 atm	 Temperature = 1200 K
      collision frequency = 1.90589e+08 1/sec
      global relaxation matrix dimension = 250
      setting global matrices ... done, cpu time[sec] = 0.04, elapsed time[sec] = 0
      diagonalizing global relaxation matrix ... done, cpu time[sec] = 0.19, elapsed time[sec] = 0
      minimal relaxation eigenvalue / collision frequency = 0.0383576
      maximal relaxation eigenvalue / collision frequency = 227.965
      microscopic rate coefficients (at reference energy) over collision frequency:
       REACS->PRODS
            227.142
      eigenvector populations normalized:
          L        *R        *P     REACS
          0  9.48e-06   2.2e-06         1
         *R - eigenvalue over the relaxation limit
         *P - eigenvector projection squared on the relaxation subspace
      eigenvector projections:
          L        *Q        *P     REACS
          0  3.64e-07   2.2e-06        -1
         *Z       ---       ---     4e+20
         *Q - eigenvalue over the collision frequency
         *P - eigenvector projection squared on the relaxation subspace
         *Z - well partition function square root
      isomers-to-bimolecular equilibrium coefficients (kappa matrix):
        W\P    PRODS
      REACS        0
      projection error = 2.2e-06
      Wa->Wb/Wb->Wa rate constants ratios:
      Wb\Wa     REACS
      REACS         1
      W->P/P->W rate constants ratios:
        P\W     REACS
      PRODS         1
   MasterEquation::direct_diagonalization_method:  done, cpu time[sec] = 0.25, elapsed time[sec] = 0
   MasterEquation::direct_diagonalization_method:  starts
      Pressure = 1 atm	 Temperature = 1200 K
      collision frequency = 1.90589e+09 1/sec
      global relaxation matrix dimension = 250
      setting global matrices ... done, cpu time[sec] = 0.04, elapsed time[sec] = 0
      diagonalizing global relaxation matrix ... done, cpu time[sec] = 0.17, elapsed time[sec] = 0
      minimal relaxation eigenvalue / collision frequency = 0.0379691
      maximal relaxation eigenvalue / collision frequency = 23.5559
      microscopic rate coefficients (at reference energy) over collision frequency:
       REACS->PRODS
            22.7142
      eigenvector populations normalized:
          L        *R        *P     REACS
          0  1.99e-06  3.06e-07         1
         *R - eigenvalue over the relaxation limit
         *P - eigenvector projection squared on the relaxation subspace
      eigenvector projections:
          L        *Q        *P     REACS
          0  7.56e-08  3.06e-07        -1
         *Z       ---       ---     4e+20
         *Q - eigenvalue over the collision frequency
         *P - eigenvector projection squared on the relaxation subspace
         *Z - well partition function square root
      isomers-to-bimolecular equilibrium coefficients (kappa matrix):
        W\P    PRODS
      REACS        0
      projection error = 3.1e-07
      Wa->Wb/Wb->Wa rate constants ratios:
      Wb\Wa     REACS
      REACS         1
      W->P/P->W rate constants ratios:
        P\W     REACS
      PRODS         1
   MasterEquation::direct_diagonalization_method:  done, cpu time[sec] = 0.23, elapsed time[sec] = 0
   MasterEquation::direct_diagonalization_method:  starts
      Pressure = 10 atm	 Temperature = 1200 K
      collision frequency = 1.90589e+10 1/sec
      global relaxation matrix dimension = 250
      setting global matrices ... done, cpu time[sec] = 0.05, elapsed time[sec] = 0
      diagonalizing global relaxation matrix ... done, cpu time[sec] = 0.18, elapsed time[sec] = 0
      minimal relaxation eigenvalue / collision frequency = 0.0377804
      maximal relaxation eigenvalue / collision frequency = 3.18999
      microscopic rate coefficients (at reference energy) over collision frequency:
       REACS->PRODS
            2.27142
      eigenvector populations normalized:
          L        *R        *P     REACS
          0  3.12e-07  2.54e-08         1
         *R - eigenvalue over the relaxation limit
         *P - eigenvector projection squared on the relaxation subspace
      eigenvector projections:
          L        *Q        *P     REACS
          0  1.18e-08  2.54e-08         1
         *Z       ---       ---     4e+20
         *Q - eigenvalue over the collision frequency
         *P - eigenvector projection squared on the relaxation subspace
         *Z - well partition function square root
      isomers-to-bimolecular equilibrium coefficients (kappa matrix):
        W\P    PRODS
      REACS        0
      projection error = 2.5e-08
      Wa->Wb/Wb->Wa rate constants ratios:
      Wb\Wa     REACS
      REACS         1
      W->P/P->W rate constants ratios:
        P\W     REACS
      PRODS         1
   MasterEquation::direct_diagonalization_method:  done, cpu time[sec] = 0.25, elapsed time[sec] = 0
   MasterEquation::direct_diagonalization_method:  starts
      Pressure = 1000 atm	 Temperature = 1200 K
      collision frequency = 1.90589e+12 1/sec
      global relaxation matrix dimension = 250
      setting global matrices ... done, cpu time[sec] = 0.04, elapsed time[sec] = 0
      diagonalizing global relaxation matrix ... done, cpu time[sec] = 0.19, elapsed time[sec] = 0
      minimal relaxation eigenvalue / collision frequency = 0.037696
      maximal relaxation eigenvalue / collision frequency = 1.00291
      microscopic rate coefficients (at reference energy) over collision frequency:
       REACS->PRODS
          0.0227142
      some eigenvalues are too small: using low eigenvalue method
      low eigenvalue method starts
         MasterEquation::low_eigenvalue_matrix:  starts
            setting up kinetic matrices ... done, cpu time[sec] = 2.65, elapsed time[sec] = 1
            inverting kinetic matrices ... done, cpu time[sec] = 0.01, elapsed time[sec] = 0
         MasterEquation::low_eigenvalue_matrix:  done, cpu time[sec] = 2.66, elapsed time[sec] = 1
         direct-diagonalization(DD)-versus-low-eigenvalue(LE) eigenvalues
             L      DD eval      LE eval     LE proj
             0  4.07647e-09  4.07647e-09  2.12962e-11
      low eigenvalue method done, cpu time[sec] = 2.66, elapsed time[sec] = 1
      eigenvector populations normalized:
          L        *R        *P     REACS
          0  4.08e-09  2.13e-11         1
         *R - eigenvalue over the relaxation limit
         *P - eigenvector projection squared on the relaxation subspace
      eigenvector projections:
          L        *Q        *P     REACS
          0  1.54e-10  2.13e-11         1
         *Z       ---       ---     4e+20
         *Q - eigenvalue over the collision frequency
         *P - eigenvector projection squared on the relaxation subspace
         *Z - well partition function square root
      isomers-to-bimolecular equilibrium coefficients (kappa matrix):
        W\P    PRODS
      REACS        0
      projection error = 2.1e-11
      Wa->Wb/Wb->Wa rate constants ratios:
      Wb\Wa     REACS
      REACS         1
      W->P/P->W rate constants ratios:
        P\W     REACS
      PRODS         1
   MasterEquation::direct_diagonalization_method:  done, cpu time[sec] = 2.91, elapsed time[sec] = 1
   MasterEquation::set:  starts
      Temperature      = 1300 K
      Collision rate   = 3.20484e-10cm^3/sec
      Energy reference = 54024 1/cm
      Energy step      = 181 1/cm
      setting wells, barriers, and bimolecular starts
         REACS Well: density of states done, elapsed time[sec] = 0
         REACS Well: collisional energy transfer kernel done, elapsed time[sec] = 0.03
         REACS Well: relaxation modes basis done, elapsed time[sec] = 0.04
         REACS Well: kernel in relaxation modes basis done, elapsed time[sec] = 0.21
         REACS Well: relaxation eigenvalues done, elapsed time[sec] = 0.06
         REACS Well: minimal relaxation eigenvalue = 0.0334288
         REACS Well: maximal relaxation eigenvalue = 0.989473
         REACS Well:       grid size = 250
         REACS Well:      real depth = 0 1/cm
         REACS Well: effective depth = 8774 1/cm
         TS Barrier:        grid size = 150
         TS Barrier:      real height = 26917 1/cm
         TS Barrier: effective height = 26874 1/cm
      setting wells, barriers, and bimolecular done, cpu time[sec] = 0.36, elapsed time[sec] = 0
      Bound Species (D1/D2 - density of states at dissociation energy (DE)/reference energy):
       Name  Depth     DE      *D1      *D2
              1/cm   1/cm       cm       cm
      REACS   8774  26874 7.58e+18 6.31e+24
      Well-to-Bimolecular Barriers (N - number of states at the reference energy):
       Name Height       *N
              1/cm         
         TS  26874 1.79e+25
      Effective equilibrium constants(bimolecular units - cm^3):
        Q/Q     REACS     PRODS
      REACS         1  2.55e-11
      PRODS  3.92e+10         1
      Real equilibrium constants(bimolecular units - cm^3):
        Q/Q     REACS     PRODS
      REACS         1  2.57e-14
      PRODS  3.88e+13         1
   MasterEquation::set:  done, cpu time[sec] = 0.36, elapsed time[sec] = 0
   MasterEquation::direct_diagonalization_method:  starts
      Pressure = 0.1 atm	 Temperature = 1300 K
      collision frequency = 1.80907e+08 1/sec
      global relaxation matrix dimension = 250
      setting global matrices ... done, cpu time[sec] = 0.04, elapsed time[sec] = 0
      diagonalizing global relaxation matrix ... done, cpu time[sec] = 0.18, elapsed time[sec] = 0
      minimal relaxation eigenvalue / collision frequency = 0.0345308
      maximal relaxation eigenvalue / collision frequency = 469.826
      microscopic rate coefficients (at reference energy) over collision frequency:
       REACS->PRODS
            469.006
      eigenvector populations normalized:
          L        *R        *P     REACS
          0  6.72e-05  1.85e-05         1
         *R - eigenvalue over the relaxation limit
         *P - eigenvector projection squared on the relaxation subspace
      eigenvector projections:
          L        *Q        *P     REACS
          0  2.32e-06  1.85e-05         1
         *Z       ---       ---  2.32e+20
         *Q - eigenvalue over the collision frequency
         *P - eigenvector projection squared on the relaxation subspace
         *Z - well partition function square root
      isomers-to-bimolecular equilibrium coefficients (kappa matrix):
        W\P    PRODS
      REACS        0
      projection error = 1.9e-05
      Wa->Wb/Wb->Wa rate constants ratios:
      Wb\Wa     REACS
      REACS         1
      W->P/P->W rate constants ratios:
        P\W     REACS
      PRODS         1
   MasterEquation::direct_diagonalization_method:  done, cpu time[sec] = 0.24, elapsed time[sec] = 0
   MasterEquation::direct_diagonalization_method:  starts
      Pressure = 1 atm	 Temperature = 1300 K
      collision frequency = 1.80907e+09 1/sec
      global relaxation matrix dimension = 250
      setting global matrices ... done, cpu time[sec] = 0.04, elapsed time[sec] = 0
      diagonalizing global relaxation matrix ... done, cpu time[sec] = 0.18, elapsed time[sec] = 0
      minimal relaxation eigenvalue / collision frequency = 0.0339267
      maximal relaxation eigenvalue / collision frequency = 47.7302
      microscopic rate coefficients (at reference energy) over collision frequency:
       REACS->PRODS
            46.9006
      eigenvector populations normalized:
          L        *R        *P     REACS
          0  1.68e-05  3.23e-06         1
         *R - eigenvalue over the relaxation limit
         *P - eigenvector projection squared on the relaxation subspace
      eigenvector projections:
          L        *Q        *P     REACS
          0  5.69e-07  3.23e-06        -1
         *Z       ---       ---  2.32e+20
         *Q - eigenvalue over the collision frequency
         *P - eigenvector projection squared on the relaxation subspace
         *Z - well partition function square root
      isomers-to-bimolecular equilibrium coefficients (kappa matrix):
        W\P    PRODS
      REACS        0
      projection error = 3.2e-06
      Wa->Wb/Wb->Wa rate constants ratios:
      Wb\Wa     REACS
      REACS         1
      W->P/P->W rate constants ratios:
        P\W     REACS
      PRODS         1
   MasterEquation::direct_diagonalization_method:  done, cpu time[sec] = 0.24, elapsed time[sec] = 0
   MasterEquation::direct_diagonalization_method:  starts
      Pressure = 10 atm	 Temperature = 1300 K
      collision frequency = 1.80907e+10 1/sec
      global relaxation matrix dimension = 250
      setting global matrices ... done, cpu time[sec] = 0.04, elapsed time[sec] = 0
      diagonalizing global relaxation matrix ... done, cpu time[sec] = 0.18, elapsed time[sec] = 0
      minimal relaxation eigenvalue / collision frequency = 0.0336037
      maximal relaxation eigenvalue / collision frequency = 5.58013
      microscopic rate coefficients (at reference energy) over collision frequency:
       REACS->PRODS
            4.69006
      eigenvector populations normalized:
          L        *R        *P     REACS
          0  3.08e-06  3.49e-07         1
         *R - eigenvalue over the relaxation limit
         *P - eigenvector projection squared on the relaxation subspace
      eigenvector projections:
          L        *Q        *P     REACS
          0  1.04e-07  3.49e-07        -1
         *Z       ---       ---  2.32e+20
         *Q - eigenvalue over the collision frequency
         *P - eigenvector projection squared on the relaxation subspace
         *Z - well partition function square root
      isomers-to-bimolecular equilibrium coefficients (kappa matrix):
        W\P    PRODS
      REACS        0
      projection error = 3.5e-07
      Wa->Wb/Wb->Wa rate constants ratios:
      Wb\Wa     REACS
      REACS         1
      W->P/P->W rate constants ratios:
        P\W     REACS
      PRODS         1
   MasterEquation::direct_diagonalization_method:  done, cpu time[sec] = 0.25, elapsed time[sec] = 0
   MasterEquation::direct_diagonalization_method:  starts
      Pressure = 1000 atm	 Temperature = 1300 K
      collision frequency = 1.80907e+12 1/sec
      global relaxation matrix dimension = 250
      setting global matrices ... done, cpu time[sec] = 0.04, elapsed time[sec] = 0
      diagonalizing global relaxation matrix ... done, cpu time[sec] = 0.18, elapsed time[sec] = 0
      minimal relaxation eigenvalue / collision frequency = 0.0334363
      maximal relaxation eigenvalue / collision frequency = 1.02475
      microscopic rate coefficients (at reference energy) over collision frequency:
       REACS->PRODS
          0.0469006
      some eigenvalues are too small: using low eigenvalue method
      low eigenvalue method starts
         MasterEquation::low_eigenvalue_matrix:  starts
            setting up kinetic matrices ... done, cpu time[sec] = 2.6, elapsed time[sec] = 0
            inverting kinetic matrices ... done, cpu time[sec] = 0.02, elapsed time[sec] = 0
         MasterEquation::low_eigenvalue_matrix:  done, cpu time[sec] = 2.62, elapsed time[sec] = 0
         direct-diagonalization(DD)-versus-low-eigenvalue(LE) eigenvalues
             L      DD eval      LE eval     LE proj
             0  4.78466e-08  4.78466e-08  5.58885e-10
      low eigenvalue method done, cpu time[sec] = 2.63, elapsed time[sec] = 0
      eigenvector populations normalized:
          L        *R        *P     REACS
          0  4.78e-08  5.59e-10         1
         *R - eigenvalue over the relaxation limit
         *P - eigenvector projection squared on the relaxation subspace
      eigenvector projections:
          L        *Q        *P     REACS
          0   1.6e-09  5.59e-10         1
         *Z       ---       ---  2.32e+20
         *Q - eigenvalue over the collision frequency
         *P - eigenvector projection squared on the relaxation subspace
         *Z - well partition function square root
      isomers-to-bimolecular equilibrium coefficients (kappa matrix):
        W\P    PRODS
      REACS        0
      projection error = 5.6e-10
      Wa->Wb/Wb->Wa rate constants ratios:
      Wb\Wa     REACS
      REACS         1
      W->P/P->W rate constants ratios:
        P\W     REACS
      PRODS         1
   MasterEquation::direct_diagonalization_method:  done, cpu time[sec] = 2.87, elapsed time[sec] = 0
   MasterEquation::set:  starts
      Temperature      = 1400 K
      Collision rate   = 3.28898e-10cm^3/sec
      Energy reference = 56109 1/cm
      Energy step      = 195 1/cm
      setting wells, barriers, and bimolecular starts
         REACS Well: density of states done, elapsed time[sec] = 0.01
         REACS Well: collisional energy transfer kernel done, elapsed time[sec] = 0.03
         REACS Well: relaxation modes basis done, elapsed time[sec] = 0.04
         REACS Well: kernel in relaxation modes basis done, elapsed time[sec] = 0.21
         REACS Well: relaxation eigenvalues done, elapsed time[sec] = 0.07
         REACS Well: minimal relaxation eigenvalue = 0.0306763
         REACS Well: maximal relaxation eigenvalue = 0.990841
         REACS Well:       grid size = 250
         REACS Well:      real depth = 0 1/cm
         REACS Well: effective depth = 7358 1/cm
         TS Barrier:        grid size = 150
         TS Barrier:      real height = 26917 1/cm
         TS Barrier: effective height = 26859 1/cm
      setting wells, barriers, and bimolecular done, cpu time[sec] = 0.36, elapsed time[sec] = 0
      Bound Species (D1/D2 - density of states at dissociation energy (DE)/reference energy):
       Name  Depth     DE      *D1      *D2
              1/cm   1/cm       cm       cm
      REACS   7359  26859 7.51e+18 1.42e+25
      Well-to-Bimolecular Barriers (N - number of states at the reference energy):
       Name Height       *N
              1/cm         
         TS  26859 7.46e+25
      Effective equilibrium constants(bimolecular units - cm^3):
        Q/Q     REACS     PRODS
      REACS         1  2.82e-12
      PRODS  3.54e+11         1
      Real equilibrium constants(bimolecular units - cm^3):
        Q/Q     REACS     PRODS
      REACS         1  2.66e-15
      PRODS  3.77e+14         1
   MasterEquation::set:  done, cpu time[sec] = 0.36, elapsed time[sec] = 0
   MasterEquation::direct_diagonalization_method:  starts
      Pressure = 0.1 atm	 Temperature = 1400 K
      collision frequency = 1.72395e+08 1/sec
      global relaxation matrix dimension = 250
      setting global matrices ... done, cpu time[sec] = 0.04, elapsed time[sec] = 0
      diagonalizing global relaxation matrix ... done, cpu time[sec] = 0.17, elapsed time[sec] = 0
      minimal relaxation eigenvalue / collision frequency = 0.0326749
      maximal relaxation eigenvalue / collision frequency = 913.364
      microscopic rate coefficients (at reference energy) over collision frequency:
       REACS->PRODS
            912.546
      eigenvector populations normalized:
          L        *R        *P     REACS
          0  0.000369  0.000123         1
         *R - eigenvalue over the relaxation limit
         *P - eigenvector projection squared on the relaxation subspace
      eigenvector projections:
          L        *Q        *P     REACS
          0   1.2e-05  0.000123         1
         *Z       ---       ---  1.42e+20
         *Q - eigenvalue over the collision frequency
         *P - eigenvector projection squared on the relaxation subspace
         *Z - well partition function square root
      isomers-to-bimolecular equilibrium coefficients (kappa matrix):
        W\P    PRODS
      REACS        0
      projection error = 0.00012
      Wa->Wb/Wb->Wa rate constants ratios:
      Wb\Wa     REACS
      REACS         1
      W->P/P->W rate constants ratios:
        P\W     REACS
      PRODS         1
   MasterEquation::direct_diagonalization_method:  done, cpu time[sec] = 0.24, elapsed time[sec] = 0
   MasterEquation::direct_diagonalization_method:  starts
      Pressure = 1 atm	 Temperature = 1400 K
      collision frequency = 1.72395e+09 1/sec
      global relaxation matrix dimension = 250
      setting global matrices ... done, cpu time[sec] = 0.05, elapsed time[sec] = 0
      diagonalizing global relaxation matrix ... done, cpu time[sec] = 0.17, elapsed time[sec] = 0
      minimal relaxation eigenvalue / collision frequency = 0.0316681
      maximal relaxation eigenvalue / collision frequency = 92.0773
      microscopic rate coefficients (at reference energy) over collision frequency:
       REACS->PRODS
            91.2546
      eigenvector populations normalized:
          L        *R        *P     REACS
          0  0.000109  2.63e-05         1
         *R - eigenvalue over the relaxation limit
         *P - eigenvector projection squared on the relaxation subspace
      eigenvector projections:
          L        *Q        *P     REACS
          0  3.45e-06  2.63e-05         1
         *Z       ---       ---  1.42e+20
         *Q - eigenvalue over the collision frequency
         *P - eigenvector projection squared on the relaxation subspace
         *Z - well partition function square root
      isomers-to-bimolecular equilibrium coefficients (kappa matrix):
        W\P    PRODS
      REACS        0
      projection error = 2.6e-05
      Wa->Wb/Wb->Wa rate constants ratios:
      Wb\Wa     REACS
      REACS         1
      W->P/P->W rate constants ratios:
        P\W     REACS
      PRODS         1
   MasterEquation::direct_diagonalization_method:  done, cpu time[sec] = 0.25, elapsed time[sec] = 0
   MasterEquation::direct_diagonalization_method:  starts
      Pressure = 10 atm	 Temperature = 1400 K
      collision frequency = 1.72395e+10 1/sec
      global relaxation matrix dimension = 250
      setting global matrices ... done, cpu time[sec] = 0.04, elapsed time[sec] = 0
      diagonalizing global relaxation matrix ... done, cpu time[sec] = 0.18, elapsed time[sec] = 0
      minimal relaxation eigenvalue / collision frequency = 0.031069
      maximal relaxation eigenvalue / collision frequency = 9.98939
      microscopic rate coefficients (at reference energy) over collision frequency:
       REACS->PRODS
            9.12546
      eigenvector populations normalized:
          L        *R        *P     REACS
          0  2.37e-05   3.6e-06         1
         *R - eigenvalue over the relaxation limit
         *P - eigenvector projection squared on the relaxation subspace
      eigenvector projections:
          L        *Q        *P     REACS
          0  7.35e-07   3.6e-06        -1
         *Z       ---       ---  1.42e+20
         *Q - eigenvalue over the collision frequency
         *P - eigenvector projection squared on the relaxation subspace
         *Z - well partition function square root
      isomers-to-bimolecular equilibrium coefficients (kappa matrix):
        W\P    PRODS
      REACS        0
      projection error = 3.6e-06
      Wa->Wb/Wb->Wa rate constants ratios:
      Wb\Wa     REACS
      REACS         1
      W->P/P->W rate constants ratios:
        P\W     REACS
      PRODS         1
   MasterEquation::direct_diagonalization_method:  done, cpu time[sec] = 0.24, elapsed time[sec] = 0
   MasterEquation::direct_diagonalization_method:  starts
      Pressure = 1000 atm	 Temperature = 1400 K
      collision frequency = 1.72395e+12 1/sec
      global relaxation matrix dimension = 250
      setting global matrices ... done, cpu time[sec] = 0.04, elapsed time[sec] = 0
      diagonalizing global relaxation matrix ... done, cpu time[sec] = 0.18, elapsed time[sec] = 0
      minimal relaxation eigenvalue / collision frequency = 0.030699
      maximal relaxation eigenvalue / collision frequency = 1.06586
      microscopic rate coefficients (at reference energy) over collision frequency:
       REACS->PRODS
          0.0912546
      eigenvector populations normalized:
          L        *R        *P     REACS
          0  4.56e-07  1.06e-08         1
         *R - eigenvalue over the relaxation limit
         *P - eigenvector projection squared on the relaxation subspace
      eigenvector projections:
          L        *Q        *P     REACS
          0   1.4e-08  1.06e-08         1
         *Z       ---       ---  1.42e+20
         *Q - eigenvalue over the collision frequency
         *P - eigenvector projection squared on the relaxation subspace
         *Z - well partition function square root
      isomers-to-bimolecular equilibrium coefficients (kappa matrix):
        W\P    PRODS
      REACS        0
      projection error = 1.1e-08
      Wa->Wb/Wb->Wa rate constants ratios:
      Wb\Wa     REACS
      REACS         1
      W->P/P->W rate constants ratios:
        P\W     REACS
      PRODS         1
   MasterEquation::direct_diagonalization_method:  done, cpu time[sec] = 0.24, elapsed time[sec] = 0
   MasterEquation::set:  starts
      Temperature      = 1500 K
      Collision rate   = 3.36944e-10cm^3/sec
      Energy reference = 58194 1/cm
      Energy step      = 209 1/cm
      setting wells, barriers, and bimolecular starts
         REACS Well: density of states done, elapsed time[sec] = 0
         REACS Well: collisional energy transfer kernel done, elapsed time[sec] = 0.03
         REACS Well: relaxation modes basis done, elapsed time[sec] = 0.04
         REACS Well: kernel in relaxation modes basis done, elapsed time[sec] = 0.21
         REACS Well: relaxation eigenvalues done, elapsed time[sec] = 0.06
         REACS Well: minimal relaxation eigenvalue = 0.0290739
         REACS Well: maximal relaxation eigenvalue = 0.992817
         REACS Well:       grid size = 250
         REACS Well:      real depth = 0 1/cm
         REACS Well: effective depth = 5943 1/cm
         TS Barrier:        grid size = 150
         TS Barrier:      real height = 26917 1/cm
         TS Barrier: effective height = 26843 1/cm
      setting wells, barriers, and bimolecular done, cpu time[sec] = 0.35, elapsed time[sec] = 0
      Bound Species (D1/D2 - density of states at dissociation energy (DE)/reference energy):
       Name  Depth     DE      *D1      *D2
              1/cm   1/cm       cm       cm
      REACS   5944  26844 7.44e+18 3.13e+25
      Well-to-Bimolecular Barriers (N - number of states at the reference energy):
       Name Height       *N
              1/cm         
         TS  26844  2.9e+26
      Effective equilibrium constants(bimolecular units - cm^3):
        Q/Q     REACS     PRODS
      REACS         1  3.88e-13
      PRODS  2.57e+12         1
      Real equilibrium constants(bimolecular units - cm^3):
        Q/Q     REACS     PRODS
      REACS         1  3.75e-16
      PRODS  2.67e+15         1
   MasterEquation::set:  done, cpu time[sec] = 0.36, elapsed time[sec] = 0
   MasterEquation::direct_diagonalization_method:  starts
      Pressure = 0.1 atm	 Temperature = 1500 K
      collision frequency = 1.64839e+08 1/sec
      global relaxation matrix dimension = 250
      setting global matrices ... done, cpu time[sec] = 0.04, elapsed time[sec] = 0
      diagonalizing global relaxation matrix ... done, cpu time[sec] = 0.17, elapsed time[sec] = 0
      minimal relaxation eigenvalue / collision frequency = 0.0327773
      maximal relaxation eigenvalue / collision frequency = 1687.23
      microscopic rate coefficients (at reference energy) over collision frequency:
       REACS->PRODS
            1686.41
      eigenvector populations normalized:
          L        *R        *P     REACS
          0    0.0015  0.000636         1
         *R - eigenvalue over the relaxation limit
         *P - eigenvector projection squared on the relaxation subspace
      eigenvector projections:
          L        *Q        *P     REACS
          0  4.92e-05  0.000636        -1
         *Z       ---       ---  9.43e+19
         *Q - eigenvalue over the collision frequency
         *P - eigenvector projection squared on the relaxation subspace
         *Z - well partition function square root
      isomers-to-bimolecular equilibrium coefficients (kappa matrix):
        W\P    PRODS
      REACS        0
      projection error = 0.00064
      Wa->Wb/Wb->Wa rate constants ratios:
      Wb\Wa     REACS
      REACS         1
      W->P/P->W rate constants ratios:
        P\W     REACS
      PRODS         1
   MasterEquation::direct_diagonalization_method:  done, cpu time[sec] = 0.24, elapsed time[sec] = 0
   MasterEquation::direct_diagonalization_method:  starts
      Pressure = 1 atm	 Temperature = 1500 K
      collision frequency = 1.64839e+09 1/sec
      global relaxation matrix dimension = 250
      setting global matrices ... done, cpu time[sec] = 0.06, elapsed time[sec] = 0
      diagonalizing global relaxation matrix ... done, cpu time[sec] = 0.16, elapsed time[sec] = 0
      minimal relaxation eigenvalue / collision frequency = 0.0310862
      maximal relaxation eigenvalue / collision frequency = 169.46
      microscopic rate coefficients (at reference energy) over collision frequency:
       REACS->PRODS
            168.641
      eigenvector populations normalized:
          L        *R        *P     REACS
          0  0.000524  0.000162         1
         *R - eigenvalue over the relaxation limit
         *P - eigenvector projection squared on the relaxation subspace
      eigenvector projections:
          L        *Q        *P     REACS
          0  1.63e-05  0.000162        -1
         *Z       ---       ---  9.43e+19
         *Q - eigenvalue over the collision frequency
         *P - eigenvector projection squared on the relaxation subspace
         *Z - well partition function square root
      isomers-to-bimolecular equilibrium coefficients (kappa matrix):
        W\P    PRODS
      REACS        0
      projection error = 0.00016
      Wa->Wb/Wb->Wa rate constants ratios:
      Wb\Wa     REACS
      REACS         1
      W->P/P->W rate constants ratios:
        P\W     REACS
      PRODS         1
   MasterEquation::direct_diagonalization_method:  done, cpu time[sec] = 0.25, elapsed time[sec] = 0
   MasterEquation::direct_diagonalization_method:  starts
      Pressure = 10 atm	 Temperature = 1500 K
      collision frequency = 1.64839e+10 1/sec
      global relaxation matrix dimension = 250
      setting global matrices ... done, cpu time[sec] = 0.04, elapsed time[sec] = 0
      diagonalizing global relaxation matrix ... done, cpu time[sec] = 0.18, elapsed time[sec] = 0
      minimal relaxation eigenvalue / collision frequency = 0.0299721
      maximal relaxation eigenvalue / collision frequency = 17.7086
      microscopic rate coefficients (at reference energy) over collision frequency:
       REACS->PRODS
            16.8641
      eigenvector populations normalized:
          L        *R        *P     REACS
          0  0.000135  2.75e-05         1
         *R - eigenvalue over the relaxation limit
         *P - eigenvector projection squared on the relaxation subspace
      eigenvector projections:
          L        *Q        *P     REACS
          0  4.05e-06  2.75e-05         1
         *Z       ---       ---  9.43e+19
         *Q - eigenvalue over the collision frequency
         *P - eigenvector projection squared on the relaxation subspace
         *Z - well partition function square root
      isomers-to-bimolecular equilibrium coefficients (kappa matrix):
        W\P    PRODS
      REACS        0
      projection error = 2.7e-05
      Wa->Wb/Wb->Wa rate constants ratios:
      Wb\Wa     REACS
      REACS         1
      W->P/P->W rate constants ratios:
        P\W     REACS
      PRODS         1
   MasterEquation::direct_diagonalization_method:  done, cpu time[sec] = 0.24, elapsed time[sec] = 0
   MasterEquation::direct_diagonalization_method:  starts
      Pressure = 1000 atm	 Temperature = 1500 K
      collision frequency = 1.64839e+12 1/sec
      global relaxation matrix dimension = 250
      setting global matrices ... done, cpu time[sec] = 0.05, elapsed time[sec] = 0
      diagonalizing global relaxation matrix ... done, cpu time[sec] = 0.17, elapsed time[sec] = 0
      minimal relaxation eigenvalue / collision frequency = 0.0291456
      maximal relaxation eigenvalue / collision frequency = 1.13887
      microscopic rate coefficients (at reference energy) over collision frequency:
       REACS->PRODS
           0.168641
      eigenvector populations normalized:
          L        *R        *P     REACS
          0  3.38e-06  1.39e-07         1
         *R - eigenvalue over the relaxation limit
         *P - eigenvector projection squared on the relaxation subspace
      eigenvector projections:
          L        *Q        *P     REACS
          0  9.84e-08  1.39e-07        -1
         *Z       ---       ---  9.43e+19
         *Q - eigenvalue over the collision frequency
         *P - eigenvector projection squared on the relaxation subspace
         *Z - well partition function square root
      isomers-to-bimolecular equilibrium coefficients (kappa matrix):
        W\P    PRODS
      REACS        0
      projection error = 1.4e-07
      Wa->Wb/Wb->Wa rate constants ratios:
      Wb\Wa     REACS
      REACS         1
      W->P/P->W rate constants ratios:
        P\W     REACS
      PRODS         1
   MasterEquation::direct_diagonalization_method:  done, cpu time[sec] = 0.24, elapsed time[sec] = 0
   MasterEquation::set:  starts
      Temperature      = 1600 K
      Collision rate   = 3.44658e-10cm^3/sec
      Energy reference = 60279 1/cm
      Energy step      = 222 1/cm
      setting wells, barriers, and bimolecular starts
         REACS Well: density of states done, elapsed time[sec] = 0
         REACS Well: collisional energy transfer kernel done, elapsed time[sec] = 0.03
         REACS Well: relaxation modes basis done, elapsed time[sec] = 0.04
         REACS Well: kernel in relaxation modes basis done, elapsed time[sec] = 0.21
         REACS Well: relaxation eigenvalues done, elapsed time[sec] = 0.06
         REACS Well: minimal relaxation eigenvalue = 0.0280737
         REACS Well: maximal relaxation eigenvalue = 0.997496
         REACS Well:       grid size = 251
         REACS Well:      real depth = 0 1/cm
         REACS Well: effective depth = 4557 1/cm
         TS Barrier:        grid size = 151
         TS Barrier:      real height = 26917 1/cm
         TS Barrier: effective height = 26757 1/cm
      setting wells, barriers, and bimolecular done, cpu time[sec] = 0.36, elapsed time[sec] = 0
      Bound Species (D1/D2 - density of states at dissociation energy (DE)/reference energy):
       Name  Depth     DE      *D1      *D2
              1/cm   1/cm       cm       cm
      REACS   4558  26757 7.02e+18 6.74e+25
      Well-to-Bimolecular Barriers (N - number of states at the reference energy):
       Name Height       *N
              1/cm         
         TS  26757 1.06e+27
      Effective equilibrium constants(bimolecular units - cm^3):
        Q/Q     REACS     PRODS
      REACS         1  6.71e-14
      PRODS  1.49e+13         1
      Real equilibrium constants(bimolecular units - cm^3):
        Q/Q     REACS     PRODS
      REACS         1  6.82e-17
      PRODS  1.47e+16         1
   MasterEquation::set:  done, cpu time[sec] = 0.36, elapsed time[sec] = 0
   MasterEquation::direct_diagonalization_method:  starts
      Pressure = 0.1 atm	 Temperature = 1600 K
      collision frequency = 1.58074e+08 1/sec
      global relaxation matrix dimension = 251
      setting global matrices ... done, cpu time[sec] = 0.05, elapsed time[sec] = 0
      diagonalizing global relaxation matrix ... done, cpu time[sec] = 0.17, elapsed time[sec] = 0
      minimal relaxation eigenvalue / collision frequency = 0.0345971
      maximal relaxation eigenvalue / collision frequency = 2980.1
      microscopic rate coefficients (at reference energy) over collision frequency:
       REACS->PRODS
            2979.29
      eigenvector populations normalized:
          L        *R        *P     REACS
          0   0.00457   0.00251         1
         *R - eigenvalue over the relaxation limit
         *P - eigenvector projection squared on the relaxation subspace
      eigenvector projections:
          L        *Q        *P     REACS
          0  0.000158   0.00251    -0.999
         *Z       ---       ---  6.82e+19
         *Q - eigenvalue over the collision frequency
         *P - eigenvector projection squared on the relaxation subspace
         *Z - well partition function square root
      isomers-to-bimolecular equilibrium coefficients (kappa matrix):
        W\P    PRODS
      REACS        0
      projection error = 0.0025
      Wa->Wb/Wb->Wa rate constants ratios:
      Wb\Wa     REACS
      REACS         1
      W->P/P->W rate constants ratios:
        P\W     REACS
      PRODS         1
   MasterEquation::direct_diagonalization_method:  done, cpu time[sec] = 0.24, elapsed time[sec] = 0
   MasterEquation::direct_diagonalization_method:  starts
      Pressure = 1 atm	 Temperature = 1600 K
      collision frequency = 1.58074e+09 1/sec
      global relaxation matrix dimension = 251
      setting global matrices ... done, cpu time[sec] = 0.05, elapsed time[sec] = 0
      diagonalizing global relaxation matrix ... done, cpu time[sec] = 0.17, elapsed time[sec] = 0
      minimal relaxation eigenvalue / collision frequency = 0.0318989
      maximal relaxation eigenvalue / collision frequency = 298.745
      microscopic rate coefficients (at reference energy) over collision frequency:
       REACS->PRODS
            297.929
      eigenvector populations normalized:
          L        *R        *P     REACS
          0   0.00188  0.000757         1
         *R - eigenvalue over the relaxation limit
         *P - eigenvector projection squared on the relaxation subspace
      eigenvector projections:
          L        *Q        *P     REACS
          0  5.99e-05  0.000757         1
         *Z       ---       ---  6.82e+19
         *Q - eigenvalue over the collision frequency
         *P - eigenvector projection squared on the relaxation subspace
         *Z - well partition function square root
      isomers-to-bimolecular equilibrium coefficients (kappa matrix):
        W\P    PRODS
      REACS        0
      projection error = 0.00076
      Wa->Wb/Wb->Wa rate constants ratios:
      Wb\Wa     REACS
      REACS         1
      W->P/P->W rate constants ratios:
        P\W     REACS
      PRODS         1
   MasterEquation::direct_diagonalization_method:  done, cpu time[sec] = 0.24, elapsed time[sec] = 0
   MasterEquation::direct_diagonalization_method:  starts
      Pressure = 10 atm	 Temperature = 1600 K
      collision frequency = 1.58074e+10 1/sec
      global relaxation matrix dimension = 251
      setting global matrices ... done, cpu time[sec] = 0.05, elapsed time[sec] = 0
      diagonalizing global relaxation matrix ... done, cpu time[sec] = 0.18, elapsed time[sec] = 0
      minimal relaxation eigenvalue / collision frequency = 0.0299675
      maximal relaxation eigenvalue / collision frequency = 30.6251
      microscopic rate coefficients (at reference energy) over collision frequency:
       REACS->PRODS
            29.7929
      eigenvector populations normalized:
          L        *R        *P     REACS
          0  0.000576  0.000156         1
         *R - eigenvalue over the relaxation limit
         *P - eigenvector projection squared on the relaxation subspace
      eigenvector projections:
          L        *Q        *P     REACS
          0  1.72e-05  0.000156        -1
         *Z       ---       ---  6.82e+19
         *Q - eigenvalue over the collision frequency
         *P - eigenvector projection squared on the relaxation subspace
         *Z - well partition function square root
      isomers-to-bimolecular equilibrium coefficients (kappa matrix):
        W\P    PRODS
      REACS        0
      projection error = 0.00016
      Wa->Wb/Wb->Wa rate constants ratios:
      Wb\Wa     REACS
      REACS         1
      W->P/P->W rate constants ratios:
        P\W     REACS
      PRODS         1
   MasterEquation::direct_diagonalization_method:  done, cpu time[sec] = 0.25, elapsed time[sec] = 0
   MasterEquation::direct_diagonalization_method:  starts
      Pressure = 1000 atm	 Temperature = 1600 K
      collision frequency = 1.58074e+12 1/sec
      global relaxation matrix dimension = 251
      setting global matrices ... done, cpu time[sec] = 0.04, elapsed time[sec] = 0
      diagonalizing global relaxation matrix ... done, cpu time[sec] = 0.19, elapsed time[sec] = 0
      minimal relaxation eigenvalue / collision frequency = 0.0282789
      maximal relaxation eigenvalue / collision frequency = 1.26263
      microscopic rate coefficients (at reference energy) over collision frequency:
       REACS->PRODS
           0.297929
      eigenvector populations normalized:
          L        *R        *P     REACS
          0  1.92e-05  1.29e-06         1
         *R - eigenvalue over the relaxation limit
         *P - eigenvector projection squared on the relaxation subspace
      eigenvector projections:
          L        *Q        *P     REACS
          0  5.44e-07  1.29e-06        -1
         *Z       ---       ---  6.82e+19
         *Q - eigenvalue over the collision frequency
         *P - eigenvector projection squared on the relaxation subspace
         *Z - well partition function square root
      isomers-to-bimolecular equilibrium coefficients (kappa matrix):
        W\P    PRODS
      REACS        0
      projection error = 1.3e-06
      Wa->Wb/Wb->Wa rate constants ratios:
      Wb\Wa     REACS
      REACS         1
      W->P/P->W rate constants ratios:
        P\W     REACS
      PRODS         1
   MasterEquation::direct_diagonalization_method:  done, cpu time[sec] = 0.25, elapsed time[sec] = 0
   MasterEquation::set:  starts
      Temperature      = 1700 K
      Collision rate   = 3.52069e-10cm^3/sec
      Energy reference = 62365 1/cm
      Energy step      = 236 1/cm
      setting wells, barriers, and bimolecular starts
         REACS Well: density of states done, elapsed time[sec] = 0
         REACS Well: cannot satisfy the constant collision frequency at energy = 4309 1/cm, truncating the well
         REACS Well: cannot satisfy the constant collision frequency at energy = 4545 1/cm, truncating the well
         REACS Well: collisional energy transfer kernel done, elapsed time[sec] = 0.1
         REACS Well: relaxation modes basis done, elapsed time[sec] = 0.04
         REACS Well: kernel in relaxation modes basis done, elapsed time[sec] = 0.19
         REACS Well: relaxation eigenvalues done, elapsed time[sec] = 0.07
         REACS Well: minimal relaxation eigenvalue = 0.0273064
         REACS Well: maximal relaxation eigenvalue = 1.01593
         REACS Well:       grid size = 245
         REACS Well:      real depth = 0 1/cm
         REACS Well: effective depth = 4544 1/cm
         TS Barrier:        grid size = 151
         TS Barrier:      real height = 26917 1/cm
         TS Barrier: effective height = 26729 1/cm
      setting wells, barriers, and bimolecular done, cpu time[sec] = 0.4, elapsed time[sec] = 0
      Bound Species (D1/D2 - density of states at dissociation energy (DE)/reference energy):
       Name  Depth     DE      *D1      *D2
              1/cm   1/cm       cm       cm
      REACS   4545  26729  6.9e+18 1.42e+26
      Well-to-Bimolecular Barriers (N - number of states at the reference energy):
       Name Height       *N
              1/cm         
         TS  26729 3.65e+27
      Effective equilibrium constants(bimolecular units - cm^3):
        Q/Q     REACS     PRODS
      REACS         1  1.42e-14
      PRODS  7.06e+13         1
      Real equilibrium constants(bimolecular units - cm^3):
        Q/Q     REACS     PRODS
      REACS         1  1.53e-17
      PRODS  6.54e+16         1
   MasterEquation::set:  done, cpu time[sec] = 0.4, elapsed time[sec] = 0
   MasterEquation::direct_diagonalization_method:  starts
      Pressure = 0.1 atm	 Temperature = 1700 K
      collision frequency = 1.51975e+08 1/sec
      global relaxation matrix dimension = 245
      setting global matrices ... done, cpu time[sec] = 0.05, elapsed time[sec] = 0
      diagonalizing global relaxation matrix ... done, cpu time[sec] = 0.16, elapsed time[sec] = 0
      minimal relaxation eigenvalue / collision frequency = 0.0379157
      maximal relaxation eigenvalue / collision frequency = 5060.47
      microscopic rate coefficients (at reference energy) over collision frequency:
       REACS->PRODS
            5059.66
      eigenvector populations normalized:
          L        *R        *P     REACS
          0    0.0109   0.00773         1
         *R - eigenvalue over the relaxation limit
         *P - eigenvector projection squared on the relaxation subspace
      eigenvector projections:
          L        *Q        *P     REACS
          0  0.000412   0.00773    -0.996
         *Z       ---       ---  5.32e+19
         *Q - eigenvalue over the collision frequency
         *P - eigenvector projection squared on the relaxation subspace
         *Z - well partition function square root
      isomers-to-bimolecular equilibrium coefficients (kappa matrix):
        W\P    PRODS
      REACS        0
      projection error = 0.0077
      Wa->Wb/Wb->Wa rate constants ratios:
      Wb\Wa     REACS
      REACS         1
      W->P/P->W rate constants ratios:
        P\W     REACS
      PRODS         1
   MasterEquation::direct_diagonalization_method:  done, cpu time[sec] = 0.23, elapsed time[sec] = 0
   MasterEquation::direct_diagonalization_method:  starts
      Pressure = 1 atm	 Temperature = 1700 K
      collision frequency = 1.51975e+09 1/sec
      global relaxation matrix dimension = 245
      setting global matrices ... done, cpu time[sec] = 0.04, elapsed time[sec] = 0
      diagonalizing global relaxation matrix ... done, cpu time[sec] = 0.17, elapsed time[sec] = 0
      minimal relaxation eigenvalue / collision frequency = 0.0339115
      maximal relaxation eigenvalue / collision frequency = 506.78
      microscopic rate coefficients (at reference energy) over collision frequency:
       REACS->PRODS
            505.966
      eigenvector populations normalized:
          L        *R        *P     REACS
          0   0.00517   0.00273         1
         *R - eigenvalue over the relaxation limit
         *P - eigenvector projection squared on the relaxation subspace
      eigenvector projections:
          L        *Q        *P     REACS
          0  0.000175   0.00273     0.999
         *Z       ---       ---  5.32e+19
         *Q - eigenvalue over the collision frequency
         *P - eigenvector projection squared on the relaxation subspace
         *Z - well partition function square root
      isomers-to-bimolecular equilibrium coefficients (kappa matrix):
        W\P    PRODS
      REACS        0
      projection error = 0.0027
      Wa->Wb/Wb->Wa rate constants ratios:
      Wb\Wa     REACS
      REACS         1
      W->P/P->W rate constants ratios:
        P\W     REACS
      PRODS         1
   MasterEquation::direct_diagonalization_method:  done, cpu time[sec] = 0.23, elapsed time[sec] = 0
   MasterEquation::direct_diagonalization_method:  starts
      Pressure = 10 atm	 Temperature = 1700 K
      collision frequency = 1.51975e+10 1/sec
      global relaxation matrix dimension = 245
      setting global matrices ... done, cpu time[sec] = 0.04, elapsed time[sec] = 0
      diagonalizing global relaxation matrix ... done, cpu time[sec] = 0.17, elapsed time[sec] = 0
      minimal relaxation eigenvalue / collision frequency = 0.0308594
      maximal relaxation eigenvalue / collision frequency = 51.4204
      microscopic rate coefficients (at reference energy) over collision frequency:
       REACS->PRODS
            50.5966
      eigenvector populations normalized:
          L        *R        *P     REACS
          0   0.00188  0.000674         1
         *R - eigenvalue over the relaxation limit
         *P - eigenvector projection squared on the relaxation subspace
      eigenvector projections:
          L        *Q        *P     REACS
          0   5.8e-05  0.000674        -1
         *Z       ---       ---  5.32e+19
         *Q - eigenvalue over the collision frequency
         *P - eigenvector projection squared on the relaxation subspace
         *Z - well partition function square root
      isomers-to-bimolecular equilibrium coefficients (kappa matrix):
        W\P    PRODS
      REACS        0
      projection error = 0.00067
      Wa->Wb/Wb->Wa rate constants ratios:
      Wb\Wa     REACS
      REACS         1
      W->P/P->W rate constants ratios:
        P\W     REACS
      PRODS         1
   MasterEquation::direct_diagonalization_method:  done, cpu time[sec] = 0.23, elapsed time[sec] = 0
   MasterEquation::direct_diagonalization_method:  starts
      Pressure = 1000 atm	 Temperature = 1700 K
      collision frequency = 1.51975e+12 1/sec
      global relaxation matrix dimension = 245
      setting global matrices ... done, cpu time[sec] = 0.04, elapsed time[sec] = 0
      diagonalizing global relaxation matrix ... done, cpu time[sec] = 0.17, elapsed time[sec] = 0
      minimal relaxation eigenvalue / collision frequency = 0.0278079
      maximal relaxation eigenvalue / collision frequency = 1.4632
      microscopic rate coefficients (at reference energy) over collision frequency:
       REACS->PRODS
           0.505966
      eigenvector populations normalized:
          L        *R        *P     REACS
          0  8.62e-05  8.73e-06         1
         *R - eigenvalue over the relaxation limit
         *P - eigenvector projection squared on the relaxation subspace
      eigenvector projections:
          L        *Q        *P     REACS
          0   2.4e-06  8.73e-06         1
         *Z       ---       ---  5.32e+19
         *Q - eigenvalue over the collision frequency
         *P - eigenvector projection squared on the relaxation subspace
         *Z - well partition function square root
      isomers-to-bimolecular equilibrium coefficients (kappa matrix):
        W\P    PRODS
      REACS        0
      projection error = 8.7e-06
      Wa->Wb/Wb->Wa rate constants ratios:
      Wb\Wa     REACS
      REACS         1
      W->P/P->W rate constants ratios:
        P\W     REACS
      PRODS         1
   MasterEquation::direct_diagonalization_method:  done, cpu time[sec] = 0.23, elapsed time[sec] = 0
   MasterEquation::set:  starts
      Temperature      = 1800 K
      Collision rate   = 3.59205e-10cm^3/sec
      Energy reference = 64450 1/cm
      Energy step      = 250 1/cm
      setting wells, barriers, and bimolecular starts
         REACS Well: density of states done, elapsed time[sec] = 0
         REACS Well: cannot satisfy the constant collision frequency at energy = 4700 1/cm, truncating the well
         REACS Well: cannot satisfy the constant collision frequency at energy = 4950 1/cm, truncating the well
         REACS Well: cannot satisfy the constant collision frequency at energy = 5200 1/cm, truncating the well
         REACS Well: collisional energy transfer kernel done, elapsed time[sec] = 0.13
         REACS Well: relaxation modes basis done, elapsed time[sec] = 0.03
         REACS Well: kernel in relaxation modes basis done, elapsed time[sec] = 0.19
         REACS Well: relaxation eigenvalues done, elapsed time[sec] = 0.06
         REACS Well: minimal relaxation eigenvalue = 0.0266296
         REACS Well: maximal relaxation eigenvalue = 1.00796
         REACS Well:       grid size = 237
         REACS Well:      real depth = 0 1/cm
         REACS Well: effective depth = 5200 1/cm
         TS Barrier:        grid size = 151
         TS Barrier:      real height = 26917 1/cm
         TS Barrier: effective height = 26700 1/cm
      setting wells, barriers, and bimolecular done, cpu time[sec] = 0.41, elapsed time[sec] = 0
      Bound Species (D1/D2 - density of states at dissociation energy (DE)/reference energy):
       Name  Depth     DE      *D1      *D2
              1/cm   1/cm       cm       cm
      REACS   5201  26700 6.77e+18 2.95e+26
      Well-to-Bimolecular Barriers (N - number of states at the reference energy):
       Name Height       *N
              1/cm         
         TS  26700 1.19e+28
      Effective equilibrium constants(bimolecular units - cm^3):
        Q/Q     REACS     PRODS
      REACS         1  3.57e-15
      PRODS   2.8e+14         1
      Real equilibrium constants(bimolecular units - cm^3):
        Q/Q     REACS     PRODS
      REACS         1  4.08e-18
      PRODS  2.45e+17         1
   MasterEquation::set:  done, cpu time[sec] = 0.41, elapsed time[sec] = 0
   MasterEquation::direct_diagonalization_method:  starts
      Pressure = 0.1 atm	 Temperature = 1800 K
      collision frequency = 1.46441e+08 1/sec
      global relaxation matrix dimension = 237
      setting global matrices ... done, cpu time[sec] = 0.04, elapsed time[sec] = 0
      diagonalizing global relaxation matrix ... done, cpu time[sec] = 0.15, elapsed time[sec] = 0
      minimal relaxation eigenvalue / collision frequency = 0.0426219
      maximal relaxation eigenvalue / collision frequency = 8294.19
      microscopic rate coefficients (at reference energy) over collision frequency:
       REACS->PRODS
            8293.38
      eigenvector populations normalized:
          L        *R        *P     REACS
          0    0.0212    0.0193         1
         *R - eigenvalue over the relaxation limit
         *P - eigenvector projection squared on the relaxation subspace
      eigenvector projections:
          L        *Q        *P     REACS
          0  0.000905    0.0193      0.99
         *Z       ---       ---  4.44e+19
         *Q - eigenvalue over the collision frequency
         *P - eigenvector projection squared on the relaxation subspace
         *Z - well partition function square root
      isomers-to-bimolecular equilibrium coefficients (kappa matrix):
        W\P    PRODS
      REACS        0
      projection error = 0.019
      Wa->Wb/Wb->Wa rate constants ratios:
      Wb\Wa     REACS
      REACS         1
      W->P/P->W rate constants ratios:
        P\W     REACS
      PRODS         1
   MasterEquation::direct_diagonalization_method:  done, cpu time[sec] = 0.22, elapsed time[sec] = 0
   MasterEquation::direct_diagonalization_method:  starts
      Pressure = 1 atm	 Temperature = 1800 K
      collision frequency = 1.46441e+09 1/sec
      global relaxation matrix dimension = 237
      setting global matrices ... done, cpu time[sec] = 0.04, elapsed time[sec] = 0
      diagonalizing global relaxation matrix ... done, cpu time[sec] = 0.16, elapsed time[sec] = 0
      minimal relaxation eigenvalue / collision frequency = 0.03706
      maximal relaxation eigenvalue / collision frequency = 830.149
      microscopic rate coefficients (at reference energy) over collision frequency:
       REACS->PRODS
            829.338
      eigenvector populations normalized:
          L        *R        *P     REACS
          0    0.0115   0.00784         1
         *R - eigenvalue over the relaxation limit
         *P - eigenvector projection squared on the relaxation subspace
      eigenvector projections:
          L        *Q        *P     REACS
          0  0.000426   0.00784     0.996
         *Z       ---       ---  4.44e+19
         *Q - eigenvalue over the collision frequency
         *P - eigenvector projection squared on the relaxation subspace
         *Z - well partition function square root
      isomers-to-bimolecular equilibrium coefficients (kappa matrix):
        W\P    PRODS
      REACS        0
      projection error = 0.0078
      Wa->Wb/Wb->Wa rate constants ratios:
      Wb\Wa     REACS
      REACS         1
      W->P/P->W rate constants ratios:
        P\W     REACS
      PRODS         1
   MasterEquation::direct_diagonalization_method:  done, cpu time[sec] = 0.22, elapsed time[sec] = 0
   MasterEquation::direct_diagonalization_method:  starts
      Pressure = 10 atm	 Temperature = 1800 K
      collision frequency = 1.46441e+10 1/sec
      global relaxation matrix dimension = 237
      setting global matrices ... done, cpu time[sec] = 0.04, elapsed time[sec] = 0
      diagonalizing global relaxation matrix ... done, cpu time[sec] = 0.16, elapsed time[sec] = 0
      minimal relaxation eigenvalue / collision frequency = 0.0326183
      maximal relaxation eigenvalue / collision frequency = 83.7519
      microscopic rate coefficients (at reference energy) over collision frequency:
       REACS->PRODS
            82.9338
      eigenvector populations normalized:
          L        *R        *P     REACS
          0   0.00488    0.0023         1
         *R - eigenvalue over the relaxation limit
         *P - eigenvector projection squared on the relaxation subspace
      eigenvector projections:
          L        *Q        *P     REACS
          0  0.000159    0.0023     0.999
         *Z       ---       ---  4.44e+19
         *Q - eigenvalue over the collision frequency
         *P - eigenvector projection squared on the relaxation subspace
         *Z - well partition function square root
      isomers-to-bimolecular equilibrium coefficients (kappa matrix):
        W\P    PRODS
      REACS        0
      projection error = 0.0023
      Wa->Wb/Wb->Wa rate constants ratios:
      Wb\Wa     REACS
      REACS         1
      W->P/P->W rate constants ratios:
        P\W     REACS
      PRODS         1
   MasterEquation::direct_diagonalization_method:  done, cpu time[sec] = 0.22, elapsed time[sec] = 0
   MasterEquation::direct_diagonalization_method:  starts
      Pressure = 1000 atm	 Temperature = 1800 K
      collision frequency = 1.46441e+12 1/sec
      global relaxation matrix dimension = 237
      setting global matrices ... done, cpu time[sec] = 0.04, elapsed time[sec] = 0
      diagonalizing global relaxation matrix ... done, cpu time[sec] = 0.16, elapsed time[sec] = 0
      minimal relaxation eigenvalue / collision frequency = 0.027681
      maximal relaxation eigenvalue / collision frequency = 1.77713
      microscopic rate coefficients (at reference energy) over collision frequency:
       REACS->PRODS
           0.829338
      eigenvector populations normalized:
          L        *R        *P     REACS
          0  0.000312  4.55e-05         1
         *R - eigenvalue over the relaxation limit
         *P - eigenvector projection squared on the relaxation subspace
      eigenvector projections:
          L        *Q        *P     REACS
          0  8.64e-06  4.55e-05         1
         *Z       ---       ---  4.44e+19
         *Q - eigenvalue over the collision frequency
         *P - eigenvector projection squared on the relaxation subspace
         *Z - well partition function square root
      isomers-to-bimolecular equilibrium coefficients (kappa matrix):
        W\P    PRODS
      REACS        0
      projection error = 4.5e-05
      Wa->Wb/Wb->Wa rate constants ratios:
      Wb\Wa     REACS
      REACS         1
      W->P/P->W rate constants ratios:
        P\W     REACS
      PRODS         1
   MasterEquation::direct_diagonalization_method:  done, cpu time[sec] = 0.22, elapsed time[sec] = 0
   MasterEquation::set:  starts
      Temperature      = 1900 K
      Collision rate   = 3.6609e-10cm^3/sec
      Energy reference = 66535 1/cm
      Energy step      = 264 1/cm
      setting wells, barriers, and bimolecular starts
         REACS Well: density of states done, elapsed time[sec] = 0
         REACS Well: cannot satisfy the constant collision frequency at energy = 5287 1/cm, truncating the well
         REACS Well: cannot satisfy the constant collision frequency at energy = 5551 1/cm, truncating the well
         REACS Well: collisional energy transfer kernel done, elapsed time[sec] = 0.1
         REACS Well: relaxation modes basis done, elapsed time[sec] = 0.03
         REACS Well: kernel in relaxation modes basis done, elapsed time[sec] = 0.17
         REACS Well: relaxation eigenvalues done, elapsed time[sec] = 0.06
         REACS Well: minimal relaxation eigenvalue = 0.0260281
         REACS Well: maximal relaxation eigenvalue = 1.01643
         REACS Well:       grid size = 231
         REACS Well:      real depth = 0 1/cm
         REACS Well: effective depth = 5550 1/cm
         TS Barrier:        grid size = 151
         TS Barrier:      real height = 26917 1/cm
         TS Barrier: effective height = 26670 1/cm
      setting wells, barriers, and bimolecular done, cpu time[sec] = 0.36, elapsed time[sec] = 0
      Bound Species (D1/D2 - density of states at dissociation energy (DE)/reference energy):
       Name  Depth     DE      *D1      *D2
              1/cm   1/cm       cm       cm
      REACS   5551  26671 6.64e+18 5.99e+26
      Well-to-Bimolecular Barriers (N - number of states at the reference energy):
       Name Height       *N
              1/cm         
         TS  26671 3.72e+28
      Effective equilibrium constants(bimolecular units - cm^3):
        Q/Q     REACS     PRODS
      REACS         1  1.04e-15
      PRODS  9.58e+14         1
      Real equilibrium constants(bimolecular units - cm^3):
        Q/Q     REACS     PRODS
      REACS         1  1.26e-18
      PRODS  7.94e+17         1
   MasterEquation::set:  done, cpu time[sec] = 0.36, elapsed time[sec] = 0
   MasterEquation::direct_diagonalization_method:  starts
      Pressure = 0.1 atm	 Temperature = 1900 K
      collision frequency = 1.41392e+08 1/sec
      global relaxation matrix dimension = 231
      setting global matrices ... done, cpu time[sec] = 0.04, elapsed time[sec] = 0
      diagonalizing global relaxation matrix ... done, cpu time[sec] = 0.14, elapsed time[sec] = 0
      minimal relaxation eigenvalue / collision frequency = 0.0487456
      maximal relaxation eigenvalue / collision frequency = 13174
      microscopic rate coefficients (at reference energy) over collision frequency:
       REACS->PRODS
            13173.2
      eigenvector populations normalized:
          L        *R        *P     REACS
          0    0.0357    0.0405         1
         *R - eigenvalue over the relaxation limit
         *P - eigenvector projection squared on the relaxation subspace
      eigenvector projections:
          L        *Q        *P     REACS
          0   0.00174    0.0405      0.98
         *Z       ---       ---  3.91e+19
         *Q - eigenvalue over the collision frequency
         *P - eigenvector projection squared on the relaxation subspace
         *Z - well partition function square root
      isomers-to-bimolecular equilibrium coefficients (kappa matrix):
        W\P    PRODS
      REACS        0
      projection error = 0.041
      Wa->Wb/Wb->Wa rate constants ratios:
      Wb\Wa     REACS
      REACS         1
      W->P/P->W rate constants ratios:
        P\W     REACS
      PRODS         1
   MasterEquation::direct_diagonalization_method:  done, cpu time[sec] = 0.2, elapsed time[sec] = 0
   MasterEquation::direct_diagonalization_method:  starts
      Pressure = 1 atm	 Temperature = 1900 K
      collision frequency = 1.41392e+09 1/sec
      global relaxation matrix dimension = 231
      setting global matrices ... done, cpu time[sec] = 0.03, elapsed time[sec] = 0
      diagonalizing global relaxation matrix ... done, cpu time[sec] = 0.15, elapsed time[sec] = 0
      minimal relaxation eigenvalue / collision frequency = 0.0413941
      maximal relaxation eigenvalue / collision frequency = 1318.13
      microscopic rate coefficients (at reference energy) over collision frequency:
       REACS->PRODS
            1317.32
      eigenvector populations normalized:
          L        *R        *P     REACS
          0    0.0215    0.0187         1
         *R - eigenvalue over the relaxation limit
         *P - eigenvector projection squared on the relaxation subspace
      eigenvector projections:
          L        *Q        *P     REACS
          0  0.000891    0.0187     0.991
         *Z       ---       ---  3.91e+19
         *Q - eigenvalue over the collision frequency
         *P - eigenvector projection squared on the relaxation subspace
         *Z - well partition function square root
      isomers-to-bimolecular equilibrium coefficients (kappa matrix):
        W\P    PRODS
      REACS        0
      projection error = 0.019
      Wa->Wb/Wb->Wa rate constants ratios:
      Wb\Wa     REACS
      REACS         1
      W->P/P->W rate constants ratios:
        P\W     REACS
      PRODS         1
   MasterEquation::direct_diagonalization_method:  done, cpu time[sec] = 0.21, elapsed time[sec] = 0
   MasterEquation::direct_diagonalization_method:  starts
      Pressure = 10 atm	 Temperature = 1900 K
      collision frequency = 1.41392e+10 1/sec
      global relaxation matrix dimension = 231
      setting global matrices ... done, cpu time[sec] = 0.04, elapsed time[sec] = 0
      diagonalizing global relaxation matrix ... done, cpu time[sec] = 0.16, elapsed time[sec] = 0
      minimal relaxation eigenvalue / collision frequency = 0.0353164
      maximal relaxation eigenvalue / collision frequency = 132.546
      microscopic rate coefficients (at reference energy) over collision frequency:
       REACS->PRODS
            131.732
      eigenvector populations normalized:
          L        *R        *P     REACS
          0    0.0105    0.0064         1
         *R - eigenvalue over the relaxation limit
         *P - eigenvector projection squared on the relaxation subspace
      eigenvector projections:
          L        *Q        *P     REACS
          0  0.000371    0.0064    -0.997
         *Z       ---       ---  3.91e+19
         *Q - eigenvalue over the collision frequency
         *P - eigenvector projection squared on the relaxation subspace
         *Z - well partition function square root
      isomers-to-bimolecular equilibrium coefficients (kappa matrix):
        W\P    PRODS
      REACS        0
      projection error = 0.0064
      Wa->Wb/Wb->Wa rate constants ratios:
      Wb\Wa     REACS
      REACS         1
      W->P/P->W rate constants ratios:
        P\W     REACS
      PRODS         1
   MasterEquation::direct_diagonalization_method:  done, cpu time[sec] = 0.21, elapsed time[sec] = 0
   MasterEquation::direct_diagonalization_method:  starts
      Pressure = 1000 atm	 Temperature = 1900 K
      collision frequency = 1.41392e+12 1/sec
      global relaxation matrix dimension = 231
      setting global matrices ... done, cpu time[sec] = 0.03, elapsed time[sec] = 0
      diagonalizing global relaxation matrix ... done, cpu time[sec] = 0.15, elapsed time[sec] = 0
      minimal relaxation eigenvalue / collision frequency = 0.027976
      maximal relaxation eigenvalue / collision frequency = 2.25352
      microscopic rate coefficients (at reference energy) over collision frequency:
       REACS->PRODS
            1.31732
      eigenvector populations normalized:
          L        *R        *P     REACS
          0  0.000933  0.000189         1
         *R - eigenvalue over the relaxation limit
         *P - eigenvector projection squared on the relaxation subspace
      eigenvector projections:
          L        *Q        *P     REACS
          0  2.61e-05  0.000189        -1
         *Z       ---       ---  3.91e+19
         *Q - eigenvalue over the collision frequency
         *P - eigenvector projection squared on the relaxation subspace
         *Z - well partition function square root
      isomers-to-bimolecular equilibrium coefficients (kappa matrix):
        W\P    PRODS
      REACS        0
      projection error = 0.00019
      Wa->Wb/Wb->Wa rate constants ratios:
      Wb\Wa     REACS
      REACS         1
      W->P/P->W rate constants ratios:
        P\W     REACS
      PRODS         1
   MasterEquation::direct_diagonalization_method:  done, cpu time[sec] = 0.2, elapsed time[sec] = 0
   MasterEquation::set:  starts
      Temperature      = 2000 K
      Collision rate   = 3.72744e-10cm^3/sec
      Energy reference = 68620 1/cm
      Energy step      = 278 1/cm
      setting wells, barriers, and bimolecular starts
         REACS Well: density of states done, elapsed time[sec] = 0
         REACS Well: cannot satisfy the constant collision frequency at energy = 5792 1/cm, truncating the well
         REACS Well: cannot satisfy the constant collision frequency at energy = 6070 1/cm, truncating the well
         REACS Well: collisional energy transfer kernel done, elapsed time[sec] = 0.09
         REACS Well: relaxation modes basis done, elapsed time[sec] = 0.03
         REACS Well: kernel in relaxation modes basis done, elapsed time[sec] = 0.16
         REACS Well: relaxation eigenvalues done, elapsed time[sec] = 0.06
         REACS Well: minimal relaxation eigenvalue = 0.0254861
         REACS Well: maximal relaxation eigenvalue = 1.01686
         REACS Well:       grid size = 225
         REACS Well:      real depth = 0 1/cm
         REACS Well: effective depth = 6070 1/cm
         TS Barrier:        grid size = 151
         TS Barrier:      real height = 26917 1/cm
         TS Barrier: effective height = 26642 1/cm
      setting wells, barriers, and bimolecular done, cpu time[sec] = 0.35, elapsed time[sec] = 0
      Bound Species (D1/D2 - density of states at dissociation energy (DE)/reference energy):
       Name  Depth     DE      *D1      *D2
              1/cm   1/cm       cm       cm
      REACS   6071  26642 6.51e+18  1.2e+27
      Well-to-Bimolecular Barriers (N - number of states at the reference energy):
       Name Height       *N
              1/cm         
         TS  26642 1.11e+29
      Effective equilibrium constants(bimolecular units - cm^3):
        Q/Q     REACS     PRODS
      REACS         1  3.46e-16
      PRODS  2.89e+15         1
      Real equilibrium constants(bimolecular units - cm^3):
        Q/Q     REACS     PRODS
      REACS         1   4.4e-19
      PRODS  2.27e+18         1
   MasterEquation::set:  done, cpu time[sec] = 0.35, elapsed time[sec] = 0
   MasterEquation::direct_diagonalization_method:  starts
      Pressure = 0.1 atm	 Temperature = 2000 K
      collision frequency = 1.36764e+08 1/sec
      global relaxation matrix dimension = 225
      setting global matrices ... done, cpu time[sec] = 0.03, elapsed time[sec] = 0
      diagonalizing global relaxation matrix ... done, cpu time[sec] = 0.12, elapsed time[sec] = 0
      minimal relaxation eigenvalue / collision frequency = 0.0563228
      maximal relaxation eigenvalue / collision frequency = 20343.2
      microscopic rate coefficients (at reference energy) over collision frequency:
       REACS->PRODS
            20342.4
      eigenvector populations normalized:
          L        *R        *P     REACS
          0    0.0535    0.0739         1
         *R - eigenvalue over the relaxation limit
         *P - eigenvector projection squared on the relaxation subspace
      eigenvector projections:
          L        *Q        *P     REACS
          0   0.00301    0.0739     0.962
         *Z       ---       ---  3.61e+19
         *Q - eigenvalue over the collision frequency
         *P - eigenvector projection squared on the relaxation subspace
         *Z - well partition function square root
      isomers-to-bimolecular equilibrium coefficients (kappa matrix):
        W\P    PRODS
      REACS    0.074
      projection error = 0.074
      Wa->Wb/Wb->Wa rate constants ratios:
      Wb\Wa     REACS
      REACS         1
      W->P/P->W rate constants ratios:
        P\W     REACS
      PRODS       1.1
   MasterEquation::direct_diagonalization_method:  done, cpu time[sec] = 0.18, elapsed time[sec] = 0
   MasterEquation::direct_diagonalization_method:  starts
      Pressure = 1 atm	 Temperature = 2000 K
      collision frequency = 1.36764e+09 1/sec
      global relaxation matrix dimension = 225
      setting global matrices ... done, cpu time[sec] = 0.05, elapsed time[sec] = 0
      diagonalizing global relaxation matrix ... done, cpu time[sec] = 0.13, elapsed time[sec] = 0
      minimal relaxation eigenvalue / collision frequency = 0.0469501
      maximal relaxation eigenvalue / collision frequency = 2035.05
      microscopic rate coefficients (at reference energy) over collision frequency:
       REACS->PRODS
            2034.24
      eigenvector populations normalized:
          L        *R        *P     REACS
          0    0.0352    0.0379         1
         *R - eigenvalue over the relaxation limit
         *P - eigenvector projection squared on the relaxation subspace
      eigenvector projections:
          L        *Q        *P     REACS
          0   0.00165    0.0379     0.981
         *Z       ---       ---  3.61e+19
         *Q - eigenvalue over the collision frequency
         *P - eigenvector projection squared on the relaxation subspace
         *Z - well partition function square root
      isomers-to-bimolecular equilibrium coefficients (kappa matrix):
        W\P    PRODS
      REACS        0
      projection error = 0.038
      Wa->Wb/Wb->Wa rate constants ratios:
      Wb\Wa     REACS
      REACS         1
      W->P/P->W rate constants ratios:
        P\W     REACS
      PRODS         1
   MasterEquation::direct_diagonalization_method:  done, cpu time[sec] = 0.2, elapsed time[sec] = 0
   MasterEquation::direct_diagonalization_method:  starts
      Pressure = 10 atm	 Temperature = 2000 K
      collision frequency = 1.36764e+10 1/sec
      global relaxation matrix dimension = 225
      setting global matrices ... done, cpu time[sec] = 0.04, elapsed time[sec] = 0
      diagonalizing global relaxation matrix ... done, cpu time[sec] = 0.13, elapsed time[sec] = 0
      minimal relaxation eigenvalue / collision frequency = 0.0390004
      maximal relaxation eigenvalue / collision frequency = 204.235
      microscopic rate coefficients (at reference energy) over collision frequency:
       REACS->PRODS
            203.424
      eigenvector populations normalized:
          L        *R        *P     REACS
          0    0.0193     0.015         1
         *R - eigenvalue over the relaxation limit
         *P - eigenvector projection squared on the relaxation subspace
      eigenvector projections:
          L        *Q        *P     REACS
          0  0.000754     0.015    -0.992
         *Z       ---       ---  3.61e+19
         *Q - eigenvalue over the collision frequency
         *P - eigenvector projection squared on the relaxation subspace
         *Z - well partition function square root
      isomers-to-bimolecular equilibrium coefficients (kappa matrix):
        W\P    PRODS
      REACS        0
      projection error = 0.015
      Wa->Wb/Wb->Wa rate constants ratios:
      Wb\Wa     REACS
      REACS         1
      W->P/P->W rate constants ratios:
        P\W     REACS
      PRODS         1
   MasterEquation::direct_diagonalization_method:  done, cpu time[sec] = 0.18, elapsed time[sec] = 0
   MasterEquation::direct_diagonalization_method:  starts
      Pressure = 1000 atm	 Temperature = 2000 K
      collision frequency = 1.36764e+12 1/sec
      global relaxation matrix dimension = 225
      setting global matrices ... done, cpu time[sec] = 0.04, elapsed time[sec] = 0
      diagonalizing global relaxation matrix ... done, cpu time[sec] = 0.14, elapsed time[sec] = 0
      minimal relaxation eigenvalue / collision frequency = 0.0287606
      maximal relaxation eigenvalue / collision frequency = 2.95673
      microscopic rate coefficients (at reference energy) over collision frequency:
       REACS->PRODS
            2.03424
      eigenvector populations normalized:
          L        *R        *P     REACS
          0   0.00236  0.000644         1
         *R - eigenvalue over the relaxation limit
         *P - eigenvector projection squared on the relaxation subspace
      eigenvector projections:
          L        *Q        *P     REACS
          0  6.78e-05  0.000644         1
         *Z       ---       ---  3.61e+19
         *Q - eigenvalue over the collision frequency
         *P - eigenvector projection squared on the relaxation subspace
         *Z - well partition function square root
      isomers-to-bimolecular equilibrium coefficients (kappa matrix):
        W\P    PRODS
      REACS        0
      projection error = 0.00064
      Wa->Wb/Wb->Wa rate constants ratios:
      Wb\Wa     REACS
      REACS         1
      W->P/P->W rate constants ratios:
        P\W     REACS
      PRODS         1
   MasterEquation::direct_diagonalization_method:  done, cpu time[sec] = 0.2, elapsed time[sec] = 0
   MasterEquation::set:  starts
      Temperature      = 2100 K
      Collision rate   = 3.79187e-10cm^3/sec
      Energy reference = 70705 1/cm
      Energy step      = 292 1/cm
      setting wells, barriers, and bimolecular starts
         REACS Well: density of states done, elapsed time[sec] = 0
         REACS Well: cannot satisfy the constant collision frequency at energy = 6173 1/cm, truncating the well
         REACS Well: cannot satisfy the constant collision frequency at energy = 6465 1/cm, truncating the well
         REACS Well: cannot satisfy the constant collision frequency at energy = 6757 1/cm, truncating the well
         REACS Well: collisional energy transfer kernel done, elapsed time[sec] = 0.11
         REACS Well: relaxation modes basis done, elapsed time[sec] = 0.03
         REACS Well: kernel in relaxation modes basis done, elapsed time[sec] = 0.15
         REACS Well: relaxation eigenvalues done, elapsed time[sec] = 0.05
         REACS Well: minimal relaxation eigenvalue = 0.0250071
         REACS Well: maximal relaxation eigenvalue = 1.01035
         REACS Well:       grid size = 219
         REACS Well:      real depth = 0 1/cm
         REACS Well: effective depth = 6757 1/cm
         TS Barrier:        grid size = 150
         TS Barrier:      real height = 26917 1/cm
         TS Barrier: effective height = 26905 1/cm
      setting wells, barriers, and bimolecular done, cpu time[sec] = 0.35, elapsed time[sec] = 0
      Bound Species (D1/D2 - density of states at dissociation energy (DE)/reference energy):
       Name  Depth     DE      *D1      *D2
              1/cm   1/cm       cm       cm
      REACS   6758  26906 7.74e+18 2.35e+27
      Well-to-Bimolecular Barriers (N - number of states at the reference energy):
       Name Height       *N
              1/cm         
         TS  26906 3.18e+29
      Effective equilibrium constants(bimolecular units - cm^3):
        Q/Q     REACS     PRODS
      REACS         1  1.28e-16
      PRODS  7.81e+15         1
      Real equilibrium constants(bimolecular units - cm^3):
        Q/Q     REACS     PRODS
      REACS         1  1.71e-19
      PRODS  5.85e+18         1
   MasterEquation::set:  done, cpu time[sec] = 0.35, elapsed time[sec] = 0
   MasterEquation::direct_diagonalization_method:  starts
      Pressure = 0.1 atm	 Temperature = 2100 K
      collision frequency = 1.32503e+08 1/sec
      global relaxation matrix dimension = 219
      setting global matrices ... done, cpu time[sec] = 0.04, elapsed time[sec] = 0
      diagonalizing global relaxation matrix ... done, cpu time[sec] = 0.12, elapsed time[sec] = 0
      minimal relaxation eigenvalue / collision frequency = 0.0654217
      maximal relaxation eigenvalue / collision frequency = 30625.2
      microscopic rate coefficients (at reference energy) over collision frequency:
       REACS->PRODS
            30624.4
      eigenvector populations normalized:
          L        *R        *P     REACS
          0    0.0736      0.12         1
         *R - eigenvalue over the relaxation limit
         *P - eigenvector projection squared on the relaxation subspace
      eigenvector projections:
          L        *Q        *P     REACS
          0   0.00482      0.12     0.938
         *Z       ---       ---  3.46e+19
         *Q - eigenvalue over the collision frequency
         *P - eigenvector projection squared on the relaxation subspace
         *Z - well partition function square root
      isomers-to-bimolecular equilibrium coefficients (kappa matrix):
        W\P    PRODS
      REACS     0.12
      projection error = 0.12
      Wa->Wb/Wb->Wa rate constants ratios:
      Wb\Wa     REACS
      REACS         1
      W->P/P->W rate constants ratios:
        P\W     REACS
      PRODS       1.1
   MasterEquation::direct_diagonalization_method:  done, cpu time[sec] = 0.18, elapsed time[sec] = 0
   MasterEquation::direct_diagonalization_method:  starts
      Pressure = 1 atm	 Temperature = 2100 K
      collision frequency = 1.32503e+09 1/sec
      global relaxation matrix dimension = 219
      setting global matrices ... done, cpu time[sec] = 0.03, elapsed time[sec] = 0
      diagonalizing global relaxation matrix ... done, cpu time[sec] = 0.13, elapsed time[sec] = 0
      minimal relaxation eigenvalue / collision frequency = 0.053785
      maximal relaxation eigenvalue / collision frequency = 3063.25
      microscopic rate coefficients (at reference energy) over collision frequency:
       REACS->PRODS
            3062.44
      eigenvector populations normalized:
          L        *R        *P     REACS
          0     0.052    0.0679         1
         *R - eigenvalue over the relaxation limit
         *P - eigenvector projection squared on the relaxation subspace
      eigenvector projections:
          L        *Q        *P     REACS
          0    0.0028    0.0679    -0.965
         *Z       ---       ---  3.46e+19
         *Q - eigenvalue over the collision frequency
         *P - eigenvector projection squared on the relaxation subspace
         *Z - well partition function square root
      isomers-to-bimolecular equilibrium coefficients (kappa matrix):
        W\P    PRODS
      REACS    0.068
      projection error = 0.068
      Wa->Wb/Wb->Wa rate constants ratios:
      Wb\Wa     REACS
      REACS         1
      W->P/P->W rate constants ratios:
        P\W     REACS
      PRODS       1.1
   MasterEquation::direct_diagonalization_method:  done, cpu time[sec] = 0.17, elapsed time[sec] = 0
   MasterEquation::direct_diagonalization_method:  starts
      Pressure = 10 atm	 Temperature = 2100 K
      collision frequency = 1.32503e+10 1/sec
      global relaxation matrix dimension = 219
      setting global matrices ... done, cpu time[sec] = 0.04, elapsed time[sec] = 0
      diagonalizing global relaxation matrix ... done, cpu time[sec] = 0.13, elapsed time[sec] = 0
      minimal relaxation eigenvalue / collision frequency = 0.0437248
      maximal relaxation eigenvalue / collision frequency = 307.053
      microscopic rate coefficients (at reference energy) over collision frequency:
       REACS->PRODS
            306.244
      eigenvector populations normalized:
          L        *R        *P     REACS
          0    0.0315    0.0302         1
         *R - eigenvalue over the relaxation limit
         *P - eigenvector projection squared on the relaxation subspace
      eigenvector projections:
          L        *Q        *P     REACS
          0   0.00138    0.0302    -0.985
         *Z       ---       ---  3.46e+19
         *Q - eigenvalue over the collision frequency
         *P - eigenvector projection squared on the relaxation subspace
         *Z - well partition function square root
      isomers-to-bimolecular equilibrium coefficients (kappa matrix):
        W\P    PRODS
      REACS        0
      projection error = 0.03
      Wa->Wb/Wb->Wa rate constants ratios:
      Wb\Wa     REACS
      REACS         1
      W->P/P->W rate constants ratios:
        P\W     REACS
      PRODS         1
   MasterEquation::direct_diagonalization_method:  done, cpu time[sec] = 0.2, elapsed time[sec] = 0
   MasterEquation::direct_diagonalization_method:  starts
      Pressure = 1000 atm	 Temperature = 2100 K
      collision frequency = 1.32503e+12 1/sec
      global relaxation matrix dimension = 219
      setting global matrices ... done, cpu time[sec] = 0.04, elapsed time[sec] = 0
      diagonalizing global relaxation matrix ... done, cpu time[sec] = 0.13, elapsed time[sec] = 0
      minimal relaxation eigenvalue / collision frequency = 0.0301076
      maximal relaxation eigenvalue / collision frequency = 3.96954
      microscopic rate coefficients (at reference energy) over collision frequency:
       REACS->PRODS
            3.06244
      eigenvector populations normalized:
          L        *R        *P     REACS
          0   0.00512   0.00185         1
         *R - eigenvalue over the relaxation limit
         *P - eigenvector projection squared on the relaxation subspace
      eigenvector projections:
          L        *Q        *P     REACS
          0  0.000154   0.00185     0.999
         *Z       ---       ---  3.46e+19
         *Q - eigenvalue over the collision frequency
         *P - eigenvector projection squared on the relaxation subspace
         *Z - well partition function square root
      isomers-to-bimolecular equilibrium coefficients (kappa matrix):
        W\P    PRODS
      REACS        0
      projection error = 0.0018
      Wa->Wb/Wb->Wa rate constants ratios:
      Wb\Wa     REACS
      REACS         1
      W->P/P->W rate constants ratios:
        P\W     REACS
      PRODS         1
   MasterEquation::direct_diagonalization_method:  done, cpu time[sec] = 0.19, elapsed time[sec] = 0
   MasterEquation::set:  starts
      Temperature      = 2200 K
      Collision rate   = 3.85434e-10cm^3/sec
      Energy reference = 72790 1/cm
      Energy step      = 306 1/cm
      setting wells, barriers, and bimolecular starts
         REACS Well: density of states done, elapsed time[sec] = 0
         REACS Well: cannot satisfy the constant collision frequency at energy = 7000 1/cm, truncating the well
         REACS Well: cannot satisfy the constant collision frequency at energy = 7306 1/cm, truncating the well
         REACS Well: collisional energy transfer kernel done, elapsed time[sec] = 0.08
         REACS Well: relaxation modes basis done, elapsed time[sec] = 0.03
         REACS Well: kernel in relaxation modes basis done, elapsed time[sec] = 0.14
         REACS Well: relaxation eigenvalues done, elapsed time[sec] = 0.04
         REACS Well: minimal relaxation eigenvalue = 0.0245776
         REACS Well: maximal relaxation eigenvalue = 1.01088
         REACS Well:       grid size = 214
         REACS Well:      real depth = 0 1/cm
         REACS Well: effective depth = 7305 1/cm
         TS Barrier:        grid size = 150
         TS Barrier:      real height = 26917 1/cm
         TS Barrier: effective height = 26890 1/cm
      setting wells, barriers, and bimolecular done, cpu time[sec] = 0.3, elapsed time[sec] = 0
      Bound Species (D1/D2 - density of states at dissociation energy (DE)/reference energy):
       Name  Depth     DE      *D1      *D2
              1/cm   1/cm       cm       cm
      REACS   7306  26890 7.66e+18 4.54e+27
      Well-to-Bimolecular Barriers (N - number of states at the reference energy):
       Name Height       *N
              1/cm         
         TS  26890 8.77e+29
      Effective equilibrium constants(bimolecular units - cm^3):
        Q/Q     REACS     PRODS
      REACS         1   5.2e-17
      PRODS  1.92e+16         1
      Real equilibrium constants(bimolecular units - cm^3):
        Q/Q     REACS     PRODS
      REACS         1  7.27e-20
      PRODS  1.38e+19         1
   MasterEquation::set:  done, cpu time[sec] = 0.3, elapsed time[sec] = 0
   MasterEquation::direct_diagonalization_method:  starts
      Pressure = 0.1 atm	 Temperature = 2200 K
      collision frequency = 1.28564e+08 1/sec
      global relaxation matrix dimension = 214
      setting global matrices ... done, cpu time[sec] = 0.04, elapsed time[sec] = 0
      diagonalizing global relaxation matrix ... done, cpu time[sec] = 0.12, elapsed time[sec] = 0
      minimal relaxation eigenvalue / collision frequency = 0.0760453
      maximal relaxation eigenvalue / collision frequency = 45054.6
      microscopic rate coefficients (at reference energy) over collision frequency:
       REACS->PRODS
            45053.8
      eigenvector populations normalized:
          L        *R        *P     REACS
          0    0.0951     0.179         1
         *R - eigenvalue over the relaxation limit
         *P - eigenvector projection squared on the relaxation subspace
      eigenvector projections:
          L        *Q        *P     REACS
          0   0.00723     0.179    -0.906
         *Z       ---       ---  3.42e+19
         *Q - eigenvalue over the collision frequency
         *P - eigenvector projection squared on the relaxation subspace
         *Z - well partition function square root
      isomers-to-bimolecular equilibrium coefficients (kappa matrix):
        W\P    PRODS
      REACS     0.18
      projection error = 0.18
      Wa->Wb/Wb->Wa rate constants ratios:
      Wb\Wa     REACS
      REACS         1
      W->P/P->W rate constants ratios:
        P\W     REACS
      PRODS       1.2
   MasterEquation::direct_diagonalization_method:  done, cpu time[sec] = 0.17, elapsed time[sec] = 0
   MasterEquation::direct_diagonalization_method:  starts
      Pressure = 1 atm	 Temperature = 2200 K
      collision frequency = 1.28564e+09 1/sec
      global relaxation matrix dimension = 214
      setting global matrices ... done, cpu time[sec] = 0.03, elapsed time[sec] = 0
      diagonalizing global relaxation matrix ... done, cpu time[sec] = 0.14, elapsed time[sec] = 0
      minimal relaxation eigenvalue / collision frequency = 0.061904
      maximal relaxation eigenvalue / collision frequency = 4506.18
      microscopic rate coefficients (at reference energy) over collision frequency:
       REACS->PRODS
            4505.38
      eigenvector populations normalized:
          L        *R        *P     REACS
          0    0.0709     0.109         1
         *R - eigenvalue over the relaxation limit
         *P - eigenvector projection squared on the relaxation subspace
      eigenvector projections:
          L        *Q        *P     REACS
          0   0.00439     0.109    -0.944
         *Z       ---       ---  3.42e+19
         *Q - eigenvalue over the collision frequency
         *P - eigenvector projection squared on the relaxation subspace
         *Z - well partition function square root
      isomers-to-bimolecular equilibrium coefficients (kappa matrix):
        W\P    PRODS
      REACS     0.11
      projection error = 0.11
      Wa->Wb/Wb->Wa rate constants ratios:
      Wb\Wa     REACS
      REACS         1
      W->P/P->W rate constants ratios:
        P\W     REACS
      PRODS       1.1
   MasterEquation::direct_diagonalization_method:  done, cpu time[sec] = 0.18, elapsed time[sec] = 1
   MasterEquation::direct_diagonalization_method:  starts
      Pressure = 10 atm	 Temperature = 2200 K
      collision frequency = 1.28564e+10 1/sec
      global relaxation matrix dimension = 214
      setting global matrices ... done, cpu time[sec] = 0.03, elapsed time[sec] = 0
      diagonalizing global relaxation matrix ... done, cpu time[sec] = 0.12, elapsed time[sec] = 0
      minimal relaxation eigenvalue / collision frequency = 0.0494978
      maximal relaxation eigenvalue / collision frequency = 451.344
      microscopic rate coefficients (at reference energy) over collision frequency:
       REACS->PRODS
            450.538
      eigenvector populations normalized:
          L        *R        *P     REACS
          0    0.0465    0.0542         1
         *R - eigenvalue over the relaxation limit
         *P - eigenvector projection squared on the relaxation subspace
      eigenvector projections:
          L        *Q        *P     REACS
          0    0.0023    0.0542    -0.973
         *Z       ---       ---  3.42e+19
         *Q - eigenvalue over the collision frequency
         *P - eigenvector projection squared on the relaxation subspace
         *Z - well partition function square root
      isomers-to-bimolecular equilibrium coefficients (kappa matrix):
        W\P    PRODS
      REACS    0.054
      projection error = 0.054
      Wa->Wb/Wb->Wa rate constants ratios:
      Wb\Wa     REACS
      REACS         1
      W->P/P->W rate constants ratios:
        P\W     REACS
      PRODS       1.1
   MasterEquation::direct_diagonalization_method:  done, cpu time[sec] = 0.16, elapsed time[sec] = 0
   MasterEquation::direct_diagonalization_method:  starts
      Pressure = 1000 atm	 Temperature = 2200 K
      collision frequency = 1.28564e+12 1/sec
      global relaxation matrix dimension = 214
      setting global matrices ... done, cpu time[sec] = 0.03, elapsed time[sec] = 0
      diagonalizing global relaxation matrix ... done, cpu time[sec] = 0.14, elapsed time[sec] = 0
      minimal relaxation eigenvalue / collision frequency = 0.0320506
      maximal relaxation eigenvalue / collision frequency = 5.39623
      microscopic rate coefficients (at reference energy) over collision frequency:
       REACS->PRODS
            4.50538
      eigenvector populations normalized:
          L        *R        *P     REACS
          0   0.00978   0.00455         1
         *R - eigenvalue over the relaxation limit
         *P - eigenvector projection squared on the relaxation subspace
      eigenvector projections:
          L        *Q        *P     REACS
          0  0.000313   0.00455     0.998
         *Z       ---       ---  3.42e+19
         *Q - eigenvalue over the collision frequency
         *P - eigenvector projection squared on the relaxation subspace
         *Z - well partition function square root
      isomers-to-bimolecular equilibrium coefficients (kappa matrix):
        W\P    PRODS
      REACS        0
      projection error = 0.0046
      Wa->Wb/Wb->Wa rate constants ratios:
      Wb\Wa     REACS
      REACS         1
      W->P/P->W rate constants ratios:
        P\W     REACS
      PRODS         1
   MasterEquation::direct_diagonalization_method:  done, cpu time[sec] = 0.18, elapsed time[sec] = 0
   MasterEquation::set:  starts
      Temperature      = 2300 K
      Collision rate   = 3.91499e-10cm^3/sec
      Energy reference = 74875 1/cm
      Energy step      = 320 1/cm
      setting wells, barriers, and bimolecular starts
         REACS Well: density of states done, elapsed time[sec] = 0
         REACS Well: cannot satisfy the constant collision frequency at energy = 7355 1/cm, truncating the well
         REACS Well: cannot satisfy the constant collision frequency at energy = 7675 1/cm, truncating the well
         REACS Well: cannot satisfy the constant collision frequency at energy = 7995 1/cm, truncating the well
         REACS Well: collisional energy transfer kernel done, elapsed time[sec] = 0.11
         REACS Well: relaxation modes basis done, elapsed time[sec] = 0.02
         REACS Well: kernel in relaxation modes basis done, elapsed time[sec] = 0.13
         REACS Well: relaxation eigenvalues done, elapsed time[sec] = 0.04
         REACS Well: minimal relaxation eigenvalue = 0.0241888
         REACS Well: maximal relaxation eigenvalue = 1.00691
         REACS Well:       grid size = 209
         REACS Well:      real depth = 0 1/cm
         REACS Well: effective depth = 7995 1/cm
         TS Barrier:        grid size = 150
         TS Barrier:      real height = 26917 1/cm
         TS Barrier: effective height = 26875 1/cm
      setting wells, barriers, and bimolecular done, cpu time[sec] = 0.31, elapsed time[sec] = 0
      Bound Species (D1/D2 - density of states at dissociation energy (DE)/reference energy):
       Name  Depth     DE      *D1      *D2
              1/cm   1/cm       cm       cm
      REACS   7996  26876 7.59e+18 8.64e+27
      Well-to-Bimolecular Barriers (N - number of states at the reference energy):
       Name Height       *N
              1/cm         
         TS  26876 2.34e+30
      Effective equilibrium constants(bimolecular units - cm^3):
        Q/Q     REACS     PRODS
      REACS         1  2.29e-17
      PRODS  4.37e+16         1
      Real equilibrium constants(bimolecular units - cm^3):
        Q/Q     REACS     PRODS
      REACS         1  3.35e-20
      PRODS  2.99e+19         1
   MasterEquation::set:  done, cpu time[sec] = 0.31, elapsed time[sec] = 0
   MasterEquation::direct_diagonalization_method:  starts
      Pressure = 0.1 atm	 Temperature = 2300 K
      collision frequency = 1.24909e+08 1/sec
      global relaxation matrix dimension = 209
      setting global matrices ... done, cpu time[sec] = 0.03, elapsed time[sec] = 0
      diagonalizing global relaxation matrix ... done, cpu time[sec] = 0.12, elapsed time[sec] = 0
      minimal relaxation eigenvalue / collision frequency = 0.0882272
      maximal relaxation eigenvalue / collision frequency = 64908.9
      microscopic rate coefficients (at reference energy) over collision frequency:
       REACS->PRODS
            64908.1
      eigenvector populations normalized:
          L        *R        *P     REACS
          0     0.117     0.248         1
         *R - eigenvalue over the relaxation limit
         *P - eigenvector projection squared on the relaxation subspace
      eigenvector projections:
          L        *Q        *P     REACS
          0    0.0103     0.248     0.867
         *Z       ---       ---  3.47e+19
         *Q - eigenvalue over the collision frequency
         *P - eigenvector projection squared on the relaxation subspace
         *Z - well partition function square root
      dimension of the chemical subspace = 0
      isomers-to-bimolecular equilibrium coefficients (kappa matrix):
        W\P    PRODS
      REACS        1
   MasterEquation::direct_diagonalization_method:  done, cpu time[sec] = 0.17, elapsed time[sec] = 0
   MasterEquation::direct_diagonalization_method:  starts
      Pressure = 1 atm	 Temperature = 2.3e+03 K
      collision frequency = 1.2e+09 1/sec
      global relaxation matrix dimension = 209
      setting global matrices ... done, cpu time[sec] = 0.04, elapsed time[sec] = 0
      diagonalizing global relaxation matrix ... done, cpu time[sec] = 0.11, elapsed time[sec] = 0
      minimal relaxation eigenvalue / collision frequency = 0.071
      maximal relaxation eigenvalue / collision frequency = 6.5e+03
      microscopic rate coefficients (at reference energy) over collision frequency:
       REACS->PRODS
            6.5e+03
      eigenvector populations normalized:
          L        *R        *P     REACS
          0    0.0912     0.162         1
         *R - eigenvalue over the relaxation limit
         *P - eigenvector projection squared on the relaxation subspace
      eigenvector projections:
          L        *Q        *P     REACS
          0    0.0065     0.162     0.915
         *Z       ---       ---  3.47e+19
         *Q - eigenvalue over the collision frequency
         *P - eigenvector projection squared on the relaxation subspace
         *Z - well partition function square root
      isomers-to-bimolecular equilibrium coefficients (kappa matrix):
        W\P    PRODS
      REACS     0.16
      projection error = 0.16
      Wa->Wb/Wb->Wa rate constants ratios:
      Wb\Wa     REACS
      REACS         1
      W->P/P->W rate constants ratios:
        P\W     REACS
      PRODS       1.2
   MasterEquation::direct_diagonalization_method:  done, cpu time[sec] = 0.17, elapsed time[sec] = 0
   MasterEquation::direct_diagonalization_method:  starts
      Pressure = 10 atm	 Temperature = 2300 K
      collision frequency = 1.24909e+10 1/sec
      global relaxation matrix dimension = 209
      setting global matrices ... done, cpu time[sec] = 0.03, elapsed time[sec] = 0
      diagonalizing global relaxation matrix ... done, cpu time[sec] = 0.12, elapsed time[sec] = 0
      minimal relaxation eigenvalue / collision frequency = 0.0563347
      maximal relaxation eigenvalue / collision frequency = 649.886
      microscopic rate coefficients (at reference energy) over collision frequency:
       REACS->PRODS
            649.081
      eigenvector populations normalized:
          L        *R        *P     REACS
          0    0.0637    0.0881         1
         *R - eigenvalue over the relaxation limit
         *P - eigenvector projection squared on the relaxation subspace
      eigenvector projections:
          L        *Q        *P     REACS
          0   0.00359    0.0881     0.955
         *Z       ---       ---  3.47e+19
         *Q - eigenvalue over the collision frequency
         *P - eigenvector projection squared on the relaxation subspace
         *Z - well partition function square root
      isomers-to-bimolecular equilibrium coefficients (kappa matrix):
        W\P    PRODS
      REACS    0.088
      projection error = 0.088
      Wa->Wb/Wb->Wa rate constants ratios:
      Wb\Wa     REACS
      REACS         1
      W->P/P->W rate constants ratios:
        P\W     REACS
      PRODS       1.1
   MasterEquation::direct_diagonalization_method:  done, cpu time[sec] = 0.17, elapsed time[sec] = 0
   MasterEquation::direct_diagonalization_method:  starts
      Pressure = 1000 atm	 Temperature = 2300 K
      collision frequency = 1.24909e+12 1/sec
      global relaxation matrix dimension = 209
      setting global matrices ... done, cpu time[sec] = 0.03, elapsed time[sec] = 0
      diagonalizing global relaxation matrix ... done, cpu time[sec] = 0.12, elapsed time[sec] = 0
      minimal relaxation eigenvalue / collision frequency = 0.0346138
      maximal relaxation eigenvalue / collision frequency = 7.36569
      microscopic rate coefficients (at reference energy) over collision frequency:
       REACS->PRODS
            6.49081
      eigenvector populations normalized:
          L        *R        *P     REACS
          0    0.0167   0.00984         1
         *R - eigenvalue over the relaxation limit
         *P - eigenvector projection squared on the relaxation subspace
      eigenvector projections:
          L        *Q        *P     REACS
          0  0.000579   0.00984     0.995
         *Z       ---       ---  3.47e+19
         *Q - eigenvalue over the collision frequency
         *P - eigenvector projection squared on the relaxation subspace
         *Z - well partition function square root
      isomers-to-bimolecular equilibrium coefficients (kappa matrix):
        W\P    PRODS
      REACS        0
      projection error = 0.0098
      Wa->Wb/Wb->Wa rate constants ratios:
      Wb\Wa     REACS
      REACS         1
      W->P/P->W rate constants ratios:
        P\W     REACS
      PRODS         1
   MasterEquation::direct_diagonalization_method:  done, cpu time[sec] = 0.17, elapsed time[sec] = 0
   MasterEquation::set:  starts
      Temperature      = 2400 K
      Collision rate   = 3.97395e-10cm^3/sec
      Energy reference = 76960 1/cm
      Energy step      = 334 1/cm
      setting wells, barriers, and bimolecular starts
         REACS Well: density of states done, elapsed time[sec] = 0
         REACS Well: cannot satisfy the constant collision frequency at energy = 7822 1/cm, truncating the well
         REACS Well: cannot satisfy the constant collision frequency at energy = 8156 1/cm, truncating the well
         REACS Well: cannot satisfy the constant collision frequency at energy = 8490 1/cm, truncating the well
         REACS Well: collisional energy transfer kernel done, elapsed time[sec] = 0.1
         REACS Well: relaxation modes basis done, elapsed time[sec] = 0.02
         REACS Well: kernel in relaxation modes basis done, elapsed time[sec] = 0.13
         REACS Well: relaxation eigenvalues done, elapsed time[sec] = 0.04
         REACS Well: minimal relaxation eigenvalue = 0.023847
         REACS Well: maximal relaxation eigenvalue = 1.00984
         REACS Well:       grid size = 205
         REACS Well:      real depth = 0 1/cm
         REACS Well: effective depth = 8490 1/cm
         TS Barrier:        grid size = 150
         TS Barrier:      real height = 26917 1/cm
         TS Barrier: effective height = 26860 1/cm
      setting wells, barriers, and bimolecular done, cpu time[sec] = 0.3, elapsed time[sec] = 0
      Bound Species (D1/D2 - density of states at dissociation energy (DE)/reference energy):
       Name  Depth     DE      *D1      *D2
              1/cm   1/cm       cm       cm
      REACS   8491  26861 7.52e+18 1.62e+28
      Well-to-Bimolecular Barriers (N - number of states at the reference energy):
       Name Height       *N
              1/cm         
         TS  26861 6.03e+30
      Effective equilibrium constants(bimolecular units - cm^3):
        Q/Q     REACS     PRODS
      REACS         1  1.08e-17
      PRODS  9.24e+16         1
      Real equilibrium constants(bimolecular units - cm^3):
        Q/Q     REACS     PRODS
      REACS         1  1.65e-20
      PRODS  6.06e+19         1
   MasterEquation::set:  done, cpu time[sec] = 0.3, elapsed time[sec] = 0
   MasterEquation::direct_diagonalization_method:  starts
      Pressure = 0.1 atm	 Temperature = 2400 K
      collision frequency = 1.21508e+08 1/sec
      global relaxation matrix dimension = 205
      setting global matrices ... done, cpu time[sec] = 0.04, elapsed time[sec] = 0
      diagonalizing global relaxation matrix ... done, cpu time[sec] = 0.13, elapsed time[sec] = 0
      minimal relaxation eigenvalue / collision frequency = 0.102015
      maximal relaxation eigenvalue / collision frequency = 91742.3
      microscopic rate coefficients (at reference energy) over collision frequency:
       REACS->PRODS
            91741.5
      eigenvector populations normalized:
          L        *R        *P     REACS
          0     0.139     0.323         1
         *R - eigenvalue over the relaxation limit
         *P - eigenvector projection squared on the relaxation subspace
      eigenvector projections:
          L        *Q        *P     REACS
          0    0.0142     0.323     0.823
         *Z       ---       ---   3.6e+19
         *Q - eigenvalue over the collision frequency
         *P - eigenvector projection squared on the relaxation subspace
         *Z - well partition function square root
      dimension of the chemical subspace = 0
      isomers-to-bimolecular equilibrium coefficients (kappa matrix):
        W\P    PRODS
      REACS        1
   MasterEquation::direct_diagonalization_method:  done, cpu time[sec] = 0.18, elapsed time[sec] = 0
   MasterEquation::direct_diagonalization_method:  starts
      Pressure = 1 atm	 Temperature = 2.4e+03 K
      collision frequency = 1.2e+09 1/sec
      global relaxation matrix dimension = 205
      setting global matrices ... done, cpu time[sec] = 0.03, elapsed time[sec] = 0
      diagonalizing global relaxation matrix ... done, cpu time[sec] = 0.11, elapsed time[sec] = 0
      minimal relaxation eigenvalue / collision frequency = 0.082
      maximal relaxation eigenvalue / collision frequency = 9.2e+03
      microscopic rate coefficients (at reference energy) over collision frequency:
       REACS->PRODS
            9.2e+03
      eigenvector populations normalized:
          L        *R        *P     REACS
          0     0.112     0.224         1
         *R - eigenvalue over the relaxation limit
         *P - eigenvector projection squared on the relaxation subspace
      eigenvector projections:
          L        *Q        *P     REACS
          0   0.00919     0.224     0.881
         *Z       ---       ---   3.6e+19
         *Q - eigenvalue over the collision frequency
         *P - eigenvector projection squared on the relaxation subspace
         *Z - well partition function square root
      dimension of the chemical subspace = 0
      isomers-to-bimolecular equilibrium coefficients (kappa matrix):
        W\P    PRODS
      REACS        1
   MasterEquation::direct_diagonalization_method:  done, cpu time[sec] = 0.15, elapsed time[sec] = 0
   MasterEquation::direct_diagonalization_method:  starts
      Pressure = 10 atm	 Temperature = 2.4e+03 K
      collision frequency = 1.2e+10 1/sec
      global relaxation matrix dimension = 205
      setting global matrices ... done, cpu time[sec] = 0.04, elapsed time[sec] = 0
      diagonalizing global relaxation matrix ... done, cpu time[sec] = 0.12, elapsed time[sec] = 0
      minimal relaxation eigenvalue / collision frequency = 0.064
      maximal relaxation eigenvalue / collision frequency = 9.2e+02
      microscopic rate coefficients (at reference energy) over collision frequency:
       REACS->PRODS
            9.2e+02
      eigenvector populations normalized:
          L        *R        *P     REACS
          0    0.0824     0.132         1
         *R - eigenvalue over the relaxation limit
         *P - eigenvector projection squared on the relaxation subspace
      eigenvector projections:
          L        *Q        *P     REACS
          0    0.0053     0.132     0.932
         *Z       ---       ---   3.6e+19
         *Q - eigenvalue over the collision frequency
         *P - eigenvector projection squared on the relaxation subspace
         *Z - well partition function square root
      isomers-to-bimolecular equilibrium coefficients (kappa matrix):
        W\P    PRODS
      REACS     0.13
      projection error = 0.13
      Wa->Wb/Wb->Wa rate constants ratios:
      Wb\Wa     REACS
      REACS         1
      W->P/P->W rate constants ratios:
        P\W     REACS
      PRODS       1.2
   MasterEquation::direct_diagonalization_method:  done, cpu time[sec] = 0.17, elapsed time[sec] = 0
   MasterEquation::direct_diagonalization_method:  starts
      Pressure = 1000 atm	 Temperature = 2400 K
      collision frequency = 1.21508e+12 1/sec
      global relaxation matrix dimension = 205
      setting global matrices ... done, cpu time[sec] = 0.03, elapsed time[sec] = 0
      diagonalizing global relaxation matrix ... done, cpu time[sec] = 0.11, elapsed time[sec] = 0
      minimal relaxation eigenvalue / collision frequency = 0.0378299
      maximal relaxation eigenvalue / collision frequency = 10.0344
      microscopic rate coefficients (at reference energy) over collision frequency:
       REACS->PRODS
            9.17415
      eigenvector populations normalized:
          L        *R        *P     REACS
          0    0.0261     0.019         1
         *R - eigenvalue over the relaxation limit
         *P - eigenvector projection squared on the relaxation subspace
      eigenvector projections:
          L        *Q        *P     REACS
          0  0.000988     0.019      0.99
         *Z       ---       ---   3.6e+19
         *Q - eigenvalue over the collision frequency
         *P - eigenvector projection squared on the relaxation subspace
         *Z - well partition function square root
      isomers-to-bimolecular equilibrium coefficients (kappa matrix):
        W\P    PRODS
      REACS        0
      projection error = 0.019
      Wa->Wb/Wb->Wa rate constants ratios:
      Wb\Wa     REACS
      REACS         1
      W->P/P->W rate constants ratios:
        P\W     REACS
      PRODS         1
   MasterEquation::direct_diagonalization_method:  done, cpu time[sec] = 0.17, elapsed time[sec] = 0
   MasterEquation::set:  starts
      Temperature      = 2500 K
      Collision rate   = 4.03135e-10cm^3/sec
      Energy reference = 79045 1/cm
      Energy step      = 348 1/cm
      setting wells, barriers, and bimolecular starts
         REACS Well: density of states done, elapsed time[sec] = 0
         REACS Well: cannot satisfy the constant collision frequency at energy = 8401 1/cm, truncating the well
         REACS Well: cannot satisfy the constant collision frequency at energy = 8749 1/cm, truncating the well
         REACS Well: cannot satisfy the constant collision frequency at energy = 9097 1/cm, truncating the well
         REACS Well: collisional energy transfer kernel done, elapsed time[sec] = 0.11
         REACS Well: relaxation modes basis done, elapsed time[sec] = 0.02
         REACS Well: kernel in relaxation modes basis done, elapsed time[sec] = 0.12
         REACS Well: relaxation eigenvalues done, elapsed time[sec] = 0.04
         REACS Well: minimal relaxation eigenvalue = 0.023544
         REACS Well: maximal relaxation eigenvalue = 1.00947
         REACS Well:       grid size = 201
         REACS Well:      real depth = 0 1/cm
         REACS Well: effective depth = 9096 1/cm
         TS Barrier:        grid size = 150
         TS Barrier:      real height = 26917 1/cm
         TS Barrier: effective height = 26844 1/cm
      setting wells, barriers, and bimolecular done, cpu time[sec] = 0.29, elapsed time[sec] = 0
      Bound Species (D1/D2 - density of states at dissociation energy (DE)/reference energy):
       Name  Depth     DE      *D1      *D2
              1/cm   1/cm       cm       cm
      REACS   9097  26845 7.44e+18    3e+28
      Well-to-Bimolecular Barriers (N - number of states at the reference energy):
       Name Height       *N
              1/cm         
         TS  26845 1.51e+31
      Effective equilibrium constants(bimolecular units - cm^3):
        Q/Q     REACS     PRODS
      REACS         1  5.44e-18
      PRODS  1.84e+17         1
      Real equilibrium constants(bimolecular units - cm^3):
        Q/Q     REACS     PRODS
      REACS         1  8.65e-21
      PRODS  1.16e+20         1
   MasterEquation::set:  done, cpu time[sec] = 0.29, elapsed time[sec] = 0
   MasterEquation::direct_diagonalization_method:  starts
      Pressure = 0.1 atm	 Temperature = 2500 K
      collision frequency = 1.18332e+08 1/sec
      global relaxation matrix dimension = 201
      setting global matrices ... done, cpu time[sec] = 0.03, elapsed time[sec] = 0
      diagonalizing global relaxation matrix ... done, cpu time[sec] = 0.11, elapsed time[sec] = 0
      minimal relaxation eigenvalue / collision frequency = 0.117454
      maximal relaxation eigenvalue / collision frequency = 127419
      microscopic rate coefficients (at reference energy) over collision frequency:
       REACS->PRODS
             127419
      eigenvector populations normalized:
          L        *R        *P     REACS
          0      0.16     0.402         1
         *R - eigenvalue over the relaxation limit
         *P - eigenvector projection squared on the relaxation subspace
      eigenvector projections:
          L        *Q        *P     REACS
          0    0.0188     0.402     0.773
         *Z       ---       ---  3.81e+19
         *Q - eigenvalue over the collision frequency
         *P - eigenvector projection squared on the relaxation subspace
         *Z - well partition function square root
      dimension of the chemical subspace = 0
      isomers-to-bimolecular equilibrium coefficients (kappa matrix):
        W\P    PRODS
      REACS        1
   MasterEquation::direct_diagonalization_method:  done, cpu time[sec] = 0.15, elapsed time[sec] = 0
   MasterEquation::direct_diagonalization_method:  starts
      Pressure = 1 atm	 Temperature = 2.5e+03 K
      collision frequency = 1.2e+09 1/sec
      global relaxation matrix dimension = 201
      setting global matrices ... done, cpu time[sec] = 0.03, elapsed time[sec] = 0
      diagonalizing global relaxation matrix ... done, cpu time[sec] = 0.1, elapsed time[sec] = 0
      minimal relaxation eigenvalue / collision frequency = 0.094
      maximal relaxation eigenvalue / collision frequency = 1.3e+04
      microscopic rate coefficients (at reference energy) over collision frequency:
       REACS->PRODS
            1.3e+04
      eigenvector populations normalized:
          L        *R        *P     REACS
          0     0.133     0.293         1
         *R - eigenvalue over the relaxation limit
         *P - eigenvector projection squared on the relaxation subspace
      eigenvector projections:
          L        *Q        *P     REACS
          0    0.0125     0.293    -0.841
         *Z       ---       ---  3.81e+19
         *Q - eigenvalue over the collision frequency
         *P - eigenvector projection squared on the relaxation subspace
         *Z - well partition function square root
      dimension of the chemical subspace = 0
      isomers-to-bimolecular equilibrium coefficients (kappa matrix):
        W\P    PRODS
      REACS        1
   MasterEquation::direct_diagonalization_method:  done, cpu time[sec] = 0.15, elapsed time[sec] = 0
   MasterEquation::direct_diagonalization_method:  starts
      Pressure = 10 atm	 Temperature = 2.5e+03 K
      collision frequency = 1.2e+10 1/sec
      global relaxation matrix dimension = 201
      setting global matrices ... done, cpu time[sec] = 0.03, elapsed time[sec] = 0
      diagonalizing global relaxation matrix ... done, cpu time[sec] = 0.1, elapsed time[sec] = 0
      minimal relaxation eigenvalue / collision frequency = 0.073
      maximal relaxation eigenvalue / collision frequency = 1.3e+03
      microscopic rate coefficients (at reference energy) over collision frequency:
       REACS->PRODS
            1.3e+03
      eigenvector populations normalized:
          L        *R        *P     REACS
          0     0.102     0.185         1
         *R - eigenvalue over the relaxation limit
         *P - eigenvector projection squared on the relaxation subspace
      eigenvector projections:
          L        *Q        *P     REACS
          0   0.00747     0.185    -0.903
         *Z       ---       ---  3.81e+19
         *Q - eigenvalue over the collision frequency
         *P - eigenvector projection squared on the relaxation subspace
         *Z - well partition function square root
      isomers-to-bimolecular equilibrium coefficients (kappa matrix):
        W\P    PRODS
      REACS     0.18
      projection error = 0.18
      Wa->Wb/Wb->Wa rate constants ratios:
      Wb\Wa     REACS
      REACS         1
      W->P/P->W rate constants ratios:
        P\W     REACS
      PRODS       1.2
   MasterEquation::direct_diagonalization_method:  done, cpu time[sec] = 0.15, elapsed time[sec] = 0
   MasterEquation::direct_diagonalization_method:  starts
      Pressure = 1000 atm	 Temperature = 2500 K
      collision frequency = 1.18332e+12 1/sec
      global relaxation matrix dimension = 201
      setting global matrices ... done, cpu time[sec] = 0.03, elapsed time[sec] = 0
      diagonalizing global relaxation matrix ... done, cpu time[sec] = 0.11, elapsed time[sec] = 0
      minimal relaxation eigenvalue / collision frequency = 0.0417084
      maximal relaxation eigenvalue / collision frequency = 13.5893
      microscopic rate coefficients (at reference energy) over collision frequency:
       REACS->PRODS
            12.7419
      eigenvector populations normalized:
          L        *R        *P     REACS
          0    0.0378    0.0332         1
         *R - eigenvalue over the relaxation limit
         *P - eigenvector projection squared on the relaxation subspace
      eigenvector projections:
          L        *Q        *P     REACS
          0   0.00158    0.0332    -0.983
         *Z       ---       ---  3.81e+19
         *Q - eigenvalue over the collision frequency
         *P - eigenvector projection squared on the relaxation subspace
         *Z - well partition function square root
      isomers-to-bimolecular equilibrium coefficients (kappa matrix):
        W\P    PRODS
      REACS        0
      projection error = 0.033
      Wa->Wb/Wb->Wa rate constants ratios:
      Wb\Wa     REACS
      REACS         1
      W->P/P->W rate constants ratios:
        P\W     REACS
      PRODS         1
   MasterEquation::direct_diagonalization_method:  done, cpu time[sec] = 0.15, elapsed time[sec] = 0
rate calculation done, cpu time[sec] = 134.46, elapsed time[sec] = 9
