Model::init:  starts
   Model::ExponentialKernel::ExponentialKernel:  ... done
   Model::LennardJonesCollision::LennardJonesCollision:  ... done
   WELL: REACS
   Model::RRHO::RRHO:  starts
      Model::RigidRotor::RigidRotor:  starts
         molecular geometry will be used to estimate rotational constants
         rotational configuration: nonlinear
         rotational constants[1/cm]:        0.878137        0.12634       0.118562
      Model::RigidRotor::RigidRotor:  done, cpu time[sec] = 0.01, elapsed time[sec] = 0
      1-th ROTOR:
      Model::HinderedRotor::HinderedRotor:  starts
         Model::HinderedRotor::_read:  starts
            Fourier Expansion Coefficients(kcal/mol):
              0            1.3
              1    3.62848e-16
              2       -1.32333
              3     -0.0057735
              4           0.02
              5     3.7181e-16
              6     0.00333333
         Model::HinderedRotor::_read:  done, cpu time[sec] = 0, elapsed time[sec] = 0
         effective rotational constant[1/cm]  = 6.24022
         analytic  frequency at minimum[1/cm] = 218.376
         numerical frequency at minimum[1/cm] = 218.376
         minimum energy[kcal/mol]             = -4.92885e-05
         maximum energy[kcal/mol]             = 2.64005
         maximum frequency[1/cm]              = 218.459
         maximum imaginary frequency[1/cm]    = 232.344
         ground energy [kcal/mol]             = 0.305002
         highest energy level [kcal/mol]      = 371.261
         number of levels                     = 97
         10 lowest excited states [kcal/mol] relative to the ground: 0.593 1.15 1.66 2.05 2.58 2.65 3.65 3.65 5.07
         Statistical Weight (*** - deep tunneling regime):
          T, K        Quantum      Classical  Semiclassical  ***
           100        1.05381        1.49915        1.04574
           200        1.30456        1.42117        1.30303
           300        1.63933        1.69641         1.6388
           400        2.00891        2.04322        2.00867
           500        2.39048        2.41332        2.39036
           600        2.77157        2.78776         2.7715
           700        3.14554        3.15763        3.14558
           800        3.50941        3.51866        3.50942
           900        3.86169        3.86896        3.86169
          1000        4.20198        4.20789        4.20204
      Model::HinderedRotor::HinderedRotor:  done, cpu time[sec] = 0.02, elapsed time[sec] = 0
      2-th ROTOR:
      Model::HinderedRotor::HinderedRotor:  starts
         Model::HinderedRotor::_read:  starts
            Fourier Expansion Coefficients(kcal/mol):
              0          2.006
              1      0.0240656
              2      -0.431276
              3     -0.0607086
              4       0.339452
              5      0.0330657
              6       -2.03038
              7     -0.0596188
              8      0.0768222
              9          0.028
             10          0.018
             11     0.00597612
             12      0.0230482
             13    3.20981e-06
             14   -0.000517882
             15     -0.0013596
             16   -0.000322173
             17     0.00100325
             18   -0.000829526
             19   -2.19509e-15
             20    6.80339e-18
         Model::HinderedRotor::_read:  done, cpu time[sec] = 0, elapsed time[sec] = 0
         effective rotational constant[1/cm]  = 1.7071
         analytic  frequency at minimum[1/cm] = 154.084
         numerical frequency at minimum[1/cm] = 154.081
         minimum energy[kcal/mol]             = -0.0306686
         maximum energy[kcal/mol]             = 4.89837
         maximum frequency[1/cm]              = 154.395
         maximum imaginary frequency[1/cm]    = 161.802
         ground energy [kcal/mol]             = 0.186746
         highest energy level [kcal/mol]      = 11.5874
         number of levels                     = 89
         10 lowest excited states [kcal/mol] relative to the ground: 0.00188 0.00778 0.375 0.412 0.429 0.738 0.805 0.846 1.09
         Statistical Weight (*** - deep tunneling regime):
          T, K        Quantum      Classical  Semiclassical  ***
           100        3.41154        4.02052        3.40741
           200        4.73506        4.92771        4.73445
           300        6.25305         6.3582        6.25295
           400        7.88117        7.94995         7.8812
           500        9.58782        9.63699        9.58796
           600        11.3444        11.3815        11.3447
           700        13.1245        13.1547         13.126
           800        14.9072         14.935        14.9121
           900         16.676         16.707        16.6884
          1000        18.4188        18.4601        18.4446
      Model::HinderedRotor::HinderedRotor:  done, cpu time[sec] = 0.02, elapsed time[sec] = 0
      3-th ROTOR:
      Model::HinderedRotor::HinderedRotor:  starts
         Model::HinderedRotor::_read:  starts
            Fourier Expansion Coefficients(kcal/mol):
              0       0.621667
              1      0.0337639
              2      0.0194936
              3      0.0707254
              4     -0.0441667
              5          -0.01
              6      -0.576667
              7     -0.0476314
              8     -0.0241667
              9    -0.00376388
             10     0.00217308
             11   -8.36319e-16
             12     0.00166667
         Model::HinderedRotor::_read:  done, cpu time[sec] = 0, elapsed time[sec] = 0
         effective rotational constant[1/cm]  = 22.1957
         analytic  frequency at minimum[1/cm] = 296.329
         numerical frequency at minimum[1/cm] = 296.325
         minimum energy[kcal/mol]             = -0.000361184
         maximum energy[kcal/mol]             = 1.38017
         maximum frequency[1/cm]              = 298.449
         maximum imaginary frequency[1/cm]    = 319.775
         ground energy [kcal/mol]             = 0.379084
         highest energy level [kcal/mol]      = 146.838
         number of levels                     = 97
         10 lowest excited states [kcal/mol] relative to the ground: 0.00607 0.0852 0.587 0.627 0.764 0.984 1.3 1.33 1.86
         Statistical Weight (*** - deep tunneling regime):
          T, K        Quantum      Classical  Semiclassical  ***
           100        2.74749        4.31312        2.64186
           200         3.5533        3.88958        3.53654
           300        4.39599        4.53482        4.39101
           400        5.19424        5.26755         5.1922
           500        5.93468        5.97902        5.93371
           600        6.62128        6.65054        6.62078
           700        7.26103        7.28156        7.26077
           800        7.86062        7.87569        7.86049
           900        8.42572        8.43718        8.42566
          1000        8.96101        8.96996        8.96099
      Model::HinderedRotor::HinderedRotor:  done, cpu time[sec] = 0.02, elapsed time[sec] = 0
      interpolating states number/density starts
         core state contribution ... done, cpu time[sec] = 0.01, elapsed time[sec] = 0
         vibrational modes contribution ... done, cpu time[sec] = 0.05, elapsed time[sec] = 0
         hindered rotors contribution starts
            Model::HinderedRotor::set:  starts
               hamiltonian size                = 101
               ground energy [kcal/mol]        = 0.305002
               highest level energy [kcal/mol] = 386.532
               number of levels                = 99
            Model::HinderedRotor::set:  done, cpu time[sec] = 0.01, elapsed time[sec] = 0
            Model::HinderedRotor::set:  starts
               hamiltonian size                = 575
               ground energy [kcal/mol]        = 0.186746
               highest level energy [kcal/mol] = 401.175
               number of levels                = 573
            Model::HinderedRotor::set:  done, cpu time[sec] = 2.01, elapsed time[sec] = 0
            Model::HinderedRotor::set:  starts
               hamiltonian size                = 161
               ground energy [kcal/mol]        = 0.379084
               highest level energy [kcal/mol] = 396.299
               number of levels                = 159
            Model::HinderedRotor::set:  done, cpu time[sec] = 0.1, elapsed time[sec] = 0
         hindered rotors contribution done, cpu time[sec] = 3.87, elapsed time[sec] = 0
         effective power exponent at 399.998 kcal/mol = 25.0328
      interpolating states number/density done, cpu time[sec] = 4.23, elapsed time[sec] = 0
   Model::RRHO::RRHO:  done, cpu time[sec] = 4.3, elapsed time[sec] = 0
   BIMOLECULAR: PRODS
   Model::Bimolecular::Bimolecular:  starts
      Model::RRHO::RRHO:  starts
         Model::RigidRotor::RigidRotor:  starts
            molecular geometry will be used to estimate rotational constants
            rotational configuration: nonlinear
            rotational constants[1/cm]:         6.49782        1.00826        0.87981
         Model::RigidRotor::RigidRotor:  done, cpu time[sec] = 0, elapsed time[sec] = 0
         1-th ROTOR:
         Model::HinderedRotor::HinderedRotor:  starts
            Model::HinderedRotor::_read:  starts
               Fourier Expansion Coefficients(kcal/mol):
                 0        1.18375
                 1       -1.16395
                 2        -1.2493
                 3         0.8625
                 4           0.05
                 5      -0.168948
                 6       0.154303
                 7    1.39304e-16
                 8       -0.13875
            Model::HinderedRotor::_read:  done, cpu time[sec] = 0, elapsed time[sec] = 0
            effective rotational constant[1/cm]  = 31.7378
            analytic  frequency at minimum[1/cm] = 411.412
            numerical frequency at minimum[1/cm] = 411.404
            minimum energy[kcal/mol]             = -0.000769831
            maximum energy[kcal/mol]             = 4.12193
            maximum frequency[1/cm]              = 615.775
            maximum imaginary frequency[1/cm]    = 915.47
            ground energy [kcal/mol]             = 0.301783
            highest energy level [kcal/mol]      = 837.462
            number of levels                     = 97
            10 lowest excited states [kcal/mol] relative to the ground: 0.502 1.3 2.14 2.9 4.2 4.49 6.77 6.8 10
            Statistical Weight (*** - deep tunneling regime):
             T, K        Quantum      Classical  Semiclassical  ***
              100        1.08147        1.71172         2.0693  ***
              200         1.3263        1.53971        1.34173  ***
              300        1.58084        1.70373        1.58318
              400        1.82954        1.91339        1.82963
              500        2.07124        2.13316        2.07089
              600        2.30601        2.35369        2.30549
              700        2.53348        2.57141        2.53308
              800        2.75402        2.78472        2.75361
              900        2.96751         2.9929        2.96721
             1000        3.17442        3.19563        3.17413
         Model::HinderedRotor::HinderedRotor:  done, cpu time[sec] = 0.06, elapsed time[sec] = 0
      Model::RRHO::RRHO:  done, cpu time[sec] = 0.06, elapsed time[sec] = 0
      Model::RRHO::RRHO:  starts
         Model::RigidRotor::RigidRotor:  starts
            molecular geometry will be used to estimate rotational constants
            rotational configuration: nonlinear
            rotational constants[1/cm]:         3.47442       0.764503        0.70828
         Model::RigidRotor::RigidRotor:  done, cpu time[sec] = 0, elapsed time[sec] = 0
         1-th ROTOR:
         Model::HinderedRotor::HinderedRotor:  starts
            Model::HinderedRotor::_read:  starts
               Fourier Expansion Coefficients(kcal/mol):
                 0         0.0275
                 1         -0.005
                 2          -0.03
                 3   -6.12323e-19
                 4         0.0025
            Model::HinderedRotor::_read:  done, cpu time[sec] = 0.01, elapsed time[sec] = 0
            effective rotational constant[1/cm]  = 15.1392
            analytic  frequency at minimum[1/cm] = 90.4308
            numerical frequency at minimum[1/cm] = 90.4309
            minimum energy[kcal/mol]             = -0.000611106
            maximum energy[kcal/mol]             = 0.0603116
            maximum frequency[1/cm]              = 97.3347
            maximum imaginary frequency[1/cm]    = 123.765
            ground energy [kcal/mol]             = 0.0272031
            highest energy level [kcal/mol]      = 3590.22
            number of levels                     = 97
            10 lowest excited states [kcal/mol] relative to the ground: 1.56 1.56 6.23 6.23 14 14 24.9 24.9 39
            Statistical Weight (*** - deep tunneling regime):
             T, K        Quantum      Classical  Semiclassical  ***
              100        1.00078       0.635726        0.63324
              200        1.03961       0.895789       0.895131
              300        1.14641        1.09649        1.09623
              400        1.28226        1.26592        1.26578
              500        1.42041        1.41526        1.41518
              600        1.55186         1.5503        1.55025
              700        1.67488         1.6745        1.67447
              800        1.79024        1.79012        1.79009
              900        1.89873        1.89871        1.89869
             1000        2.00141        2.00142         2.0014
         Model::HinderedRotor::HinderedRotor:  done, cpu time[sec] = 0.05, elapsed time[sec] = 0
      Model::RRHO::RRHO:  done, cpu time[sec] = 0.05, elapsed time[sec] = 0
   Model::Bimolecular::Bimolecular:  done, cpu time[sec] = 0.11, elapsed time[sec] = 0
   BARRIER: TS
   Model::RRHO::RRHO:  starts
      Model::RigidRotor::RigidRotor:  starts
         molecular geometry will be used to estimate rotational constants
         rotational configuration: nonlinear
         rotational constants[1/cm]:        0.564805      0.0677892      0.0634235
      Model::RigidRotor::RigidRotor:  done, cpu time[sec] = 0.01, elapsed time[sec] = 0
      interpolating states number/density starts
         core state contribution ... done, cpu time[sec] = 0.03, elapsed time[sec] = 0
         vibrational modes contribution ... done, cpu time[sec] = 0.24, elapsed time[sec] = 0
         effective power exponent at 320.529 kcal/mol = 25.7461
      interpolating states number/density done, cpu time[sec] = 0.49, elapsed time[sec] = 0
   Model::RRHO::RRHO:  done, cpu time[sec] = 0.51, elapsed time[sec] = 0
   checking input ... done
   setting connectivity ... done
   checking connectivity ... done
   setting dissociation limit ... done
   setting maximum barrier height ... done
   partition functions (relative to the ground level, units - 1/cm3):
     T\Q        REACS        PROD1        Prod2           TS
     100  3.75703e+30  5.75048e+28  2.79152e+28  6.41071e+31
     200  8.23759e+31  3.05088e+29  3.26956e+29  5.79539e+33
     300  7.83666e+32   1.3029e+30  1.50842e+30  1.39208e+35
     400  5.30711e+33   3.9987e+30  4.98168e+30  1.85452e+36
     500  3.02474e+34  1.02608e+31  1.40228e+31  1.77454e+37
     600  1.54816e+35  2.35154e+31  3.59551e+31  1.36605e+38
     700  7.31022e+35  4.97489e+31  8.64814e+31  8.96103e+38
     800  3.22607e+36  9.90139e+31  1.98095e+32  5.18004e+39
     900  1.34086e+37  1.87652e+32   4.3597e+32  2.69731e+40
    1000  5.27716e+37  3.41507e+32  9.27201e+32    1.285e+41
    1100  1.97498e+38  6.00482e+32  1.91332e+33  5.66625e+41
    1200  7.05351e+38   1.0249e+33  3.84247e+33  2.33353e+42
    1300  2.41132e+39   1.7042e+33  7.52773e+33  9.04004e+42
    1400  7.91193e+39   2.7688e+33  1.44138e+34  3.31365e+43
    1500  2.49773e+40  4.40577e+33  2.70179e+34  1.15489e+44
    1600  7.60329e+40  6.87971e+33  4.96452e+34   3.8429e+44
    1700   2.2363e+41  1.05598e+34  8.95324e+34   1.2252e+45
    1800  6.36704e+41   1.5955e+34  1.58646e+35  3.75429e+45
    1900  1.75782e+42  2.37587e+34  2.76467e+35  1.10867e+46
    2000  4.71339e+42  3.49058e+34  4.74253e+35  3.16284e+46
   partition functions (relative to 0 kcal/mol, units - 1/cm3):
     T\Q        REACS           TS
     100  3.75703e+30 1.34201e-142
     200  8.23759e+31   8.3851e-54
     300  7.83666e+32   1.7808e-23
     400  5.30711e+33  7.05415e-08
     500  3.02474e+34      326.028
     600  1.54816e+35  1.54505e+09
     700  7.31022e+35  1.38373e+14
     800  3.22607e+36  1.01027e+18
     900  1.34086e+37  1.35909e+21
    1000  5.27716e+37  5.50793e+23
    1100  1.97498e+38  9.21048e+25
    1200  7.05351e+38  7.84786e+27
    1300  2.41132e+39  3.94671e+29
    1400  7.91193e+39  1.30213e+31
    1500  2.49773e+40   3.0474e+32
    1600  7.60329e+40  5.36676e+33
    1700   2.2363e+41  7.44367e+34
    1800  6.36704e+41  8.42725e+35
    1900  1.75782e+42  8.01296e+36
    2000  4.71339e+42  6.54816e+37
   tunneling partition function correction factors & high pressure effective energy shifts (D), kcal/mol:
     T\B           TS            D
     100            1           -0
     200            1           -0
     300            1           -0
     400            1           -0
     500            1           -0
     600            1           -0
     700            1           -0
     800            1           -0
     900            1           -0
    1000            1           -0
    1100            1           -0
    1200            1           -0
    1300            1           -0
    1400            1           -0
    1500            1           -0
    1600            1           -0
    1700            1           -0
    1800            1           -0
    1900            1           -0
    2000            1           -0
Model::init:  done, cpu time[sec] = 5.07, elapsed time[sec] = 0
rate calculation starts
   MasterEquation::set:  starts
      Temperature      = 300 K
      Collision rate   = 2.09009e-10cm^3/sec
      Energy reference = 34051 1/cm
      Energy step      = 42 1/cm
      setting wells, barriers, and bimolecular starts
         REACS Well: density of states done, elapsed time[sec] = 0
         REACS Well: collisional energy transfer kernel done, elapsed time[sec] = 0.04
         REACS Well: relaxation modes basis done, elapsed time[sec] = 0.03
         REACS Well: kernel in relaxation modes basis done, elapsed time[sec] = 0.24
         REACS Well: relaxation eigenvalues done, elapsed time[sec] = 0.05
         REACS Well: minimal relaxation eigenvalue = 0.125074
         REACS Well: maximal relaxation eigenvalue = 0.986596
         REACS Well:       grid size = 249
         REACS Well:      real depth = 0 1/cm
         REACS Well: effective depth = 23593 1/cm
         TS Barrier:        grid size = 149
         TS Barrier:      real height = 27795 1/cm
         TS Barrier: effective height = 27793 1/cm
      setting wells, barriers, and bimolecular done, cpu time[sec] = 0.38, elapsed time[sec] = 0
      Bound Species (D1/D2 - density of states at dissociation energy (DE)/reference energy):
       Name  Depth     DE      *D1      *D2
              1/cm   1/cm       cm       cm
      REACS  23593  27793 1.38e+19 5.73e+20
      Well-to-Bimolecular Barriers (N - number of states at the reference energy):
       Name Height       *N
              1/cm         
         TS  27793 1.83e+16
      Effective equilibrium constants(bimolecular units - cm^3):
        Q/Q     REACS     PRODS
      REACS         1       286
      PRODS   0.00349         1
      Real equilibrium constants(bimolecular units - cm^3):
        Q/Q     REACS     PRODS
      REACS         1  7.23e+33
      PRODS  1.38e-34         1
   MasterEquation::set:  done, cpu time[sec] = 0.38, elapsed time[sec] = 0
   MasterEquation::direct_diagonalization_method:  starts
      Pressure = 0.1 atm	 Temperature = 300 K
      collision frequency = 5.11254e+08 1/sec
      global relaxation matrix dimension = 249
      setting global matrices ... done, cpu time[sec] = 0.04, elapsed time[sec] = 0
      diagonalizing global relaxation matrix ... done, cpu time[sec] = 0.22, elapsed time[sec] = 0
      minimal relaxation eigenvalue / collision frequency = 0.12509
      maximal relaxation eigenvalue / collision frequency = 0.987644
      microscopic rate coefficients (at reference energy) over collision frequency:
       REACS->PRODS
         0.00187547
      some eigenvalues are too small: using low eigenvalue method
      low eigenvalue method starts
         MasterEquation::low_eigenvalue_matrix:  starts
            setting up kinetic matrices ... done, cpu time[sec] = 2.91, elapsed time[sec] = 1
            inverting kinetic matrices ... done, cpu time[sec] = 0.02, elapsed time[sec] = 0
         MasterEquation::low_eigenvalue_matrix:  done, cpu time[sec] = 2.94, elapsed time[sec] = 1
         direct-diagonalization(DD)-versus-low-eigenvalue(LE) eigenvalues
             L      DD eval      LE eval     LE proj
             0  6.65279e-15  2.94116e-16  4.02702e-21
      low eigenvalue method done, cpu time[sec] = 2.95, elapsed time[sec] = 1
      eigenvector populations normalized:
          L        *R        *P     REACS
          0  2.94e-16         0         1
         *R - eigenvalue over the relaxation limit
         *P - eigenvector projection squared on the relaxation subspace
      eigenvector projections:
          L        *Q        *P     REACS
          0  3.68e-17         0         1
         *Z       ---       ---  7.55e+22
         *Q - eigenvalue over the collision frequency
         *P - eigenvector projection squared on the relaxation subspace
         *Z - well partition function square root
      isomers-to-bimolecular equilibrium coefficients (kappa matrix):
        W\P    PRODS
      REACS        0
      projection error = 0
      Wa->Wb/Wb->Wa rate constants ratios:
      Wb\Wa     REACS
      REACS         1
      W->P/P->W rate constants ratios:
        P\W     REACS
      PRODS         1
   MasterEquation::direct_diagonalization_method:  done, cpu time[sec] = 3.23, elapsed time[sec] = 1
   MasterEquation::direct_diagonalization_method:  starts
      Pressure = 1 atm	 Temperature = 300 K
      collision frequency = 5.11254e+09 1/sec
      global relaxation matrix dimension = 249
      setting global matrices ... done, cpu time[sec] = 0.05, elapsed time[sec] = 0
      diagonalizing global relaxation matrix ... done, cpu time[sec] = 0.17, elapsed time[sec] = 0
      minimal relaxation eigenvalue / collision frequency = 0.125075
      maximal relaxation eigenvalue / collision frequency = 0.986596
      microscopic rate coefficients (at reference energy) over collision frequency:
       REACS->PRODS
        0.000187547
      some eigenvalues are too small: using low eigenvalue method
      low eigenvalue method starts
         MasterEquation::low_eigenvalue_matrix:  starts
            setting up kinetic matrices ... done, cpu time[sec] = 2.87, elapsed time[sec] = 0
            inverting kinetic matrices ... done, cpu time[sec] = 0.01, elapsed time[sec] = 0
         MasterEquation::low_eigenvalue_matrix:  done, cpu time[sec] = 2.88, elapsed time[sec] = 0
         direct-diagonalization(DD)-versus-low-eigenvalue(LE) eigenvalues
             L      DD eval      LE eval     LE proj
             0 -8.33383e-16  2.94154e-17  4.03332e-23
      low eigenvalue method done, cpu time[sec] = 2.88, elapsed time[sec] = 0
      eigenvector populations normalized:
          L        *R        *P     REACS
          0  2.94e-17         0         1
         *R - eigenvalue over the relaxation limit
         *P - eigenvector projection squared on the relaxation subspace
      eigenvector projections:
          L        *Q        *P     REACS
          0  3.68e-18         0         1
         *Z       ---       ---  7.55e+22
         *Q - eigenvalue over the collision frequency
         *P - eigenvector projection squared on the relaxation subspace
         *Z - well partition function square root
      isomers-to-bimolecular equilibrium coefficients (kappa matrix):
        W\P    PRODS
      REACS        0
      projection error = 0
      Wa->Wb/Wb->Wa rate constants ratios:
      Wb\Wa     REACS
      REACS         1
      W->P/P->W rate constants ratios:
        P\W     REACS
      PRODS         1
   MasterEquation::direct_diagonalization_method:  done, cpu time[sec] = 3.12, elapsed time[sec] = 0
   MasterEquation::direct_diagonalization_method:  starts
      Pressure = 10 atm	 Temperature = 300 K
      collision frequency = 5.11254e+10 1/sec
      global relaxation matrix dimension = 249
      setting global matrices ... done, cpu time[sec] = 0.04, elapsed time[sec] = 0
      diagonalizing global relaxation matrix ... done, cpu time[sec] = 0.19, elapsed time[sec] = 0
      minimal relaxation eigenvalue / collision frequency = 0.125074
      maximal relaxation eigenvalue / collision frequency = 0.986596
      microscopic rate coefficients (at reference energy) over collision frequency:
       REACS->PRODS
        1.87547e-05
      some eigenvalues are too small: using low eigenvalue method
      low eigenvalue method starts
         MasterEquation::low_eigenvalue_matrix:  starts
            setting up kinetic matrices ... done, cpu time[sec] = 3.13, elapsed time[sec] = 0
            inverting kinetic matrices ... done, cpu time[sec] = 0.02, elapsed time[sec] = 0
         MasterEquation::low_eigenvalue_matrix:  done, cpu time[sec] = 3.15, elapsed time[sec] = 0
         direct-diagonalization(DD)-versus-low-eigenvalue(LE) eigenvalues
             L      DD eval      LE eval     LE proj
             0 -1.52446e-14  2.94157e-18  4.03395e-25
      low eigenvalue method done, cpu time[sec] = 3.16, elapsed time[sec] = 0
      eigenvector populations normalized:
          L        *R        *P     REACS
          0  2.94e-18  4.44e-16         1
         *R - eigenvalue over the relaxation limit
         *P - eigenvector projection squared on the relaxation subspace
      eigenvector projections:
          L        *Q        *P     REACS
          0  3.68e-19  4.44e-16         1
         *Z       ---       ---  7.55e+22
         *Q - eigenvalue over the collision frequency
         *P - eigenvector projection squared on the relaxation subspace
         *Z - well partition function square root
      isomers-to-bimolecular equilibrium coefficients (kappa matrix):
        W\P    PRODS
      REACS        0
      projection error = 4.4e-16
      Wa->Wb/Wb->Wa rate constants ratios:
      Wb\Wa     REACS
      REACS         1
      W->P/P->W rate constants ratios:
        P\W     REACS
      PRODS         1
   MasterEquation::direct_diagonalization_method:  done, cpu time[sec] = 3.42, elapsed time[sec] = 0
   MasterEquation::direct_diagonalization_method:  starts
      Pressure = 1000 atm	 Temperature = 300 K
      collision frequency = 5.11254e+12 1/sec
      global relaxation matrix dimension = 249
      setting global matrices ... done, cpu time[sec] = 0.04, elapsed time[sec] = 0
      diagonalizing global relaxation matrix ... done, cpu time[sec] = 0.19, elapsed time[sec] = 0
      minimal relaxation eigenvalue / collision frequency = 0.125074
      maximal relaxation eigenvalue / collision frequency = 0.986596
      microscopic rate coefficients (at reference energy) over collision frequency:
       REACS->PRODS
        1.87547e-07
      some eigenvalues are too small: using low eigenvalue method
      low eigenvalue method starts
         MasterEquation::low_eigenvalue_matrix:  starts
            setting up kinetic matrices ... done, cpu time[sec] = 5.55, elapsed time[sec] = 0
            inverting kinetic matrices ... done, cpu time[sec] = 0.02, elapsed time[sec] = 0
         MasterEquation::low_eigenvalue_matrix:  done, cpu time[sec] = 5.57, elapsed time[sec] = 0
         direct-diagonalization(DD)-versus-low-eigenvalue(LE) eigenvalues
             L      DD eval      LE eval     LE proj
             0 -7.97699e-15  2.94158e-20  4.03402e-29
      low eigenvalue method done, cpu time[sec] = 5.58, elapsed time[sec] = 0
      eigenvector populations normalized:
          L        *R        *P     REACS
          0  2.94e-20  4.44e-16         1
         *R - eigenvalue over the relaxation limit
         *P - eigenvector projection squared on the relaxation subspace
      eigenvector projections:
          L        *Q        *P     REACS
          0  3.68e-21  4.44e-16         1
         *Z       ---       ---  7.55e+22
         *Q - eigenvalue over the collision frequency
         *P - eigenvector projection squared on the relaxation subspace
         *Z - well partition function square root
      isomers-to-bimolecular equilibrium coefficients (kappa matrix):
        W\P    PRODS
      REACS        0
      projection error = 4.4e-16
      Wa->Wb/Wb->Wa rate constants ratios:
      Wb\Wa     REACS
      REACS         1
      W->P/P->W rate constants ratios:
        P\W     REACS
      PRODS         1
   MasterEquation::direct_diagonalization_method:  done, cpu time[sec] = 5.83, elapsed time[sec] = 0
   MasterEquation::set:  starts
      Temperature      = 400 K
      Collision rate   = 2.22286e-10cm^3/sec
      Energy reference = 36136 1/cm
      Energy step      = 56 1/cm
      setting wells, barriers, and bimolecular starts
         REACS Well: density of states done, elapsed time[sec] = 0
         REACS Well: collisional energy transfer kernel done, elapsed time[sec] = 0.04
         REACS Well: relaxation modes basis done, elapsed time[sec] = 0.05
         REACS Well: kernel in relaxation modes basis done, elapsed time[sec] = 0.24
         REACS Well: relaxation eigenvalues done, elapsed time[sec] = 0.06
         REACS Well: minimal relaxation eigenvalue = 0.110683
         REACS Well: maximal relaxation eigenvalue = 0.986139
         REACS Well:       grid size = 249
         REACS Well:      real depth = 0 1/cm
         REACS Well: effective depth = 22191 1/cm
         TS Barrier:        grid size = 149
         TS Barrier:      real height = 27795 1/cm
         TS Barrier: effective height = 27791 1/cm
      setting wells, barriers, and bimolecular done, cpu time[sec] = 0.39, elapsed time[sec] = 0
      Bound Species (D1/D2 - density of states at dissociation energy (DE)/reference energy):
       Name  Depth     DE      *D1      *D2
              1/cm   1/cm       cm       cm
      REACS  22192  27792 1.37e+19 1.78e+21
      Well-to-Bimolecular Barriers (N - number of states at the reference energy):
       Name Height       *N
              1/cm         
         TS  27792 6.23e+17
      Effective equilibrium constants(bimolecular units - cm^3):
        Q/Q     REACS     PRODS
      REACS         1      2.43
      PRODS     0.412         1
      Real equilibrium constants(bimolecular units - cm^3):
        Q/Q     REACS     PRODS
      REACS         1  2.34e+18
      PRODS  4.27e-19         1
   MasterEquation::set:  done, cpu time[sec] = 0.39, elapsed time[sec] = 0
   MasterEquation::direct_diagonalization_method:  starts
      Pressure = 0.1 atm	 Temperature = 400 K
      collision frequency = 4.07797e+08 1/sec
      global relaxation matrix dimension = 249
      setting global matrices ... done, cpu time[sec] = 0.05, elapsed time[sec] = 0
      diagonalizing global relaxation matrix ... done, cpu time[sec] = 0.17, elapsed time[sec] = 0
      minimal relaxation eigenvalue / collision frequency = 0.110787
      maximal relaxation eigenvalue / collision frequency = 1.00764
      microscopic rate coefficients (at reference energy) over collision frequency:
       REACS->PRODS
           0.025677
      some eigenvalues are too small: using low eigenvalue method
      low eigenvalue method starts
         MasterEquation::low_eigenvalue_matrix:  starts
            setting up kinetic matrices ... done, cpu time[sec] = 2.75, elapsed time[sec] = 1
            inverting kinetic matrices ... done, cpu time[sec] = 0.01, elapsed time[sec] = 0
         MasterEquation::low_eigenvalue_matrix:  done, cpu time[sec] = 2.76, elapsed time[sec] = 1
         direct-diagonalization(DD)-versus-low-eigenvalue(LE) eigenvalues
             L      DD eval      LE eval     LE proj
             0  6.84281e-15  9.28208e-15   3.1028e-18
      low eigenvalue method done, cpu time[sec] = 2.77, elapsed time[sec] = 1
      eigenvector populations normalized:
          L        *R        *P     REACS
          0  9.28e-15  4.44e-16         1
         *R - eigenvalue over the relaxation limit
         *P - eigenvector projection squared on the relaxation subspace
      eigenvector projections:
          L        *Q        *P     REACS
          0  1.03e-15  4.44e-16         1
         *Z       ---       ---   4.7e+22
         *Q - eigenvalue over the collision frequency
         *P - eigenvector projection squared on the relaxation subspace
         *Z - well partition function square root
      isomers-to-bimolecular equilibrium coefficients (kappa matrix):
        W\P    PRODS
      REACS        0
      projection error = 4.4e-16
      Wa->Wb/Wb->Wa rate constants ratios:
      Wb\Wa     REACS
      REACS         1
      W->P/P->W rate constants ratios:
        P\W     REACS
      PRODS         1
   MasterEquation::direct_diagonalization_method:  done, cpu time[sec] = 3.01, elapsed time[sec] = 1
   MasterEquation::direct_diagonalization_method:  starts
      Pressure = 1 atm	 Temperature = 400 K
      collision frequency = 4.07797e+09 1/sec
      global relaxation matrix dimension = 249
      setting global matrices ... done, cpu time[sec] = 0.05, elapsed time[sec] = 0
      diagonalizing global relaxation matrix ... done, cpu time[sec] = 0.17, elapsed time[sec] = 0
      minimal relaxation eigenvalue / collision frequency = 0.110696
      maximal relaxation eigenvalue / collision frequency = 0.987532
      microscopic rate coefficients (at reference energy) over collision frequency:
       REACS->PRODS
          0.0025677
      some eigenvalues are too small: using low eigenvalue method
      low eigenvalue method starts
         MasterEquation::low_eigenvalue_matrix:  starts
            setting up kinetic matrices ... done, cpu time[sec] = 2.76, elapsed time[sec] = 0
            inverting kinetic matrices ... done, cpu time[sec] = 0.01, elapsed time[sec] = 0
         MasterEquation::low_eigenvalue_matrix:  done, cpu time[sec] = 2.77, elapsed time[sec] = 0
         direct-diagonalization(DD)-versus-low-eigenvalue(LE) eigenvalues
             L      DD eval      LE eval     LE proj
             0 -1.45157e-16  9.29268e-16  3.20276e-20
      low eigenvalue method done, cpu time[sec] = 2.77, elapsed time[sec] = 0
      eigenvector populations normalized:
          L        *R        *P     REACS
          0  9.29e-16  4.44e-16         1
         *R - eigenvalue over the relaxation limit
         *P - eigenvector projection squared on the relaxation subspace
      eigenvector projections:
          L        *Q        *P     REACS
          0  1.03e-16  4.44e-16         1
         *Z       ---       ---   4.7e+22
         *Q - eigenvalue over the collision frequency
         *P - eigenvector projection squared on the relaxation subspace
         *Z - well partition function square root
      isomers-to-bimolecular equilibrium coefficients (kappa matrix):
        W\P    PRODS
      REACS        0
      projection error = 4.4e-16
      Wa->Wb/Wb->Wa rate constants ratios:
      Wb\Wa     REACS
      REACS         1
      W->P/P->W rate constants ratios:
        P\W     REACS
      PRODS         1
   MasterEquation::direct_diagonalization_method:  done, cpu time[sec] = 3.01, elapsed time[sec] = 0
   MasterEquation::direct_diagonalization_method:  starts
      Pressure = 10 atm	 Temperature = 400 K
      collision frequency = 4.07797e+10 1/sec
      global relaxation matrix dimension = 249
      setting global matrices ... done, cpu time[sec] = 0.05, elapsed time[sec] = 0
      diagonalizing global relaxation matrix ... done, cpu time[sec] = 0.19, elapsed time[sec] = 0
      minimal relaxation eigenvalue / collision frequency = 0.110685
      maximal relaxation eigenvalue / collision frequency = 0.986139
      microscopic rate coefficients (at reference energy) over collision frequency:
       REACS->PRODS
         0.00025677
      some eigenvalues are too small: using low eigenvalue method
      low eigenvalue method starts
         MasterEquation::low_eigenvalue_matrix:  starts
            setting up kinetic matrices ... done, cpu time[sec] = 3.16, elapsed time[sec] = 0
            inverting kinetic matrices ... done, cpu time[sec] = 0.01, elapsed time[sec] = 0
         MasterEquation::low_eigenvalue_matrix:  done, cpu time[sec] = 3.17, elapsed time[sec] = 0
         direct-diagonalization(DD)-versus-low-eigenvalue(LE) eigenvalues
             L      DD eval      LE eval     LE proj
             0  1.37979e-15  9.29397e-17  3.21356e-22
      low eigenvalue method done, cpu time[sec] = 3.18, elapsed time[sec] = 0
      eigenvector populations normalized:
          L        *R        *P     REACS
          0  9.29e-17  4.44e-16         1
         *R - eigenvalue over the relaxation limit
         *P - eigenvector projection squared on the relaxation subspace
      eigenvector projections:
          L        *Q        *P     REACS
          0  1.03e-17  4.44e-16         1
         *Z       ---       ---   4.7e+22
         *Q - eigenvalue over the collision frequency
         *P - eigenvector projection squared on the relaxation subspace
         *Z - well partition function square root
      isomers-to-bimolecular equilibrium coefficients (kappa matrix):
        W\P    PRODS
      REACS        0
      projection error = 4.4e-16
      Wa->Wb/Wb->Wa rate constants ratios:
      Wb\Wa     REACS
      REACS         1
      W->P/P->W rate constants ratios:
        P\W     REACS
      PRODS         1
   MasterEquation::direct_diagonalization_method:  done, cpu time[sec] = 3.44, elapsed time[sec] = 0
   MasterEquation::direct_diagonalization_method:  starts
      Pressure = 1000 atm	 Temperature = 400 K
      collision frequency = 4.07797e+12 1/sec
      global relaxation matrix dimension = 249
      setting global matrices ... done, cpu time[sec] = 0.04, elapsed time[sec] = 0
      diagonalizing global relaxation matrix ... done, cpu time[sec] = 0.2, elapsed time[sec] = 0
      minimal relaxation eigenvalue / collision frequency = 0.110683
      maximal relaxation eigenvalue / collision frequency = 0.986139
      microscopic rate coefficients (at reference energy) over collision frequency:
       REACS->PRODS
         2.5677e-06
      some eigenvalues are too small: using low eigenvalue method
      low eigenvalue method starts
         MasterEquation::low_eigenvalue_matrix:  starts
            setting up kinetic matrices ... done, cpu time[sec] = 2.96, elapsed time[sec] = 0
            inverting kinetic matrices ... done, cpu time[sec] = 0.01, elapsed time[sec] = 0
         MasterEquation::low_eigenvalue_matrix:  done, cpu time[sec] = 2.97, elapsed time[sec] = 0
         direct-diagonalization(DD)-versus-low-eigenvalue(LE) eigenvalues
             L      DD eval      LE eval     LE proj
             0 -4.54104e-15  9.29412e-19  3.21476e-26
      low eigenvalue method done, cpu time[sec] = 2.97, elapsed time[sec] = 0
      eigenvector populations normalized:
          L        *R        *P     REACS
          0  9.29e-19  4.44e-16         1
         *R - eigenvalue over the relaxation limit
         *P - eigenvector projection squared on the relaxation subspace
      eigenvector projections:
          L        *Q        *P     REACS
          0  1.03e-19  4.44e-16         1
         *Z       ---       ---   4.7e+22
         *Q - eigenvalue over the collision frequency
         *P - eigenvector projection squared on the relaxation subspace
         *Z - well partition function square root
      isomers-to-bimolecular equilibrium coefficients (kappa matrix):
        W\P    PRODS
      REACS        0
      projection error = 4.4e-16
      Wa->Wb/Wb->Wa rate constants ratios:
      Wb\Wa     REACS
      REACS         1
      W->P/P->W rate constants ratios:
        P\W     REACS
      PRODS         1
   MasterEquation::direct_diagonalization_method:  done, cpu time[sec] = 3.23, elapsed time[sec] = 0
   MasterEquation::set:  starts
      Temperature      = 500 K
      Collision rate   = 2.35386e-10cm^3/sec
      Energy reference = 38221 1/cm
      Energy step      = 70 1/cm
      setting wells, barriers, and bimolecular starts
         REACS Well: density of states done, elapsed time[sec] = 0.01
         REACS Well: collisional energy transfer kernel done, elapsed time[sec] = 0.04
         REACS Well: relaxation modes basis done, elapsed time[sec] = 0.03
         REACS Well: kernel in relaxation modes basis done, elapsed time[sec] = 0.22
         REACS Well: relaxation eigenvalues done, elapsed time[sec] = 0.07
         REACS Well: minimal relaxation eigenvalue = 0.0984156
         REACS Well: maximal relaxation eigenvalue = 0.985891
         REACS Well:       grid size = 249
         REACS Well:      real depth = 0 1/cm
         REACS Well: effective depth = 20791 1/cm
         TS Barrier:        grid size = 149
         TS Barrier:      real height = 27795 1/cm
         TS Barrier: effective height = 27791 1/cm
      setting wells, barriers, and bimolecular done, cpu time[sec] = 0.37, elapsed time[sec] = 0
      Bound Species (D1/D2 - density of states at dissociation energy (DE)/reference energy):
       Name  Depth     DE      *D1      *D2
              1/cm   1/cm       cm       cm
      REACS  20791  27791 1.37e+19  5.3e+21
      Well-to-Bimolecular Barriers (N - number of states at the reference energy):
       Name Height       *N
              1/cm         
         TS  27791 1.25e+19
      Effective equilibrium constants(bimolecular units - cm^3):
        Q/Q     REACS     PRODS
      REACS         1    0.0553
      PRODS      18.1         1
      Real equilibrium constants(bimolecular units - cm^3):
        Q/Q     REACS     PRODS
      REACS         1   1.2e+09
      PRODS  8.36e-10         1
   MasterEquation::set:  done, cpu time[sec] = 0.37, elapsed time[sec] = 0
   MasterEquation::direct_diagonalization_method:  starts
      Pressure = 0.1 atm	 Temperature = 500 K
      collision frequency = 3.45464e+08 1/sec
      global relaxation matrix dimension = 249
      setting global matrices ... done, cpu time[sec] = 0.04, elapsed time[sec] = 0
      diagonalizing global relaxation matrix ... done, cpu time[sec] = 0.19, elapsed time[sec] = 0
      minimal relaxation eigenvalue / collision frequency = 0.0986373
      maximal relaxation eigenvalue / collision frequency = 1.17596
      microscopic rate coefficients (at reference energy) over collision frequency:
       REACS->PRODS
           0.205417
      some eigenvalues are too small: using low eigenvalue method
      low eigenvalue method starts
         MasterEquation::low_eigenvalue_matrix:  starts
            setting up kinetic matrices ... done, cpu time[sec] = 2.93, elapsed time[sec] = 0
            inverting kinetic matrices ... done, cpu time[sec] = 0.01, elapsed time[sec] = 0
         MasterEquation::low_eigenvalue_matrix:  done, cpu time[sec] = 2.94, elapsed time[sec] = 0
         direct-diagonalization(DD)-versus-low-eigenvalue(LE) eigenvalues
             L      DD eval      LE eval     LE proj
             0  2.14354e-13  2.23247e-13  8.44268e-16
      low eigenvalue method done, cpu time[sec] = 2.95, elapsed time[sec] = 0
      eigenvector populations normalized:
          L        *R        *P     REACS
          0  2.23e-13  4.44e-16         1
         *R - eigenvalue over the relaxation limit
         *P - eigenvector projection squared on the relaxation subspace
      eigenvector projections:
          L        *Q        *P     REACS
          0   2.2e-14  4.44e-16         1
         *Z       ---       ---  2.88e+22
         *Q - eigenvalue over the collision frequency
         *P - eigenvector projection squared on the relaxation subspace
         *Z - well partition function square root
      isomers-to-bimolecular equilibrium coefficients (kappa matrix):
        W\P    PRODS
      REACS        0
      projection error = 4.4e-16
      Wa->Wb/Wb->Wa rate constants ratios:
      Wb\Wa     REACS
      REACS         1
      W->P/P->W rate constants ratios:
        P\W     REACS
      PRODS         1
   MasterEquation::direct_diagonalization_method:  done, cpu time[sec] = 3.2, elapsed time[sec] = 0
   MasterEquation::direct_diagonalization_method:  starts
      Pressure = 1 atm	 Temperature = 500 K
      collision frequency = 3.45464e+09 1/sec
      global relaxation matrix dimension = 249
      setting global matrices ... done, cpu time[sec] = 0.04, elapsed time[sec] = 0
      diagonalizing global relaxation matrix ... done, cpu time[sec] = 0.19, elapsed time[sec] = 0
      minimal relaxation eigenvalue / collision frequency = 0.0984647
      maximal relaxation eigenvalue / collision frequency = 1.00246
      microscopic rate coefficients (at reference energy) over collision frequency:
       REACS->PRODS
          0.0205417
      some eigenvalues are too small: using low eigenvalue method
      low eigenvalue method starts
         MasterEquation::low_eigenvalue_matrix:  starts
            setting up kinetic matrices ... done, cpu time[sec] = 2.7, elapsed time[sec] = 1
            inverting kinetic matrices ... done, cpu time[sec] = 0.02, elapsed time[sec] = 0
         MasterEquation::low_eigenvalue_matrix:  done, cpu time[sec] = 2.72, elapsed time[sec] = 1
         direct-diagonalization(DD)-versus-low-eigenvalue(LE) eigenvalues
             L      DD eval      LE eval     LE proj
             0  2.17254e-14  2.24568e-14  1.07336e-17
      low eigenvalue method done, cpu time[sec] = 2.72, elapsed time[sec] = 1
      eigenvector populations normalized:
          L        *R        *P     REACS
          0  2.25e-14 -4.44e-16         1
         *R - eigenvalue over the relaxation limit
         *P - eigenvector projection squared on the relaxation subspace
      eigenvector projections:
          L        *Q        *P     REACS
          0  2.21e-15 -4.44e-16         1
         *Z       ---       ---  2.88e+22
         *Q - eigenvalue over the collision frequency
         *P - eigenvector projection squared on the relaxation subspace
         *Z - well partition function square root
      isomers-to-bimolecular equilibrium coefficients (kappa matrix):
        W\P    PRODS
      REACS        0
      projection error = -4.4e-16
      Wa->Wb/Wb->Wa rate constants ratios:
      Wb\Wa     REACS
      REACS         1
      W->P/P->W rate constants ratios:
        P\W     REACS
      PRODS         1
   MasterEquation::direct_diagonalization_method:  done, cpu time[sec] = 2.97, elapsed time[sec] = 1
   MasterEquation::direct_diagonalization_method:  starts
      Pressure = 10 atm	 Temperature = 500 K
      collision frequency = 3.45464e+10 1/sec
      global relaxation matrix dimension = 249
      setting global matrices ... done, cpu time[sec] = 0.04, elapsed time[sec] = 0
      diagonalizing global relaxation matrix ... done, cpu time[sec] = 0.18, elapsed time[sec] = 0
      minimal relaxation eigenvalue / collision frequency = 0.0984215
      maximal relaxation eigenvalue / collision frequency = 0.986654
      microscopic rate coefficients (at reference energy) over collision frequency:
       REACS->PRODS
         0.00205417
      some eigenvalues are too small: using low eigenvalue method
      low eigenvalue method starts
         MasterEquation::low_eigenvalue_matrix:  starts
            setting up kinetic matrices ... done, cpu time[sec] = 2.74, elapsed time[sec] = 0
            inverting kinetic matrices ... done, cpu time[sec] = 0.01, elapsed time[sec] = 0
         MasterEquation::low_eigenvalue_matrix:  done, cpu time[sec] = 2.75, elapsed time[sec] = 0
         direct-diagonalization(DD)-versus-low-eigenvalue(LE) eigenvalues
             L      DD eval      LE eval     LE proj
             0 -4.70627e-15  2.24775e-15  1.11193e-19
      low eigenvalue method done, cpu time[sec] = 2.76, elapsed time[sec] = 0
      eigenvector populations normalized:
          L        *R        *P     REACS
          0  2.25e-15 -4.44e-16         1
         *R - eigenvalue over the relaxation limit
         *P - eigenvector projection squared on the relaxation subspace
      eigenvector projections:
          L        *Q        *P     REACS
          0  2.21e-16 -4.44e-16         1
         *Z       ---       ---  2.88e+22
         *Q - eigenvalue over the collision frequency
         *P - eigenvector projection squared on the relaxation subspace
         *Z - well partition function square root
      isomers-to-bimolecular equilibrium coefficients (kappa matrix):
        W\P    PRODS
      REACS        0
      projection error = -4.4e-16
      Wa->Wb/Wb->Wa rate constants ratios:
      Wb\Wa     REACS
      REACS         1
      W->P/P->W rate constants ratios:
        P\W     REACS
      PRODS         1
   MasterEquation::direct_diagonalization_method:  done, cpu time[sec] = 3, elapsed time[sec] = 0
   MasterEquation::direct_diagonalization_method:  starts
      Pressure = 1000 atm	 Temperature = 500 K
      collision frequency = 3.45464e+12 1/sec
      global relaxation matrix dimension = 249
      setting global matrices ... done, cpu time[sec] = 0.04, elapsed time[sec] = 0
      diagonalizing global relaxation matrix ... done, cpu time[sec] = 0.18, elapsed time[sec] = 0
      minimal relaxation eigenvalue / collision frequency = 0.0984157
      maximal relaxation eigenvalue / collision frequency = 0.985891
      microscopic rate coefficients (at reference energy) over collision frequency:
       REACS->PRODS
        2.05417e-05
      some eigenvalues are too small: using low eigenvalue method
      low eigenvalue method starts
         MasterEquation::low_eigenvalue_matrix:  starts
            setting up kinetic matrices ... done, cpu time[sec] = 2.96, elapsed time[sec] = 0
            inverting kinetic matrices ... done, cpu time[sec] = 0.01, elapsed time[sec] = 0
         MasterEquation::low_eigenvalue_matrix:  done, cpu time[sec] = 2.97, elapsed time[sec] = 0
         direct-diagonalization(DD)-versus-low-eigenvalue(LE) eigenvalues
             L      DD eval      LE eval     LE proj
             0 -1.48883e-14  2.24801e-17  1.11649e-23
      low eigenvalue method done, cpu time[sec] = 2.97, elapsed time[sec] = 0
      eigenvector populations normalized:
          L        *R        *P     REACS
          0  2.25e-17 -4.44e-16         1
         *R - eigenvalue over the relaxation limit
         *P - eigenvector projection squared on the relaxation subspace
      eigenvector projections:
          L        *Q        *P     REACS
          0  2.21e-18 -4.44e-16         1
         *Z       ---       ---  2.88e+22
         *Q - eigenvalue over the collision frequency
         *P - eigenvector projection squared on the relaxation subspace
         *Z - well partition function square root
      isomers-to-bimolecular equilibrium coefficients (kappa matrix):
        W\P    PRODS
      REACS        0
      projection error = -4.4e-16
      Wa->Wb/Wb->Wa rate constants ratios:
      Wb\Wa     REACS
      REACS         1
      W->P/P->W rate constants ratios:
        P\W     REACS
      PRODS         1
   MasterEquation::direct_diagonalization_method:  done, cpu time[sec] = 3.21, elapsed time[sec] = 0
   MasterEquation::set:  starts
      Temperature      = 600 K
      Collision rate   = 2.47989e-10cm^3/sec
      Energy reference = 40306 1/cm
      Energy step      = 83 1/cm
      setting wells, barriers, and bimolecular starts
         REACS Well: density of states done, elapsed time[sec] = 0.01
         REACS Well: collisional energy transfer kernel done, elapsed time[sec] = 0.04
         REACS Well: relaxation modes basis done, elapsed time[sec] = 0.03
         REACS Well: kernel in relaxation modes basis done, elapsed time[sec] = 0.24
         REACS Well: relaxation eigenvalues done, elapsed time[sec] = 0.06
         REACS Well: minimal relaxation eigenvalue = 0.0874692
         REACS Well: maximal relaxation eigenvalue = 0.986136
         REACS Well:       grid size = 252
         REACS Well:      real depth = 0 1/cm
         REACS Well: effective depth = 19390 1/cm
         TS Barrier:        grid size = 151
         TS Barrier:      real height = 27795 1/cm
         TS Barrier: effective height = 27773 1/cm
      setting wells, barriers, and bimolecular done, cpu time[sec] = 0.39, elapsed time[sec] = 0
      Bound Species (D1/D2 - density of states at dissociation energy (DE)/reference energy):
       Name  Depth     DE      *D1      *D2
              1/cm   1/cm       cm       cm
      REACS  19390  27774 1.36e+19 1.51e+22
      Well-to-Bimolecular Barriers (N - number of states at the reference energy):
       Name Height       *N
              1/cm         
         TS  27774 1.75e+20
      Effective equilibrium constants(bimolecular units - cm^3):
        Q/Q     REACS     PRODS
      REACS         1    0.0021
      PRODS       477         1
      Real equilibrium constants(bimolecular units - cm^3):
        Q/Q     REACS     PRODS
      REACS         1       780
      PRODS   0.00128         1
   MasterEquation::set:  done, cpu time[sec] = 0.39, elapsed time[sec] = 0
   MasterEquation::direct_diagonalization_method:  starts
      Pressure = 0.1 atm	 Temperature = 600 K
      collision frequency = 3.033e+08 1/sec
      global relaxation matrix dimension = 252
      setting global matrices ... done, cpu time[sec] = 0.04, elapsed time[sec] = 0
      diagonalizing global relaxation matrix ... done, cpu time[sec] = 0.21, elapsed time[sec] = 0
      minimal relaxation eigenvalue / collision frequency = 0.0877554
      maximal relaxation eigenvalue / collision frequency = 2.0907
      microscopic rate coefficients (at reference energy) over collision frequency:
       REACS->PRODS
            1.14828
      some eigenvalues are too small: using low eigenvalue method
      low eigenvalue method starts
         MasterEquation::low_eigenvalue_matrix:  starts
            setting up kinetic matrices ... done, cpu time[sec] = 2.89, elapsed time[sec] = 0
            inverting kinetic matrices ... done, cpu time[sec] = 0.01, elapsed time[sec] = 0
         MasterEquation::low_eigenvalue_matrix:  done, cpu time[sec] = 2.9, elapsed time[sec] = 0
         direct-diagonalization(DD)-versus-low-eigenvalue(LE) eigenvalues
             L      DD eval      LE eval     LE proj
             0  4.46665e-12  4.48187e-12  8.56872e-14
      low eigenvalue method done, cpu time[sec] = 2.91, elapsed time[sec] = 0
      eigenvector populations normalized:
          L        *R        *P     REACS
          0  4.48e-12  8.62e-14         1
         *R - eigenvalue over the relaxation limit
         *P - eigenvector projection squared on the relaxation subspace
      eigenvector projections:
          L        *Q        *P     REACS
          0  3.93e-13  8.62e-14         1
         *Z       ---       ---  1.75e+22
         *Q - eigenvalue over the collision frequency
         *P - eigenvector projection squared on the relaxation subspace
         *Z - well partition function square root
      isomers-to-bimolecular equilibrium coefficients (kappa matrix):
        W\P    PRODS
      REACS        0
      projection error = 8.6e-14
      Wa->Wb/Wb->Wa rate constants ratios:
      Wb\Wa     REACS
      REACS         1
      W->P/P->W rate constants ratios:
        P\W     REACS
      PRODS         1
   MasterEquation::direct_diagonalization_method:  done, cpu time[sec] = 3.18, elapsed time[sec] = 0
   MasterEquation::direct_diagonalization_method:  starts
      Pressure = 1 atm	 Temperature = 600 K
      collision frequency = 3.033e+09 1/sec
      global relaxation matrix dimension = 252
      setting global matrices ... done, cpu time[sec] = 0.06, elapsed time[sec] = 0
      diagonalizing global relaxation matrix ... done, cpu time[sec] = 0.19, elapsed time[sec] = 0
      minimal relaxation eigenvalue / collision frequency = 0.0875619
      maximal relaxation eigenvalue / collision frequency = 1.08988
      microscopic rate coefficients (at reference energy) over collision frequency:
       REACS->PRODS
           0.114828
      some eigenvalues are too small: using low eigenvalue method
      low eigenvalue method starts
         MasterEquation::low_eigenvalue_matrix:  starts
            setting up kinetic matrices ... done, cpu time[sec] = 3.11, elapsed time[sec] = 0
            inverting kinetic matrices ... done, cpu time[sec] = 0.02, elapsed time[sec] = 0
         MasterEquation::low_eigenvalue_matrix:  done, cpu time[sec] = 3.13, elapsed time[sec] = 0
         direct-diagonalization(DD)-versus-low-eigenvalue(LE) eigenvalues
             L      DD eval      LE eval     LE proj
             0  4.66939e-13  4.60912e-13  1.72404e-15
      low eigenvalue method done, cpu time[sec] = 3.13, elapsed time[sec] = 0
      eigenvector populations normalized:
          L        *R        *P     REACS
          0  4.61e-13  2.22e-15         1
         *R - eigenvalue over the relaxation limit
         *P - eigenvector projection squared on the relaxation subspace
      eigenvector projections:
          L        *Q        *P     REACS
          0  4.04e-14  2.22e-15         1
         *Z       ---       ---  1.75e+22
         *Q - eigenvalue over the collision frequency
         *P - eigenvector projection squared on the relaxation subspace
         *Z - well partition function square root
      isomers-to-bimolecular equilibrium coefficients (kappa matrix):
        W\P    PRODS
      REACS        0
      projection error = 2.2e-15
      Wa->Wb/Wb->Wa rate constants ratios:
      Wb\Wa     REACS
      REACS         1
      W->P/P->W rate constants ratios:
        P\W     REACS
      PRODS         1
   MasterEquation::direct_diagonalization_method:  done, cpu time[sec] = 3.41, elapsed time[sec] = 0
   MasterEquation::direct_diagonalization_method:  starts
      Pressure = 10 atm	 Temperature = 600 K
      collision frequency = 3.033e+10 1/sec
      global relaxation matrix dimension = 252
      setting global matrices ... done, cpu time[sec] = 0.04, elapsed time[sec] = 0
      diagonalizing global relaxation matrix ... done, cpu time[sec] = 0.21, elapsed time[sec] = 0
      minimal relaxation eigenvalue / collision frequency = 0.087485
      maximal relaxation eigenvalue / collision frequency = 0.994461
      microscopic rate coefficients (at reference energy) over collision frequency:
       REACS->PRODS
          0.0114828
      some eigenvalues are too small: using low eigenvalue method
      low eigenvalue method starts
         MasterEquation::low_eigenvalue_matrix:  starts
            setting up kinetic matrices ... done, cpu time[sec] = 3.3, elapsed time[sec] = 1
            inverting kinetic matrices ... done, cpu time[sec] = 0.02, elapsed time[sec] = 0
         MasterEquation::low_eigenvalue_matrix:  done, cpu time[sec] = 3.32, elapsed time[sec] = 1
         direct-diagonalization(DD)-versus-low-eigenvalue(LE) eigenvalues
             L      DD eval      LE eval     LE proj
             0  3.05799e-14  4.63263e-14  2.10239e-17
      low eigenvalue method done, cpu time[sec] = 3.32, elapsed time[sec] = 1
      eigenvector populations normalized:
          L        *R        *P     REACS
          0  4.63e-14         0         1
         *R - eigenvalue over the relaxation limit
         *P - eigenvector projection squared on the relaxation subspace
      eigenvector projections:
          L        *Q        *P     REACS
          0  4.05e-15         0         1
         *Z       ---       ---  1.75e+22
         *Q - eigenvalue over the collision frequency
         *P - eigenvector projection squared on the relaxation subspace
         *Z - well partition function square root
      isomers-to-bimolecular equilibrium coefficients (kappa matrix):
        W\P    PRODS
      REACS        0
      projection error = 0
      Wa->Wb/Wb->Wa rate constants ratios:
      Wb\Wa     REACS
      REACS         1
      W->P/P->W rate constants ratios:
        P\W     REACS
      PRODS         1
   MasterEquation::direct_diagonalization_method:  done, cpu time[sec] = 3.59, elapsed time[sec] = 1
   MasterEquation::direct_diagonalization_method:  starts
      Pressure = 1000 atm	 Temperature = 600 K
      collision frequency = 3.033e+12 1/sec
      global relaxation matrix dimension = 252
      setting global matrices ... done, cpu time[sec] = 0.05, elapsed time[sec] = 0
      diagonalizing global relaxation matrix ... done, cpu time[sec] = 0.17, elapsed time[sec] = 0
      minimal relaxation eigenvalue / collision frequency = 0.0874694
      maximal relaxation eigenvalue / collision frequency = 0.986136
      microscopic rate coefficients (at reference energy) over collision frequency:
       REACS->PRODS
        0.000114828
      some eigenvalues are too small: using low eigenvalue method
      low eigenvalue method starts
         MasterEquation::low_eigenvalue_matrix:  starts
            setting up kinetic matrices ... done, cpu time[sec] = 3.34, elapsed time[sec] = 0
            inverting kinetic matrices ... done, cpu time[sec] = 0.02, elapsed time[sec] = 0
         MasterEquation::low_eigenvalue_matrix:  done, cpu time[sec] = 3.36, elapsed time[sec] = 0
         direct-diagonalization(DD)-versus-low-eigenvalue(LE) eigenvalues
             L      DD eval      LE eval     LE proj
             0  3.56113e-16  4.63588e-16  2.16285e-21
      low eigenvalue method done, cpu time[sec] = 3.36, elapsed time[sec] = 0
      eigenvector populations normalized:
          L        *R        *P     REACS
          0  4.64e-16         0         1
         *R - eigenvalue over the relaxation limit
         *P - eigenvector projection squared on the relaxation subspace
      eigenvector projections:
          L        *Q        *P     REACS
          0  4.05e-17         0         1
         *Z       ---       ---  1.75e+22
         *Q - eigenvalue over the collision frequency
         *P - eigenvector projection squared on the relaxation subspace
         *Z - well partition function square root
      isomers-to-bimolecular equilibrium coefficients (kappa matrix):
        W\P    PRODS
      REACS        0
      projection error = 0
      Wa->Wb/Wb->Wa rate constants ratios:
      Wb\Wa     REACS
      REACS         1
      W->P/P->W rate constants ratios:
        P\W     REACS
      PRODS         1
   MasterEquation::direct_diagonalization_method:  done, cpu time[sec] = 3.6, elapsed time[sec] = 0
   MasterEquation::set:  starts
      Temperature      = 700 K
      Collision rate   = 2.60029e-10cm^3/sec
      Energy reference = 42391 1/cm
      Energy step      = 97 1/cm
      setting wells, barriers, and bimolecular starts
         REACS Well: density of states done, elapsed time[sec] = 0.01
         REACS Well: collisional energy transfer kernel done, elapsed time[sec] = 0.03
         REACS Well: relaxation modes basis done, elapsed time[sec] = 0.04
         REACS Well: kernel in relaxation modes basis done, elapsed time[sec] = 0.23
         REACS Well: relaxation eigenvalues done, elapsed time[sec] = 0.06
         REACS Well: minimal relaxation eigenvalue = 0.0774974
         REACS Well: maximal relaxation eigenvalue = 0.986129
         REACS Well:       grid size = 251
         REACS Well:      real depth = 0 1/cm
         REACS Well: effective depth = 18044 1/cm
         TS Barrier:        grid size = 151
         TS Barrier:      real height = 27795 1/cm
         TS Barrier: effective height = 27743 1/cm
      setting wells, barriers, and bimolecular done, cpu time[sec] = 0.38, elapsed time[sec] = 0
      Bound Species (D1/D2 - density of states at dissociation energy (DE)/reference energy):
       Name  Depth     DE      *D1      *D2
              1/cm   1/cm       cm       cm
      REACS  18044  27744 1.33e+19 4.13e+22
      Well-to-Bimolecular Barriers (N - number of states at the reference energy):
       Name Height       *N
              1/cm         
         TS  27744 1.86e+21
      Effective equilibrium constants(bimolecular units - cm^3):
        Q/Q     REACS     PRODS
      REACS         1  9.79e-05
      PRODS  1.02e+04         1
      Real equilibrium constants(bimolecular units - cm^3):
        Q/Q     REACS     PRODS
      REACS         1    0.0305
      PRODS      32.8         1
   MasterEquation::set:  done, cpu time[sec] = 0.38, elapsed time[sec] = 0
   MasterEquation::direct_diagonalization_method:  starts
      Pressure = 0.1 atm	 Temperature = 700 K
      collision frequency = 2.72594e+08 1/sec
      global relaxation matrix dimension = 251
      setting global matrices ... done, cpu time[sec] = 0.05, elapsed time[sec] = 0
      diagonalizing global relaxation matrix ... done, cpu time[sec] = 0.18, elapsed time[sec] = 0
      minimal relaxation eigenvalue / collision frequency = 0.0778309
      maximal relaxation eigenvalue / collision frequency = 5.85524
      microscopic rate coefficients (at reference energy) over collision frequency:
       REACS->PRODS
            4.96245
      some eigenvalues are too small: using low eigenvalue method
      low eigenvalue method starts
         MasterEquation::low_eigenvalue_matrix:  starts
            setting up kinetic matrices ... done, cpu time[sec] = 3.09, elapsed time[sec] = 0
            inverting kinetic matrices ... done, cpu time[sec] = 0.02, elapsed time[sec] = 0
         MasterEquation::low_eigenvalue_matrix:  done, cpu time[sec] = 3.11, elapsed time[sec] = 0
         direct-diagonalization(DD)-versus-low-eigenvalue(LE) eigenvalues
             L      DD eval      LE eval     LE proj
             0  8.19431e-11  8.19638e-11  4.35012e-12
      low eigenvalue method done, cpu time[sec] = 3.11, elapsed time[sec] = 0
      eigenvector populations normalized:
          L        *R        *P     REACS
          0   8.2e-11  4.35e-12         1
         *R - eigenvalue over the relaxation limit
         *P - eigenvector projection squared on the relaxation subspace
      eigenvector projections:
          L        *Q        *P     REACS
          0  6.38e-12  4.35e-12         1
         *Z       ---       ---     1e+22
         *Q - eigenvalue over the collision frequency
         *P - eigenvector projection squared on the relaxation subspace
         *Z - well partition function square root
      isomers-to-bimolecular equilibrium coefficients (kappa matrix):
        W\P    PRODS
      REACS        0
      projection error = 4.3e-12
      Wa->Wb/Wb->Wa rate constants ratios:
      Wb\Wa     REACS
      REACS         1
      W->P/P->W rate constants ratios:
        P\W     REACS
      PRODS         1
   MasterEquation::direct_diagonalization_method:  done, cpu time[sec] = 3.36, elapsed time[sec] = 0
   MasterEquation::direct_diagonalization_method:  starts
      Pressure = 1 atm	 Temperature = 700 K
      collision frequency = 2.72594e+09 1/sec
      global relaxation matrix dimension = 251
      setting global matrices ... done, cpu time[sec] = 0.04, elapsed time[sec] = 0
      diagonalizing global relaxation matrix ... done, cpu time[sec] = 0.19, elapsed time[sec] = 0
      minimal relaxation eigenvalue / collision frequency = 0.0776207
      maximal relaxation eigenvalue / collision frequency = 1.45512
      microscopic rate coefficients (at reference energy) over collision frequency:
       REACS->PRODS
           0.496245
      some eigenvalues are too small: using low eigenvalue method
      low eigenvalue method starts
         MasterEquation::low_eigenvalue_matrix:  starts
            setting up kinetic matrices ... done, cpu time[sec] = 3.26, elapsed time[sec] = 0
            inverting kinetic matrices ... done, cpu time[sec] = 0.01, elapsed time[sec] = 0
         MasterEquation::low_eigenvalue_matrix:  done, cpu time[sec] = 3.28, elapsed time[sec] = 0
         direct-diagonalization(DD)-versus-low-eigenvalue(LE) eigenvalues
             L      DD eval      LE eval     LE proj
             0  8.98803e-12  8.97871e-12  1.42699e-13
      low eigenvalue method done, cpu time[sec] = 3.28, elapsed time[sec] = 0
      eigenvector populations normalized:
          L        *R        *P     REACS
          0  8.98e-12  1.43e-13         1
         *R - eigenvalue over the relaxation limit
         *P - eigenvector projection squared on the relaxation subspace
      eigenvector projections:
          L        *Q        *P     REACS
          0  6.97e-13  1.43e-13         1
         *Z       ---       ---     1e+22
         *Q - eigenvalue over the collision frequency
         *P - eigenvector projection squared on the relaxation subspace
         *Z - well partition function square root
      isomers-to-bimolecular equilibrium coefficients (kappa matrix):
        W\P    PRODS
      REACS        0
      projection error = 1.4e-13
      Wa->Wb/Wb->Wa rate constants ratios:
      Wb\Wa     REACS
      REACS         1
      W->P/P->W rate constants ratios:
        P\W     REACS
      PRODS         1
   MasterEquation::direct_diagonalization_method:  done, cpu time[sec] = 3.53, elapsed time[sec] = 0
   MasterEquation::direct_diagonalization_method:  starts
      Pressure = 10 atm	 Temperature = 700 K
      collision frequency = 2.72594e+10 1/sec
      global relaxation matrix dimension = 251
      setting global matrices ... done, cpu time[sec] = 0.04, elapsed time[sec] = 0
      diagonalizing global relaxation matrix ... done, cpu time[sec] = 0.21, elapsed time[sec] = 0
      minimal relaxation eigenvalue / collision frequency = 0.0775271
      maximal relaxation eigenvalue / collision frequency = 1.02849
      microscopic rate coefficients (at reference energy) over collision frequency:
       REACS->PRODS
          0.0496245
      some eigenvalues are too small: using low eigenvalue method
      low eigenvalue method starts
         MasterEquation::low_eigenvalue_matrix:  starts
            setting up kinetic matrices ... done, cpu time[sec] = 3.01, elapsed time[sec] = 1
            inverting kinetic matrices ... done, cpu time[sec] = 0.01, elapsed time[sec] = 0
         MasterEquation::low_eigenvalue_matrix:  done, cpu time[sec] = 3.03, elapsed time[sec] = 1
         direct-diagonalization(DD)-versus-low-eigenvalue(LE) eigenvalues
             L      DD eval      LE eval     LE proj
             0   9.2034e-13  9.18569e-13   2.5437e-15
      low eigenvalue method done, cpu time[sec] = 3.03, elapsed time[sec] = 1
      eigenvector populations normalized:
          L        *R        *P     REACS
          0  9.19e-13  2.66e-15         1
         *R - eigenvalue over the relaxation limit
         *P - eigenvector projection squared on the relaxation subspace
      eigenvector projections:
          L        *Q        *P     REACS
          0  7.12e-14  2.66e-15         1
         *Z       ---       ---     1e+22
         *Q - eigenvalue over the collision frequency
         *P - eigenvector projection squared on the relaxation subspace
         *Z - well partition function square root
      isomers-to-bimolecular equilibrium coefficients (kappa matrix):
        W\P    PRODS
      REACS        0
      projection error = 2.7e-15
      Wa->Wb/Wb->Wa rate constants ratios:
      Wb\Wa     REACS
      REACS         1
      W->P/P->W rate constants ratios:
        P\W     REACS
      PRODS         1
   MasterEquation::direct_diagonalization_method:  done, cpu time[sec] = 3.3, elapsed time[sec] = 1
   MasterEquation::direct_diagonalization_method:  starts
      Pressure = 1000 atm	 Temperature = 700 K
      collision frequency = 2.72594e+12 1/sec
      global relaxation matrix dimension = 251
      setting global matrices ... done, cpu time[sec] = 0.05, elapsed time[sec] = 0
      diagonalizing global relaxation matrix ... done, cpu time[sec] = 0.19, elapsed time[sec] = 0
      minimal relaxation eigenvalue / collision frequency = 0.0774978
      maximal relaxation eigenvalue / collision frequency = 0.986129
      microscopic rate coefficients (at reference energy) over collision frequency:
       REACS->PRODS
        0.000496245
      some eigenvalues are too small: using low eigenvalue method
      low eigenvalue method starts
         MasterEquation::low_eigenvalue_matrix:  starts
            setting up kinetic matrices ... done, cpu time[sec] = 3.18, elapsed time[sec] = 0
            inverting kinetic matrices ... done, cpu time[sec] = 0.01, elapsed time[sec] = 0
         MasterEquation::low_eigenvalue_matrix:  done, cpu time[sec] = 3.19, elapsed time[sec] = 0
         direct-diagonalization(DD)-versus-low-eigenvalue(LE) eigenvalues
             L      DD eval      LE eval     LE proj
             0  1.67988e-14   9.2215e-15  2.90812e-19
      low eigenvalue method done, cpu time[sec] = 3.2, elapsed time[sec] = 0
      eigenvector populations normalized:
          L        *R        *P     REACS
          0  9.22e-15  4.44e-16         1
         *R - eigenvalue over the relaxation limit
         *P - eigenvector projection squared on the relaxation subspace
      eigenvector projections:
          L        *Q        *P     REACS
          0  7.15e-16  4.44e-16         1
         *Z       ---       ---     1e+22
         *Q - eigenvalue over the collision frequency
         *P - eigenvector projection squared on the relaxation subspace
         *Z - well partition function square root
      isomers-to-bimolecular equilibrium coefficients (kappa matrix):
        W\P    PRODS
      REACS        0
      projection error = 4.4e-16
      Wa->Wb/Wb->Wa rate constants ratios:
      Wb\Wa     REACS
      REACS         1
      W->P/P->W rate constants ratios:
        P\W     REACS
      PRODS         1
   MasterEquation::direct_diagonalization_method:  done, cpu time[sec] = 3.46, elapsed time[sec] = 0
   MasterEquation::set:  starts
      Temperature      = 800 K
      Collision rate   = 2.7148e-10cm^3/sec
      Energy reference = 44476 1/cm
      Energy step      = 111 1/cm
      setting wells, barriers, and bimolecular starts
         REACS Well: density of states done, elapsed time[sec] = 0.01
         REACS Well: collisional energy transfer kernel done, elapsed time[sec] = 0.03
         REACS Well: relaxation modes basis done, elapsed time[sec] = 0.04
         REACS Well: kernel in relaxation modes basis done, elapsed time[sec] = 0.21
         REACS Well: relaxation eigenvalues done, elapsed time[sec] = 0.07
         REACS Well: minimal relaxation eigenvalue = 0.0681528
         REACS Well: maximal relaxation eigenvalue = 0.986263
         REACS Well:       grid size = 251
         REACS Well:      real depth = 0 1/cm
         REACS Well: effective depth = 16615 1/cm
         TS Barrier:        grid size = 151
         TS Barrier:      real height = 27795 1/cm
         TS Barrier: effective height = 27715 1/cm
      setting wells, barriers, and bimolecular done, cpu time[sec] = 0.36, elapsed time[sec] = 0
      Bound Species (D1/D2 - density of states at dissociation energy (DE)/reference energy):
       Name  Depth     DE      *D1      *D2
              1/cm   1/cm       cm       cm
      REACS  16616  27716 1.31e+19 1.09e+23
      Well-to-Bimolecular Barriers (N - number of states at the reference energy):
       Name Height       *N
              1/cm         
         TS  27716  1.6e+22
      Effective equilibrium constants(bimolecular units - cm^3):
        Q/Q     REACS     PRODS
      REACS         1  6.14e-06
      PRODS  1.63e+05         1
      Real equilibrium constants(bimolecular units - cm^3):
        Q/Q     REACS     PRODS
      REACS         1  1.54e-05
      PRODS  6.48e+04         1
   MasterEquation::set:  done, cpu time[sec] = 0.36, elapsed time[sec] = 0
   MasterEquation::direct_diagonalization_method:  starts
      Pressure = 0.1 atm	 Temperature = 800 K
      collision frequency = 2.49023e+08 1/sec
      global relaxation matrix dimension = 251
      setting global matrices ... done, cpu time[sec] = 0.06, elapsed time[sec] = 0
      diagonalizing global relaxation matrix ... done, cpu time[sec] = 0.19, elapsed time[sec] = 0
      minimal relaxation eigenvalue / collision frequency = 0.0685161
      maximal relaxation eigenvalue / collision frequency = 18.5173
      microscopic rate coefficients (at reference energy) over collision frequency:
       REACS->PRODS
            17.6636
      some eigenvalues are too small: using low eigenvalue method
      low eigenvalue method starts
         MasterEquation::low_eigenvalue_matrix:  starts
            setting up kinetic matrices ... done, cpu time[sec] = 3.33, elapsed time[sec] = 0
            inverting kinetic matrices ... done, cpu time[sec] = 0.01, elapsed time[sec] = 0
         MasterEquation::low_eigenvalue_matrix:  done, cpu time[sec] = 3.34, elapsed time[sec] = 0
         direct-diagonalization(DD)-versus-low-eigenvalue(LE) eigenvalues
             L      DD eval      LE eval     LE proj
             0  1.14195e-09  1.14197e-09  1.14445e-10
      low eigenvalue method done, cpu time[sec] = 3.34, elapsed time[sec] = 0
      eigenvector populations normalized:
          L        *R        *P     REACS
          0  1.14e-09  1.14e-10         1
         *R - eigenvalue over the relaxation limit
         *P - eigenvector projection squared on the relaxation subspace
      eigenvector projections:
          L        *Q        *P     REACS
          0  7.82e-11  1.14e-10         1
         *Z       ---       ---  5.96e+21
         *Q - eigenvalue over the collision frequency
         *P - eigenvector projection squared on the relaxation subspace
         *Z - well partition function square root
      isomers-to-bimolecular equilibrium coefficients (kappa matrix):
        W\P    PRODS
      REACS        0
      projection error = 1.1e-10
      Wa->Wb/Wb->Wa rate constants ratios:
      Wb\Wa     REACS
      REACS         1
      W->P/P->W rate constants ratios:
        P\W     REACS
      PRODS         1
   MasterEquation::direct_diagonalization_method:  done, cpu time[sec] = 3.61, elapsed time[sec] = 0
   MasterEquation::direct_diagonalization_method:  starts
      Pressure = 1 atm	 Temperature = 800 K
      collision frequency = 2.49023e+09 1/sec
      global relaxation matrix dimension = 251
      setting global matrices ... done, cpu time[sec] = 0.04, elapsed time[sec] = 0
      diagonalizing global relaxation matrix ... done, cpu time[sec] = 0.19, elapsed time[sec] = 0
      minimal relaxation eigenvalue / collision frequency = 0.0682947
      maximal relaxation eigenvalue / collision frequency = 2.69456
      microscopic rate coefficients (at reference energy) over collision frequency:
       REACS->PRODS
            1.76636
      some eigenvalues are too small: using low eigenvalue method
      low eigenvalue method starts
         MasterEquation::low_eigenvalue_matrix:  starts
            setting up kinetic matrices ... done, cpu time[sec] = 2.98, elapsed time[sec] = 0
            inverting kinetic matrices ... done, cpu time[sec] = 0.01, elapsed time[sec] = 0
         MasterEquation::low_eigenvalue_matrix:  done, cpu time[sec] = 3, elapsed time[sec] = 0
         direct-diagonalization(DD)-versus-low-eigenvalue(LE) eigenvalues
             L      DD eval      LE eval     LE proj
             0  1.40173e-10  1.40184e-10  5.80862e-12
      low eigenvalue method done, cpu time[sec] = 3.01, elapsed time[sec] = 0
      eigenvector populations normalized:
          L        *R        *P     REACS
          0   1.4e-10  5.81e-12         1
         *R - eigenvalue over the relaxation limit
         *P - eigenvector projection squared on the relaxation subspace
      eigenvector projections:
          L        *Q        *P     REACS
          0  9.57e-12  5.81e-12         1
         *Z       ---       ---  5.96e+21
         *Q - eigenvalue over the collision frequency
         *P - eigenvector projection squared on the relaxation subspace
         *Z - well partition function square root
      isomers-to-bimolecular equilibrium coefficients (kappa matrix):
        W\P    PRODS
      REACS        0
      projection error = 5.8e-12
      Wa->Wb/Wb->Wa rate constants ratios:
      Wb\Wa     REACS
      REACS         1
      W->P/P->W rate constants ratios:
        P\W     REACS
      PRODS         1
   MasterEquation::direct_diagonalization_method:  done, cpu time[sec] = 3.27, elapsed time[sec] = 0
   MasterEquation::direct_diagonalization_method:  starts
      Pressure = 10 atm	 Temperature = 800 K
      collision frequency = 2.49023e+10 1/sec
      global relaxation matrix dimension = 251
      setting global matrices ... done, cpu time[sec] = 0.04, elapsed time[sec] = 0
      diagonalizing global relaxation matrix ... done, cpu time[sec] = 0.2, elapsed time[sec] = 0
      minimal relaxation eigenvalue / collision frequency = 0.0681931
      maximal relaxation eigenvalue / collision frequency = 1.14753
      microscopic rate coefficients (at reference energy) over collision frequency:
       REACS->PRODS
           0.176636
      some eigenvalues are too small: using low eigenvalue method
      low eigenvalue method starts
         MasterEquation::low_eigenvalue_matrix:  starts
            setting up kinetic matrices ... done, cpu time[sec] = 3.19, elapsed time[sec] = 0
            inverting kinetic matrices ... done, cpu time[sec] = 0.01, elapsed time[sec] = 0
         MasterEquation::low_eigenvalue_matrix:  done, cpu time[sec] = 3.2, elapsed time[sec] = 0
         direct-diagonalization(DD)-versus-low-eigenvalue(LE) eigenvalues
             L      DD eval      LE eval     LE proj
             0  1.50507e-11  1.50431e-11  1.63232e-13
      low eigenvalue method done, cpu time[sec] = 3.21, elapsed time[sec] = 0
      eigenvector populations normalized:
          L        *R        *P     REACS
          0   1.5e-11  1.63e-13         1
         *R - eigenvalue over the relaxation limit
         *P - eigenvector projection squared on the relaxation subspace
      eigenvector projections:
          L        *Q        *P     REACS
          0  1.03e-12  1.63e-13         1
         *Z       ---       ---  5.96e+21
         *Q - eigenvalue over the collision frequency
         *P - eigenvector projection squared on the relaxation subspace
         *Z - well partition function square root
      isomers-to-bimolecular equilibrium coefficients (kappa matrix):
        W\P    PRODS
      REACS        0
      projection error = 1.6e-13
      Wa->Wb/Wb->Wa rate constants ratios:
      Wb\Wa     REACS
      REACS         1
      W->P/P->W rate constants ratios:
        P\W     REACS
      PRODS         1
   MasterEquation::direct_diagonalization_method:  done, cpu time[sec] = 3.46, elapsed time[sec] = 0
   MasterEquation::direct_diagonalization_method:  starts
      Pressure = 1000 atm	 Temperature = 800 K
      collision frequency = 2.49023e+12 1/sec
      global relaxation matrix dimension = 251
      setting global matrices ... done, cpu time[sec] = 0.05, elapsed time[sec] = 0
      diagonalizing global relaxation matrix ... done, cpu time[sec] = 0.18, elapsed time[sec] = 1
      minimal relaxation eigenvalue / collision frequency = 0.0681535
      maximal relaxation eigenvalue / collision frequency = 0.986263
      microscopic rate coefficients (at reference energy) over collision frequency:
       REACS->PRODS
         0.00176636
      some eigenvalues are too small: using low eigenvalue method
      low eigenvalue method starts
         MasterEquation::low_eigenvalue_matrix:  starts
            setting up kinetic matrices ... done, cpu time[sec] = 2.92, elapsed time[sec] = 0
            inverting kinetic matrices ... done, cpu time[sec] = 0.01, elapsed time[sec] = 0
         MasterEquation::low_eigenvalue_matrix:  done, cpu time[sec] = 2.93, elapsed time[sec] = 0
         direct-diagonalization(DD)-versus-low-eigenvalue(LE) eigenvalues
             L      DD eval      LE eval     LE proj
             0  1.39586e-13  1.53009e-13  2.49919e-17
      low eigenvalue method done, cpu time[sec] = 2.93, elapsed time[sec] = 0
      eigenvector populations normalized:
          L        *R        *P     REACS
          0  1.53e-13  2.22e-16         1
         *R - eigenvalue over the relaxation limit
         *P - eigenvector projection squared on the relaxation subspace
      eigenvector projections:
          L        *Q        *P     REACS
          0  1.04e-14  2.22e-16         1
         *Z       ---       ---  5.96e+21
         *Q - eigenvalue over the collision frequency
         *P - eigenvector projection squared on the relaxation subspace
         *Z - well partition function square root
      isomers-to-bimolecular equilibrium coefficients (kappa matrix):
        W\P    PRODS
      REACS        0
      projection error = 2.2e-16
      Wa->Wb/Wb->Wa rate constants ratios:
      Wb\Wa     REACS
      REACS         1
      W->P/P->W rate constants ratios:
        P\W     REACS
      PRODS         1
   MasterEquation::direct_diagonalization_method:  done, cpu time[sec] = 3.18, elapsed time[sec] = 1
   MasterEquation::set:  starts
      Temperature      = 900 K
      Collision rate   = 2.82342e-10cm^3/sec
      Energy reference = 46561 1/cm
      Energy step      = 125 1/cm
      setting wells, barriers, and bimolecular starts
         REACS Well: density of states done, elapsed time[sec] = 0
         REACS Well: collisional energy transfer kernel done, elapsed time[sec] = 0.03
         REACS Well: relaxation modes basis done, elapsed time[sec] = 0.05
         REACS Well: kernel in relaxation modes basis done, elapsed time[sec] = 0.22
         REACS Well: relaxation eigenvalues done, elapsed time[sec] = 0.05
         REACS Well: minimal relaxation eigenvalue = 0.0594877
         REACS Well: maximal relaxation eigenvalue = 0.986527
         REACS Well:       grid size = 251
         REACS Well:      real depth = 0 1/cm
         REACS Well: effective depth = 15186 1/cm
         TS Barrier:        grid size = 151
         TS Barrier:      real height = 27795 1/cm
         TS Barrier: effective height = 27685 1/cm
      setting wells, barriers, and bimolecular done, cpu time[sec] = 0.38, elapsed time[sec] = 0
      Bound Species (D1/D2 - density of states at dissociation energy (DE)/reference energy):
       Name  Depth     DE      *D1      *D2
              1/cm   1/cm       cm       cm
      REACS  15186  27686 1.28e+19 2.79e+23
      Well-to-Bimolecular Barriers (N - number of states at the reference energy):
       Name Height       *N
              1/cm         
         TS  27686 1.16e+23
      Effective equilibrium constants(bimolecular units - cm^3):
        Q/Q     REACS     PRODS
      REACS         1   4.3e-07
      PRODS  2.33e+06         1
      Real equilibrium constants(bimolecular units - cm^3):
        Q/Q     REACS     PRODS
      REACS         1  4.31e-08
      PRODS  2.32e+07         1
   MasterEquation::set:  done, cpu time[sec] = 0.38, elapsed time[sec] = 0
   MasterEquation::direct_diagonalization_method:  starts
      Pressure = 0.1 atm	 Temperature = 900 K
      collision frequency = 2.3021e+08 1/sec
      global relaxation matrix dimension = 251
      setting global matrices ... done, cpu time[sec] = 0.05, elapsed time[sec] = 0
      diagonalizing global relaxation matrix ... done, cpu time[sec] = 0.18, elapsed time[sec] = 0
      minimal relaxation eigenvalue / collision frequency = 0.0598916
      maximal relaxation eigenvalue / collision frequency = 54.8634
      microscopic rate coefficients (at reference energy) over collision frequency:
       REACS->PRODS
            54.0271
      some eigenvalues are too small: using low eigenvalue method
      low eigenvalue method starts
         MasterEquation::low_eigenvalue_matrix:  starts
            setting up kinetic matrices ... done, cpu time[sec] = 2.89, elapsed time[sec] = 0
            inverting kinetic matrices ... done, cpu time[sec] = 0.01, elapsed time[sec] = 0
         MasterEquation::low_eigenvalue_matrix:  done, cpu time[sec] = 2.9, elapsed time[sec] = 0
         direct-diagonalization(DD)-versus-low-eigenvalue(LE) eigenvalues
             L      DD eval      LE eval     LE proj
             0  1.37956e-08  1.37956e-08  2.06661e-09
      low eigenvalue method done, cpu time[sec] = 2.9, elapsed time[sec] = 0
      eigenvector populations normalized:
          L        *R        *P     REACS
          0  1.38e-08  2.07e-09         1
         *R - eigenvalue over the relaxation limit
         *P - eigenvector projection squared on the relaxation subspace
      eigenvector projections:
          L        *Q        *P     REACS
          0  8.26e-10  2.07e-09         1
         *Z       ---       ---  3.47e+21
         *Q - eigenvalue over the collision frequency
         *P - eigenvector projection squared on the relaxation subspace
         *Z - well partition function square root
      isomers-to-bimolecular equilibrium coefficients (kappa matrix):
        W\P    PRODS
      REACS        0
      projection error = 2.1e-09
      Wa->Wb/Wb->Wa rate constants ratios:
      Wb\Wa     REACS
      REACS         1
      W->P/P->W rate constants ratios:
        P\W     REACS
      PRODS         1
   MasterEquation::direct_diagonalization_method:  done, cpu time[sec] = 3.16, elapsed time[sec] = 0
   MasterEquation::direct_diagonalization_method:  starts
      Pressure = 1 atm	 Temperature = 900 K
      collision frequency = 2.3021e+09 1/sec
      global relaxation matrix dimension = 251
      setting global matrices ... done, cpu time[sec] = 0.04, elapsed time[sec] = 0
      diagonalizing global relaxation matrix ... done, cpu time[sec] = 0.18, elapsed time[sec] = 0
      minimal relaxation eigenvalue / collision frequency = 0.0596515
      maximal relaxation eigenvalue / collision frequency = 6.28943
      microscopic rate coefficients (at reference energy) over collision frequency:
       REACS->PRODS
            5.40271
      some eigenvalues are too small: using low eigenvalue method
      low eigenvalue method starts
         MasterEquation::low_eigenvalue_matrix:  starts
            setting up kinetic matrices ... done, cpu time[sec] = 2.89, elapsed time[sec] = 0
            inverting kinetic matrices ... done, cpu time[sec] = 0.01, elapsed time[sec] = 0
         MasterEquation::low_eigenvalue_matrix:  done, cpu time[sec] = 2.9, elapsed time[sec] = 0
         direct-diagonalization(DD)-versus-low-eigenvalue(LE) eigenvalues
             L      DD eval      LE eval     LE proj
             0  1.97292e-09  1.97292e-09  1.53404e-10
      low eigenvalue method done, cpu time[sec] = 2.9, elapsed time[sec] = 0
      eigenvector populations normalized:
          L        *R        *P     REACS
          0  1.97e-09  1.53e-10         1
         *R - eigenvalue over the relaxation limit
         *P - eigenvector projection squared on the relaxation subspace
      eigenvector projections:
          L        *Q        *P     REACS
          0  1.18e-10  1.53e-10         1
         *Z       ---       ---  3.47e+21
         *Q - eigenvalue over the collision frequency
         *P - eigenvector projection squared on the relaxation subspace
         *Z - well partition function square root
      isomers-to-bimolecular equilibrium coefficients (kappa matrix):
        W\P    PRODS
      REACS        0
      projection error = 1.5e-10
      Wa->Wb/Wb->Wa rate constants ratios:
      Wb\Wa     REACS
      REACS         1
      W->P/P->W rate constants ratios:
        P\W     REACS
      PRODS         1
   MasterEquation::direct_diagonalization_method:  done, cpu time[sec] = 3.16, elapsed time[sec] = 0
   MasterEquation::direct_diagonalization_method:  starts
      Pressure = 10 atm	 Temperature = 900 K
      collision frequency = 2.3021e+10 1/sec
      global relaxation matrix dimension = 251
      setting global matrices ... done, cpu time[sec] = 0.04, elapsed time[sec] = 0
      diagonalizing global relaxation matrix ... done, cpu time[sec] = 0.19, elapsed time[sec] = 0
      minimal relaxation eigenvalue / collision frequency = 0.0595379
      maximal relaxation eigenvalue / collision frequency = 1.49675
      microscopic rate coefficients (at reference energy) over collision frequency:
       REACS->PRODS
           0.540271
      some eigenvalues are too small: using low eigenvalue method
      low eigenvalue method starts
         MasterEquation::low_eigenvalue_matrix:  starts
            setting up kinetic matrices ... done, cpu time[sec] = 2.9, elapsed time[sec] = 0
            inverting kinetic matrices ... done, cpu time[sec] = 0.01, elapsed time[sec] = 0
         MasterEquation::low_eigenvalue_matrix:  done, cpu time[sec] = 2.91, elapsed time[sec] = 0
         direct-diagonalization(DD)-versus-low-eigenvalue(LE) eigenvalues
             L      DD eval      LE eval     LE proj
             0  2.31178e-10  2.31181e-10  6.49696e-12
      low eigenvalue method done, cpu time[sec] = 2.92, elapsed time[sec] = 0
      eigenvector populations normalized:
          L        *R        *P     REACS
          0  2.31e-10   6.5e-12         1
         *R - eigenvalue over the relaxation limit
         *P - eigenvector projection squared on the relaxation subspace
      eigenvector projections:
          L        *Q        *P     REACS
          0  1.38e-11   6.5e-12         1
         *Z       ---       ---  3.47e+21
         *Q - eigenvalue over the collision frequency
         *P - eigenvector projection squared on the relaxation subspace
         *Z - well partition function square root
      isomers-to-bimolecular equilibrium coefficients (kappa matrix):
        W\P    PRODS
      REACS        0
      projection error = 6.5e-12
      Wa->Wb/Wb->Wa rate constants ratios:
      Wb\Wa     REACS
      REACS         1
      W->P/P->W rate constants ratios:
        P\W     REACS
      PRODS         1
   MasterEquation::direct_diagonalization_method:  done, cpu time[sec] = 3.16, elapsed time[sec] = 0
   MasterEquation::direct_diagonalization_method:  starts
      Pressure = 1000 atm	 Temperature = 900 K
      collision frequency = 2.3021e+12 1/sec
      global relaxation matrix dimension = 251
      setting global matrices ... done, cpu time[sec] = 0.04, elapsed time[sec] = 0
      diagonalizing global relaxation matrix ... done, cpu time[sec] = 0.19, elapsed time[sec] = 0
      minimal relaxation eigenvalue / collision frequency = 0.0594889
      maximal relaxation eigenvalue / collision frequency = 0.98838
      microscopic rate coefficients (at reference energy) over collision frequency:
       REACS->PRODS
         0.00540271
      some eigenvalues are too small: using low eigenvalue method
      low eigenvalue method starts
         MasterEquation::low_eigenvalue_matrix:  starts
            setting up kinetic matrices ... done, cpu time[sec] = 2.99, elapsed time[sec] = 1
            inverting kinetic matrices ... done, cpu time[sec] = 0.01, elapsed time[sec] = 0
         MasterEquation::low_eigenvalue_matrix:  done, cpu time[sec] = 3, elapsed time[sec] = 1
         direct-diagonalization(DD)-versus-low-eigenvalue(LE) eigenvalues
             L      DD eval      LE eval     LE proj
             0  2.44294e-12  2.44164e-12  1.65317e-15
      low eigenvalue method done, cpu time[sec] = 3, elapsed time[sec] = 1
      eigenvector populations normalized:
          L        *R        *P     REACS
          0  2.44e-12     2e-15         1
         *R - eigenvalue over the relaxation limit
         *P - eigenvector projection squared on the relaxation subspace
      eigenvector projections:
          L        *Q        *P     REACS
          0  1.45e-13     2e-15         1
         *Z       ---       ---  3.47e+21
         *Q - eigenvalue over the collision frequency
         *P - eigenvector projection squared on the relaxation subspace
         *Z - well partition function square root
      isomers-to-bimolecular equilibrium coefficients (kappa matrix):
        W\P    PRODS
      REACS        0
      projection error = 2e-15
      Wa->Wb/Wb->Wa rate constants ratios:
      Wb\Wa     REACS
      REACS         1
      W->P/P->W rate constants ratios:
        P\W     REACS
      PRODS         1
   MasterEquation::direct_diagonalization_method:  done, cpu time[sec] = 3.25, elapsed time[sec] = 1
   MasterEquation::set:  starts
      Temperature      = 1000 K
      Collision rate   = 2.92635e-10cm^3/sec
      Energy reference = 48647 1/cm
      Energy step      = 139 1/cm
      setting wells, barriers, and bimolecular starts
         REACS Well: density of states done, elapsed time[sec] = 0
         REACS Well: collisional energy transfer kernel done, elapsed time[sec] = 0.03
         REACS Well: relaxation modes basis done, elapsed time[sec] = 0.04
         REACS Well: kernel in relaxation modes basis done, elapsed time[sec] = 0.22
         REACS Well: relaxation eigenvalues done, elapsed time[sec] = 0.06
         REACS Well: minimal relaxation eigenvalue = 0.0515633
         REACS Well: maximal relaxation eigenvalue = 0.986925
         REACS Well:       grid size = 251
         REACS Well:      real depth = 0 1/cm
         REACS Well: effective depth = 13757 1/cm
         TS Barrier:        grid size = 151
         TS Barrier:      real height = 27795 1/cm
         TS Barrier: effective height = 27657 1/cm
      setting wells, barriers, and bimolecular done, cpu time[sec] = 0.36, elapsed time[sec] = 0
      Bound Species (D1/D2 - density of states at dissociation energy (DE)/reference energy):
       Name  Depth     DE      *D1      *D2
              1/cm   1/cm       cm       cm
      REACS  13758  27658 1.26e+19 6.92e+23
      Well-to-Bimolecular Barriers (N - number of states at the reference energy):
       Name Height       *N
              1/cm         
         TS  27658 7.25e+23
      Effective equilibrium constants(bimolecular units - cm^3):
        Q/Q     REACS     PRODS
      REACS         1  3.27e-08
      PRODS  3.06e+07         1
      Real equilibrium constants(bimolecular units - cm^3):
        Q/Q     REACS     PRODS
      REACS         1  3.98e-10
      PRODS  2.52e+09         1
   MasterEquation::set:  done, cpu time[sec] = 0.36, elapsed time[sec] = 0
   MasterEquation::direct_diagonalization_method:  starts
      Pressure = 0.1 atm	 Temperature = 1000 K
      collision frequency = 2.14743e+08 1/sec
      global relaxation matrix dimension = 251
      setting global matrices ... done, cpu time[sec] = 0.05, elapsed time[sec] = 0
      diagonalizing global relaxation matrix ... done, cpu time[sec] = 0.17, elapsed time[sec] = 0
      minimal relaxation eigenvalue / collision frequency = 0.0520357
      maximal relaxation eigenvalue / collision frequency = 147.193
      microscopic rate coefficients (at reference energy) over collision frequency:
       REACS->PRODS
            146.364
      eigenvector populations normalized:
          L        *R        *P     REACS
          0  1.46e-07  2.83e-08         1
         *R - eigenvalue over the relaxation limit
         *P - eigenvector projection squared on the relaxation subspace
      eigenvector projections:
          L        *Q        *P     REACS
          0  7.58e-09  2.83e-08        -1
         *Z       ---       ---  1.98e+21
         *Q - eigenvalue over the collision frequency
         *P - eigenvector projection squared on the relaxation subspace
         *Z - well partition function square root
      isomers-to-bimolecular equilibrium coefficients (kappa matrix):
        W\P    PRODS
      REACS        0
      projection error = 2.8e-08
      Wa->Wb/Wb->Wa rate constants ratios:
      Wb\Wa     REACS
      REACS         1
      W->P/P->W rate constants ratios:
        P\W     REACS
      PRODS         1
   MasterEquation::direct_diagonalization_method:  done, cpu time[sec] = 0.25, elapsed time[sec] = 0
   MasterEquation::direct_diagonalization_method:  starts
      Pressure = 1 atm	 Temperature = 1000 K
      collision frequency = 2.14743e+09 1/sec
      global relaxation matrix dimension = 251
      setting global matrices ... done, cpu time[sec] = 0.04, elapsed time[sec] = 0
      diagonalizing global relaxation matrix ... done, cpu time[sec] = 0.18, elapsed time[sec] = 0
      minimal relaxation eigenvalue / collision frequency = 0.0517622
      maximal relaxation eigenvalue / collision frequency = 15.4903
      microscopic rate coefficients (at reference energy) over collision frequency:
       REACS->PRODS
            14.6364
      some eigenvalues are too small: using low eigenvalue method
      low eigenvalue method starts
         MasterEquation::low_eigenvalue_matrix:  starts
            setting up kinetic matrices ... done, cpu time[sec] = 2.87, elapsed time[sec] = 0
            inverting kinetic matrices ... done, cpu time[sec] = 0.01, elapsed time[sec] = 0
         MasterEquation::low_eigenvalue_matrix:  done, cpu time[sec] = 2.88, elapsed time[sec] = 0
         direct-diagonalization(DD)-versus-low-eigenvalue(LE) eigenvalues
             L      DD eval      LE eval     LE proj
             0   2.4749e-08  2.47491e-08  2.91661e-09
      low eigenvalue method done, cpu time[sec] = 2.88, elapsed time[sec] = 0
      eigenvector populations normalized:
          L        *R        *P     REACS
          0  2.47e-08  2.92e-09         1
         *R - eigenvalue over the relaxation limit
         *P - eigenvector projection squared on the relaxation subspace
      eigenvector projections:
          L        *Q        *P     REACS
          0  1.28e-09  2.92e-09         1
         *Z       ---       ---  1.98e+21
         *Q - eigenvalue over the collision frequency
         *P - eigenvector projection squared on the relaxation subspace
         *Z - well partition function square root
      isomers-to-bimolecular equilibrium coefficients (kappa matrix):
        W\P    PRODS
      REACS        0
      projection error = 2.9e-09
      Wa->Wb/Wb->Wa rate constants ratios:
      Wb\Wa     REACS
      REACS         1
      W->P/P->W rate constants ratios:
        P\W     REACS
      PRODS         1
   MasterEquation::direct_diagonalization_method:  done, cpu time[sec] = 3.13, elapsed time[sec] = 0
   MasterEquation::direct_diagonalization_method:  starts
      Pressure = 10 atm	 Temperature = 1000 K
      collision frequency = 2.14743e+10 1/sec
      global relaxation matrix dimension = 251
      setting global matrices ... done, cpu time[sec] = 0.04, elapsed time[sec] = 0
      diagonalizing global relaxation matrix ... done, cpu time[sec] = 0.18, elapsed time[sec] = 0
      minimal relaxation eigenvalue / collision frequency = 0.0516279
      maximal relaxation eigenvalue / collision frequency = 2.39649
      microscopic rate coefficients (at reference energy) over collision frequency:
       REACS->PRODS
            1.46364
      some eigenvalues are too small: using low eigenvalue method
      low eigenvalue method starts
         MasterEquation::low_eigenvalue_matrix:  starts
            setting up kinetic matrices ... done, cpu time[sec] = 2.87, elapsed time[sec] = 0
            inverting kinetic matrices ... done, cpu time[sec] = 0.01, elapsed time[sec] = 0
         MasterEquation::low_eigenvalue_matrix:  done, cpu time[sec] = 2.88, elapsed time[sec] = 0
         direct-diagonalization(DD)-versus-low-eigenvalue(LE) eigenvalues
             L      DD eval      LE eval     LE proj
             0  3.28481e-09  3.28476e-09  1.77138e-10
      low eigenvalue method done, cpu time[sec] = 2.89, elapsed time[sec] = 0
      eigenvector populations normalized:
          L        *R        *P     REACS
          0  3.28e-09  1.77e-10         1
         *R - eigenvalue over the relaxation limit
         *P - eigenvector projection squared on the relaxation subspace
      eigenvector projections:
          L        *Q        *P     REACS
          0   1.7e-10  1.77e-10         1
         *Z       ---       ---  1.98e+21
         *Q - eigenvalue over the collision frequency
         *P - eigenvector projection squared on the relaxation subspace
         *Z - well partition function square root
      isomers-to-bimolecular equilibrium coefficients (kappa matrix):
        W\P    PRODS
      REACS        0
      projection error = 1.8e-10
      Wa->Wb/Wb->Wa rate constants ratios:
      Wb\Wa     REACS
      REACS         1
      W->P/P->W rate constants ratios:
        P\W     REACS
      PRODS         1
   MasterEquation::direct_diagonalization_method:  done, cpu time[sec] = 3.14, elapsed time[sec] = 0
   MasterEquation::direct_diagonalization_method:  starts
      Pressure = 1000 atm	 Temperature = 1000 K
      collision frequency = 2.14743e+12 1/sec
      global relaxation matrix dimension = 251
      setting global matrices ... done, cpu time[sec] = 0.04, elapsed time[sec] = 0
      diagonalizing global relaxation matrix ... done, cpu time[sec] = 0.18, elapsed time[sec] = 0
      minimal relaxation eigenvalue / collision frequency = 0.0515654
      maximal relaxation eigenvalue / collision frequency = 0.99603
      microscopic rate coefficients (at reference energy) over collision frequency:
       REACS->PRODS
          0.0146364
      some eigenvalues are too small: using low eigenvalue method
      low eigenvalue method starts
         MasterEquation::low_eigenvalue_matrix:  starts
            setting up kinetic matrices ... done, cpu time[sec] = 2.94, elapsed time[sec] = 0
            inverting kinetic matrices ... done, cpu time[sec] = 0.01, elapsed time[sec] = 0
         MasterEquation::low_eigenvalue_matrix:  done, cpu time[sec] = 2.95, elapsed time[sec] = 0
         direct-diagonalization(DD)-versus-low-eigenvalue(LE) eigenvalues
             L      DD eval      LE eval     LE proj
             0  3.75702e-11  3.75413e-11  8.62824e-14
      low eigenvalue method done, cpu time[sec] = 2.95, elapsed time[sec] = 0
      eigenvector populations normalized:
          L        *R        *P     REACS
          0  3.75e-11  8.62e-14         1
         *R - eigenvalue over the relaxation limit
         *P - eigenvector projection squared on the relaxation subspace
      eigenvector projections:
          L        *Q        *P     REACS
          0  1.94e-12  8.62e-14         1
         *Z       ---       ---  1.98e+21
         *Q - eigenvalue over the collision frequency
         *P - eigenvector projection squared on the relaxation subspace
         *Z - well partition function square root
      isomers-to-bimolecular equilibrium coefficients (kappa matrix):
        W\P    PRODS
      REACS        0
      projection error = 8.6e-14
      Wa->Wb/Wb->Wa rate constants ratios:
      Wb\Wa     REACS
      REACS         1
      W->P/P->W rate constants ratios:
        P\W     REACS
      PRODS         1
   MasterEquation::direct_diagonalization_method:  done, cpu time[sec] = 3.2, elapsed time[sec] = 0
   MasterEquation::set:  starts
      Temperature      = 1100 K
      Collision rate   = 3.02395e-10cm^3/sec
      Energy reference = 50732 1/cm
      Energy step      = 153 1/cm
      setting wells, barriers, and bimolecular starts
         REACS Well: density of states done, elapsed time[sec] = 0
         REACS Well: collisional energy transfer kernel done, elapsed time[sec] = 0.04
         REACS Well: relaxation modes basis done, elapsed time[sec] = 0.03
         REACS Well: kernel in relaxation modes basis done, elapsed time[sec] = 0.22
         REACS Well: relaxation eigenvalues done, elapsed time[sec] = 0.06
         REACS Well: minimal relaxation eigenvalue = 0.0447542
         REACS Well: maximal relaxation eigenvalue = 0.987431
         REACS Well:       grid size = 250
         REACS Well:      real depth = 0 1/cm
         REACS Well: effective depth = 12482 1/cm
         TS Barrier:        grid size = 150
         TS Barrier:      real height = 27795 1/cm
         TS Barrier: effective height = 27782 1/cm
      setting wells, barriers, and bimolecular done, cpu time[sec] = 0.36, elapsed time[sec] = 0
      Bound Species (D1/D2 - density of states at dissociation energy (DE)/reference energy):
       Name  Depth     DE      *D1      *D2
              1/cm   1/cm       cm       cm
      REACS  12483  27782 1.37e+19 1.67e+24
      Well-to-Bimolecular Barriers (N - number of states at the reference energy):
       Name Height       *N
              1/cm         
         TS  27782 4.02e+24
      Effective equilibrium constants(bimolecular units - cm^3):
        Q/Q     REACS     PRODS
      REACS         1  2.55e-09
      PRODS  3.93e+08         1
      Real equilibrium constants(bimolecular units - cm^3):
        Q/Q     REACS     PRODS
      REACS         1  8.75e-12
      PRODS  1.14e+11         1
   MasterEquation::set:  done, cpu time[sec] = 0.36, elapsed time[sec] = 0
   MasterEquation::direct_diagonalization_method:  starts
      Pressure = 0.1 atm	 Temperature = 1100 K
      collision frequency = 2.01732e+08 1/sec
      global relaxation matrix dimension = 250
      setting global matrices ... done, cpu time[sec] = 0.04, elapsed time[sec] = 0
      diagonalizing global relaxation matrix ... done, cpu time[sec] = 0.18, elapsed time[sec] = 0
      minimal relaxation eigenvalue / collision frequency = 0.0453823
      maximal relaxation eigenvalue / collision frequency = 359.448
      microscopic rate coefficients (at reference energy) over collision frequency:
       REACS->PRODS
            358.624
      eigenvector populations normalized:
          L        *R        *P     REACS
          0  1.41e-06  3.31e-07         1
         *R - eigenvalue over the relaxation limit
         *P - eigenvector projection squared on the relaxation subspace
      eigenvector projections:
          L        *Q        *P     REACS
          0  6.42e-08  3.31e-07         1
         *Z       ---       ---  1.09e+21
         *Q - eigenvalue over the collision frequency
         *P - eigenvector projection squared on the relaxation subspace
         *Z - well partition function square root
      isomers-to-bimolecular equilibrium coefficients (kappa matrix):
        W\P    PRODS
      REACS        0
      projection error = 3.3e-07
      Wa->Wb/Wb->Wa rate constants ratios:
      Wb\Wa     REACS
      REACS         1
      W->P/P->W rate constants ratios:
        P\W     REACS
      PRODS         1
   MasterEquation::direct_diagonalization_method:  done, cpu time[sec] = 0.24, elapsed time[sec] = 0
   MasterEquation::direct_diagonalization_method:  starts
      Pressure = 1 atm	 Temperature = 1100 K
      collision frequency = 2.01732e+09 1/sec
      global relaxation matrix dimension = 250
      setting global matrices ... done, cpu time[sec] = 0.04, elapsed time[sec] = 0
      diagonalizing global relaxation matrix ... done, cpu time[sec] = 0.17, elapsed time[sec] = 0
      minimal relaxation eigenvalue / collision frequency = 0.0450323
      maximal relaxation eigenvalue / collision frequency = 36.6984
      microscopic rate coefficients (at reference energy) over collision frequency:
       REACS->PRODS
            35.8624
      eigenvector populations normalized:
          L        *R        *P     REACS
          0  2.87e-07  4.51e-08         1
         *R - eigenvalue over the relaxation limit
         *P - eigenvector projection squared on the relaxation subspace
      eigenvector projections:
          L        *Q        *P     REACS
          0  1.29e-08  4.51e-08         1
         *Z       ---       ---  1.09e+21
         *Q - eigenvalue over the collision frequency
         *P - eigenvector projection squared on the relaxation subspace
         *Z - well partition function square root
      isomers-to-bimolecular equilibrium coefficients (kappa matrix):
        W\P    PRODS
      REACS        0
      projection error = 4.5e-08
      Wa->Wb/Wb->Wa rate constants ratios:
      Wb\Wa     REACS
      REACS         1
      W->P/P->W rate constants ratios:
        P\W     REACS
      PRODS         1
   MasterEquation::direct_diagonalization_method:  done, cpu time[sec] = 0.24, elapsed time[sec] = 0
   MasterEquation::direct_diagonalization_method:  starts
      Pressure = 10 atm	 Temperature = 1100 K
      collision frequency = 2.01732e+10 1/sec
      global relaxation matrix dimension = 250
      setting global matrices ... done, cpu time[sec] = 0.04, elapsed time[sec] = 0
      diagonalizing global relaxation matrix ... done, cpu time[sec] = 0.18, elapsed time[sec] = 0
      minimal relaxation eigenvalue / collision frequency = 0.0448506
      maximal relaxation eigenvalue / collision frequency = 4.487
      microscopic rate coefficients (at reference energy) over collision frequency:
       REACS->PRODS
            3.58624
      some eigenvalues are too small: using low eigenvalue method
      low eigenvalue method starts
         MasterEquation::low_eigenvalue_matrix:  starts
            setting up kinetic matrices ... done, cpu time[sec] = 2.93, elapsed time[sec] = 0
            inverting kinetic matrices ... done, cpu time[sec] = 0.02, elapsed time[sec] = 0
         MasterEquation::low_eigenvalue_matrix:  done, cpu time[sec] = 2.95, elapsed time[sec] = 0
         direct-diagonalization(DD)-versus-low-eigenvalue(LE) eigenvalues
             L      DD eval      LE eval     LE proj
             0  4.41761e-08  4.41761e-08  3.76027e-09
      low eigenvalue method done, cpu time[sec] = 2.95, elapsed time[sec] = 0
      eigenvector populations normalized:
          L        *R        *P     REACS
          0  4.42e-08  3.76e-09         1
         *R - eigenvalue over the relaxation limit
         *P - eigenvector projection squared on the relaxation subspace
      eigenvector projections:
          L        *Q        *P     REACS
          0  1.98e-09  3.76e-09         1
         *Z       ---       ---  1.09e+21
         *Q - eigenvalue over the collision frequency
         *P - eigenvector projection squared on the relaxation subspace
         *Z - well partition function square root
      isomers-to-bimolecular equilibrium coefficients (kappa matrix):
        W\P    PRODS
      REACS        0
      projection error = 3.8e-09
      Wa->Wb/Wb->Wa rate constants ratios:
      Wb\Wa     REACS
      REACS         1
      W->P/P->W rate constants ratios:
        P\W     REACS
      PRODS         1
   MasterEquation::direct_diagonalization_method:  done, cpu time[sec] = 3.2, elapsed time[sec] = 0
   MasterEquation::direct_diagonalization_method:  starts
      Pressure = 1000 atm	 Temperature = 1100 K
      collision frequency = 2.01732e+12 1/sec
      global relaxation matrix dimension = 250
      setting global matrices ... done, cpu time[sec] = 0.04, elapsed time[sec] = 0
      diagonalizing global relaxation matrix ... done, cpu time[sec] = 0.18, elapsed time[sec] = 0
      minimal relaxation eigenvalue / collision frequency = 0.0447582
      maximal relaxation eigenvalue / collision frequency = 1.01484
      microscopic rate coefficients (at reference energy) over collision frequency:
       REACS->PRODS
          0.0358624
      some eigenvalues are too small: using low eigenvalue method
      low eigenvalue method starts
         MasterEquation::low_eigenvalue_matrix:  starts
            setting up kinetic matrices ... done, cpu time[sec] = 2.85, elapsed time[sec] = 1
            inverting kinetic matrices ... done, cpu time[sec] = 0.01, elapsed time[sec] = 0
         MasterEquation::low_eigenvalue_matrix:  done, cpu time[sec] = 2.87, elapsed time[sec] = 1
         direct-diagonalization(DD)-versus-low-eigenvalue(LE) eigenvalues
             L      DD eval      LE eval     LE proj
             0  5.75646e-10  5.75663e-10  3.71424e-12
      low eigenvalue method done, cpu time[sec] = 2.87, elapsed time[sec] = 1
      eigenvector populations normalized:
          L        *R        *P     REACS
          0  5.76e-10  3.71e-12         1
         *R - eigenvalue over the relaxation limit
         *P - eigenvector projection squared on the relaxation subspace
      eigenvector projections:
          L        *Q        *P     REACS
          0  2.58e-11  3.71e-12         1
         *Z       ---       ---  1.09e+21
         *Q - eigenvalue over the collision frequency
         *P - eigenvector projection squared on the relaxation subspace
         *Z - well partition function square root
      isomers-to-bimolecular equilibrium coefficients (kappa matrix):
        W\P    PRODS
      REACS        0
      projection error = 3.7e-12
      Wa->Wb/Wb->Wa rate constants ratios:
      Wb\Wa     REACS
      REACS         1
      W->P/P->W rate constants ratios:
        P\W     REACS
      PRODS         1
   MasterEquation::direct_diagonalization_method:  done, cpu time[sec] = 3.13, elapsed time[sec] = 1
   MasterEquation::set:  starts
      Temperature      = 1200 K
      Collision rate   = 3.11664e-10cm^3/sec
      Energy reference = 52817 1/cm
      Energy step      = 167 1/cm
      setting wells, barriers, and bimolecular starts
         REACS Well: density of states done, elapsed time[sec] = 0
         REACS Well: collisional energy transfer kernel done, elapsed time[sec] = 0.04
         REACS Well: relaxation modes basis done, elapsed time[sec] = 0.04
         REACS Well: kernel in relaxation modes basis done, elapsed time[sec] = 0.2
         REACS Well: relaxation eigenvalues done, elapsed time[sec] = 0.07
         REACS Well: minimal relaxation eigenvalue = 0.0388267
         REACS Well: maximal relaxation eigenvalue = 0.988134
         REACS Well:       grid size = 250
         REACS Well:      real depth = 0 1/cm
         REACS Well: effective depth = 11067 1/cm
         TS Barrier:        grid size = 150
         TS Barrier:      real height = 27795 1/cm
         TS Barrier: effective height = 27767 1/cm
      setting wells, barriers, and bimolecular done, cpu time[sec] = 0.36, elapsed time[sec] = 0
      Bound Species (D1/D2 - density of states at dissociation energy (DE)/reference energy):
       Name  Depth     DE      *D1      *D2
              1/cm   1/cm       cm       cm
      REACS  11068  27768 1.35e+19  3.9e+24
      Well-to-Bimolecular Barriers (N - number of states at the reference energy):
       Name Height       *N
              1/cm         
         TS  27768    2e+25
      Effective equilibrium constants(bimolecular units - cm^3):
        Q/Q     REACS     PRODS
      REACS         1  2.31e-10
      PRODS  4.33e+09         1
      Real equilibrium constants(bimolecular units - cm^3):
        Q/Q     REACS     PRODS
      REACS         1   3.7e-13
      PRODS  2.71e+12         1
   MasterEquation::set:  done, cpu time[sec] = 0.36, elapsed time[sec] = 0
   MasterEquation::direct_diagonalization_method:  starts
      Pressure = 0.1 atm	 Temperature = 1200 K
      collision frequency = 1.90589e+08 1/sec
      global relaxation matrix dimension = 250
      setting global matrices ... done, cpu time[sec] = 0.04, elapsed time[sec] = 0
      diagonalizing global relaxation matrix ... done, cpu time[sec] = 0.17, elapsed time[sec] = 0
      minimal relaxation eigenvalue / collision frequency = 0.039694
      maximal relaxation eigenvalue / collision frequency = 809.122
      microscopic rate coefficients (at reference energy) over collision frequency:
       REACS->PRODS
            808.301
      eigenvector populations normalized:
          L        *R        *P     REACS
          0  1.12e-05  3.01e-06         1
         *R - eigenvalue over the relaxation limit
         *P - eigenvector projection squared on the relaxation subspace
      eigenvector projections:
          L        *Q        *P     REACS
          0  4.43e-07  3.01e-06        -1
         *Z       ---       ---  6.21e+20
         *Q - eigenvalue over the collision frequency
         *P - eigenvector projection squared on the relaxation subspace
         *Z - well partition function square root
      isomers-to-bimolecular equilibrium coefficients (kappa matrix):
        W\P    PRODS
      REACS        0
      projection error = 3e-06
      Wa->Wb/Wb->Wa rate constants ratios:
      Wb\Wa     REACS
      REACS         1
      W->P/P->W rate constants ratios:
        P\W     REACS
      PRODS         1
   MasterEquation::direct_diagonalization_method:  done, cpu time[sec] = 0.23, elapsed time[sec] = 0
   MasterEquation::direct_diagonalization_method:  starts
      Pressure = 1 atm	 Temperature = 1200 K
      collision frequency = 1.90589e+09 1/sec
      global relaxation matrix dimension = 250
      setting global matrices ... done, cpu time[sec] = 0.05, elapsed time[sec] = 0
      diagonalizing global relaxation matrix ... done, cpu time[sec] = 0.18, elapsed time[sec] = 0
      minimal relaxation eigenvalue / collision frequency = 0.0392325
      maximal relaxation eigenvalue / collision frequency = 81.6569
      microscopic rate coefficients (at reference energy) over collision frequency:
       REACS->PRODS
            80.8301
      eigenvector populations normalized:
          L        *R        *P     REACS
          0  2.69e-06   5.2e-07         1
         *R - eigenvalue over the relaxation limit
         *P - eigenvector projection squared on the relaxation subspace
      eigenvector projections:
          L        *Q        *P     REACS
          0  1.06e-07   5.2e-07         1
         *Z       ---       ---  6.21e+20
         *Q - eigenvalue over the collision frequency
         *P - eigenvector projection squared on the relaxation subspace
         *Z - well partition function square root
      isomers-to-bimolecular equilibrium coefficients (kappa matrix):
        W\P    PRODS
      REACS        0
      projection error = 5.2e-07
      Wa->Wb/Wb->Wa rate constants ratios:
      Wb\Wa     REACS
      REACS         1
      W->P/P->W rate constants ratios:
        P\W     REACS
      PRODS         1
   MasterEquation::direct_diagonalization_method:  done, cpu time[sec] = 0.25, elapsed time[sec] = 0
   MasterEquation::direct_diagonalization_method:  starts
      Pressure = 10 atm	 Temperature = 1200 K
      collision frequency = 1.90589e+10 1/sec
      global relaxation matrix dimension = 250
      setting global matrices ... done, cpu time[sec] = 0.04, elapsed time[sec] = 0
      diagonalizing global relaxation matrix ... done, cpu time[sec] = 0.19, elapsed time[sec] = 0
      minimal relaxation eigenvalue / collision frequency = 0.0389775
      maximal relaxation eigenvalue / collision frequency = 8.95196
      microscopic rate coefficients (at reference energy) over collision frequency:
       REACS->PRODS
            8.08301
      eigenvector populations normalized:
          L        *R        *P     REACS
          0  4.87e-07  5.74e-08         1
         *R - eigenvalue over the relaxation limit
         *P - eigenvector projection squared on the relaxation subspace
      eigenvector projections:
          L        *Q        *P     REACS
          0   1.9e-08  5.74e-08        -1
         *Z       ---       ---  6.21e+20
         *Q - eigenvalue over the collision frequency
         *P - eigenvector projection squared on the relaxation subspace
         *Z - well partition function square root
      isomers-to-bimolecular equilibrium coefficients (kappa matrix):
        W\P    PRODS
      REACS        0
      projection error = 5.7e-08
      Wa->Wb/Wb->Wa rate constants ratios:
      Wb\Wa     REACS
      REACS         1
      W->P/P->W rate constants ratios:
        P\W     REACS
      PRODS         1
   MasterEquation::direct_diagonalization_method:  done, cpu time[sec] = 0.25, elapsed time[sec] = 0
   MasterEquation::direct_diagonalization_method:  starts
      Pressure = 1000 atm	 Temperature = 1200 K
      collision frequency = 1.90589e+12 1/sec
      global relaxation matrix dimension = 250
      setting global matrices ... done, cpu time[sec] = 0.04, elapsed time[sec] = 0
      diagonalizing global relaxation matrix ... done, cpu time[sec] = 0.19, elapsed time[sec] = 0
      minimal relaxation eigenvalue / collision frequency = 0.0388345
      maximal relaxation eigenvalue / collision frequency = 1.05619
      microscopic rate coefficients (at reference energy) over collision frequency:
       REACS->PRODS
          0.0808301
      some eigenvalues are too small: using low eigenvalue method
      low eigenvalue method starts
         MasterEquation::low_eigenvalue_matrix:  starts
            setting up kinetic matrices ... done, cpu time[sec] = 3.22, elapsed time[sec] = 0
            inverting kinetic matrices ... done, cpu time[sec] = 0.02, elapsed time[sec] = 0
         MasterEquation::low_eigenvalue_matrix:  done, cpu time[sec] = 3.24, elapsed time[sec] = 0
         direct-diagonalization(DD)-versus-low-eigenvalue(LE) eigenvalues
             L      DD eval      LE eval     LE proj
             0  7.63071e-09  7.63072e-09  1.13014e-10
      low eigenvalue method done, cpu time[sec] = 3.24, elapsed time[sec] = 0
      eigenvector populations normalized:
          L        *R        *P     REACS
          0  7.63e-09  1.13e-10         1
         *R - eigenvalue over the relaxation limit
         *P - eigenvector projection squared on the relaxation subspace
      eigenvector projections:
          L        *Q        *P     REACS
          0  2.96e-10  1.13e-10         1
         *Z       ---       ---  6.21e+20
         *Q - eigenvalue over the collision frequency
         *P - eigenvector projection squared on the relaxation subspace
         *Z - well partition function square root
      isomers-to-bimolecular equilibrium coefficients (kappa matrix):
        W\P    PRODS
      REACS        0
      projection error = 1.1e-10
      Wa->Wb/Wb->Wa rate constants ratios:
      Wb\Wa     REACS
      REACS         1
      W->P/P->W rate constants ratios:
        P\W     REACS
      PRODS         1
   MasterEquation::direct_diagonalization_method:  done, cpu time[sec] = 3.49, elapsed time[sec] = 0
   MasterEquation::set:  starts
      Temperature      = 1300 K
      Collision rate   = 3.20484e-10cm^3/sec
      Energy reference = 54902 1/cm
      Energy step      = 181 1/cm
      setting wells, barriers, and bimolecular starts
         REACS Well: density of states done, elapsed time[sec] = 0
         REACS Well: collisional energy transfer kernel done, elapsed time[sec] = 0.04
         REACS Well: relaxation modes basis done, elapsed time[sec] = 0.04
         REACS Well: kernel in relaxation modes basis done, elapsed time[sec] = 0.2
         REACS Well: relaxation eigenvalues done, elapsed time[sec] = 0.06
         REACS Well: minimal relaxation eigenvalue = 0.0342382
         REACS Well: maximal relaxation eigenvalue = 0.989049
         REACS Well:       grid size = 250
         REACS Well:      real depth = 0 1/cm
         REACS Well: effective depth = 9652 1/cm
         TS Barrier:        grid size = 150
         TS Barrier:      real height = 27795 1/cm
         TS Barrier: effective height = 27752 1/cm
      setting wells, barriers, and bimolecular done, cpu time[sec] = 0.35, elapsed time[sec] = 0
      Bound Species (D1/D2 - density of states at dissociation energy (DE)/reference energy):
       Name  Depth     DE      *D1      *D2
              1/cm   1/cm       cm       cm
      REACS   9653  27752 1.34e+19 8.91e+24
      Well-to-Bimolecular Barriers (N - number of states at the reference energy):
       Name Height       *N
              1/cm         
         TS  27752 9.13e+25
      Effective equilibrium constants(bimolecular units - cm^3):
        Q/Q     REACS     PRODS
      REACS         1  2.33e-11
      PRODS  4.28e+10         1
      Real equilibrium constants(bimolecular units - cm^3):
        Q/Q     REACS     PRODS
      REACS         1  2.57e-14
      PRODS  3.88e+13         1
   MasterEquation::set:  done, cpu time[sec] = 0.35, elapsed time[sec] = 0
   MasterEquation::direct_diagonalization_method:  starts
      Pressure = 0.1 atm	 Temperature = 1300 K
      collision frequency = 1.80907e+08 1/sec
      global relaxation matrix dimension = 250
      setting global matrices ... done, cpu time[sec] = 0.04, elapsed time[sec] = 0
      diagonalizing global relaxation matrix ... done, cpu time[sec] = 0.19, elapsed time[sec] = 0
      minimal relaxation eigenvalue / collision frequency = 0.0355678
      maximal relaxation eigenvalue / collision frequency = 1698.13
      microscopic rate coefficients (at reference energy) over collision frequency:
       REACS->PRODS
            1697.31
      eigenvector populations normalized:
          L        *R        *P     REACS
          0   7.4e-05  2.29e-05         1
         *R - eigenvalue over the relaxation limit
         *P - eigenvector projection squared on the relaxation subspace
      eigenvector projections:
          L        *Q        *P     REACS
          0  2.63e-06  2.29e-05         1
         *Z       ---       ---  3.61e+20
         *Q - eigenvalue over the collision frequency
         *P - eigenvector projection squared on the relaxation subspace
         *Z - well partition function square root
      isomers-to-bimolecular equilibrium coefficients (kappa matrix):
        W\P    PRODS
      REACS        0
      projection error = 2.3e-05
      Wa->Wb/Wb->Wa rate constants ratios:
      Wb\Wa     REACS
      REACS         1
      W->P/P->W rate constants ratios:
        P\W     REACS
      PRODS         1
   MasterEquation::direct_diagonalization_method:  done, cpu time[sec] = 0.25, elapsed time[sec] = 0
   MasterEquation::direct_diagonalization_method:  starts
      Pressure = 1 atm	 Temperature = 1300 K
      collision frequency = 1.80907e+09 1/sec
      global relaxation matrix dimension = 250
      setting global matrices ... done, cpu time[sec] = 0.04, elapsed time[sec] = 0
      diagonalizing global relaxation matrix ... done, cpu time[sec] = 0.19, elapsed time[sec] = 0
      minimal relaxation eigenvalue / collision frequency = 0.0349034
      maximal relaxation eigenvalue / collision frequency = 170.553
      microscopic rate coefficients (at reference energy) over collision frequency:
       REACS->PRODS
            169.731
      eigenvector populations normalized:
          L        *R        *P     REACS
          0  2.11e-05  4.87e-06         1
         *R - eigenvalue over the relaxation limit
         *P - eigenvector projection squared on the relaxation subspace
      eigenvector projections:
          L        *Q        *P     REACS
          0  7.36e-07  4.87e-06         1
         *Z       ---       ---  3.61e+20
         *Q - eigenvalue over the collision frequency
         *P - eigenvector projection squared on the relaxation subspace
         *Z - well partition function square root
      isomers-to-bimolecular equilibrium coefficients (kappa matrix):
        W\P    PRODS
      REACS        0
      projection error = 4.9e-06
      Wa->Wb/Wb->Wa rate constants ratios:
      Wb\Wa     REACS
      REACS         1
      W->P/P->W rate constants ratios:
        P\W     REACS
      PRODS         1
   MasterEquation::direct_diagonalization_method:  done, cpu time[sec] = 0.25, elapsed time[sec] = 0
   MasterEquation::direct_diagonalization_method:  starts
      Pressure = 10 atm	 Temperature = 1300 K
      collision frequency = 1.80907e+10 1/sec
      global relaxation matrix dimension = 250
      setting global matrices ... done, cpu time[sec] = 0.05, elapsed time[sec] = 0
      diagonalizing global relaxation matrix ... done, cpu time[sec] = 0.24, elapsed time[sec] = 0
      minimal relaxation eigenvalue / collision frequency = 0.0345074
      maximal relaxation eigenvalue / collision frequency = 17.8191
      microscopic rate coefficients (at reference energy) over collision frequency:
       REACS->PRODS
            16.9731
      eigenvector populations normalized:
          L        *R        *P     REACS
          0   4.5e-06  6.86e-07         1
         *R - eigenvalue over the relaxation limit
         *P - eigenvector projection squared on the relaxation subspace
      eigenvector projections:
          L        *Q        *P     REACS
          0  1.55e-07  6.86e-07        -1
         *Z       ---       ---  3.61e+20
         *Q - eigenvalue over the collision frequency
         *P - eigenvector projection squared on the relaxation subspace
         *Z - well partition function square root
      isomers-to-bimolecular equilibrium coefficients (kappa matrix):
        W\P    PRODS
      REACS        0
      projection error = 6.9e-07
      Wa->Wb/Wb->Wa rate constants ratios:
      Wb\Wa     REACS
      REACS         1
      W->P/P->W rate constants ratios:
        P\W     REACS
      PRODS         1
   MasterEquation::direct_diagonalization_method:  done, cpu time[sec] = 0.31, elapsed time[sec] = 0
   MasterEquation::direct_diagonalization_method:  starts
      Pressure = 1000 atm	 Temperature = 1300 K
      collision frequency = 1.80907e+12 1/sec
      global relaxation matrix dimension = 250
      setting global matrices ... done, cpu time[sec] = 0.04, elapsed time[sec] = 0
      diagonalizing global relaxation matrix ... done, cpu time[sec] = 0.21, elapsed time[sec] = 0
      minimal relaxation eigenvalue / collision frequency = 0.0342558
      maximal relaxation eigenvalue / collision frequency = 1.13986
      microscopic rate coefficients (at reference energy) over collision frequency:
       REACS->PRODS
           0.169731
      some eigenvalues are too small: using low eigenvalue method
      low eigenvalue method starts
         MasterEquation::low_eigenvalue_matrix:  starts
            setting up kinetic matrices ... done, cpu time[sec] = 3.24, elapsed time[sec] = 0
            inverting kinetic matrices ... done, cpu time[sec] = 0.01, elapsed time[sec] = 0
         MasterEquation::low_eigenvalue_matrix:  done, cpu time[sec] = 3.25, elapsed time[sec] = 0
         direct-diagonalization(DD)-versus-low-eigenvalue(LE) eigenvalues
             L      DD eval      LE eval     LE proj
             0   8.8697e-08   8.8697e-08  2.51719e-09
      low eigenvalue method done, cpu time[sec] = 3.25, elapsed time[sec] = 0
      eigenvector populations normalized:
          L        *R        *P     REACS
          0  8.87e-08  2.52e-09         1
         *R - eigenvalue over the relaxation limit
         *P - eigenvector projection squared on the relaxation subspace
      eigenvector projections:
          L        *Q        *P     REACS
          0  3.04e-09  2.52e-09         1
         *Z       ---       ---  3.61e+20
         *Q - eigenvalue over the collision frequency
         *P - eigenvector projection squared on the relaxation subspace
         *Z - well partition function square root
      isomers-to-bimolecular equilibrium coefficients (kappa matrix):
        W\P    PRODS
      REACS        0
      projection error = 2.5e-09
      Wa->Wb/Wb->Wa rate constants ratios:
      Wb\Wa     REACS
      REACS         1
      W->P/P->W rate constants ratios:
        P\W     REACS
      PRODS         1
   MasterEquation::direct_diagonalization_method:  done, cpu time[sec] = 3.53, elapsed time[sec] = 0
   MasterEquation::set:  starts
      Temperature      = 1400 K
      Collision rate   = 3.28898e-10cm^3/sec
      Energy reference = 56987 1/cm
      Energy step      = 195 1/cm
      setting wells, barriers, and bimolecular starts
         REACS Well: density of states done, elapsed time[sec] = 0
         REACS Well: collisional energy transfer kernel done, elapsed time[sec] = 0.04
         REACS Well: relaxation modes basis done, elapsed time[sec] = 0.04
         REACS Well: kernel in relaxation modes basis done, elapsed time[sec] = 0.2
         REACS Well: relaxation eigenvalues done, elapsed time[sec] = 0.07
         REACS Well: minimal relaxation eigenvalue = 0.0311084
         REACS Well: maximal relaxation eigenvalue = 0.990249
         REACS Well:       grid size = 250
         REACS Well:      real depth = 0 1/cm
         REACS Well: effective depth = 8237 1/cm
         TS Barrier:        grid size = 150
         TS Barrier:      real height = 27795 1/cm
         TS Barrier: effective height = 27737 1/cm
      setting wells, barriers, and bimolecular done, cpu time[sec] = 0.35, elapsed time[sec] = 0
      Bound Species (D1/D2 - density of states at dissociation energy (DE)/reference energy):
       Name  Depth     DE      *D1      *D2
              1/cm   1/cm       cm       cm
      REACS   8238  27738 1.33e+19 1.99e+25
      Well-to-Bimolecular Barriers (N - number of states at the reference energy):
       Name Height       *N
              1/cm         
         TS  27738 3.83e+26
      Effective equilibrium constants(bimolecular units - cm^3):
        Q/Q     REACS     PRODS
      REACS         1  2.73e-12
      PRODS  3.66e+11         1
      Real equilibrium constants(bimolecular units - cm^3):
        Q/Q     REACS     PRODS
      REACS         1  2.66e-15
      PRODS  3.77e+14         1
   MasterEquation::set:  done, cpu time[sec] = 0.35, elapsed time[sec] = 0
   MasterEquation::direct_diagonalization_method:  starts
      Pressure = 0.1 atm	 Temperature = 1400 K
      collision frequency = 1.72395e+08 1/sec
      global relaxation matrix dimension = 250
      setting global matrices ... done, cpu time[sec] = 0.04, elapsed time[sec] = 0
      diagonalizing global relaxation matrix ... done, cpu time[sec] = 0.21, elapsed time[sec] = 0
      minimal relaxation eigenvalue / collision frequency = 0.0333432
      maximal relaxation eigenvalue / collision frequency = 3354.87
      microscopic rate coefficients (at reference energy) over collision frequency:
       REACS->PRODS
            3354.05
      eigenvector populations normalized:
          L        *R        *P     REACS
          0  0.000391  0.000143         1
         *R - eigenvalue over the relaxation limit
         *P - eigenvector projection squared on the relaxation subspace
      eigenvector projections:
          L        *Q        *P     REACS
          0   1.3e-05  0.000143        -1
         *Z       ---       ---   2.2e+20
         *Q - eigenvalue over the collision frequency
         *P - eigenvector projection squared on the relaxation subspace
         *Z - well partition function square root
      isomers-to-bimolecular equilibrium coefficients (kappa matrix):
        W\P    PRODS
      REACS        0
      projection error = 0.00014
      Wa->Wb/Wb->Wa rate constants ratios:
      Wb\Wa     REACS
      REACS         1
      W->P/P->W rate constants ratios:
        P\W     REACS
      PRODS         1
   MasterEquation::direct_diagonalization_method:  done, cpu time[sec] = 0.28, elapsed time[sec] = 0
   MasterEquation::direct_diagonalization_method:  starts
      Pressure = 1 atm	 Temperature = 1400 K
      collision frequency = 1.72395e+09 1/sec
      global relaxation matrix dimension = 250
      setting global matrices ... done, cpu time[sec] = 0.04, elapsed time[sec] = 0
      diagonalizing global relaxation matrix ... done, cpu time[sec] = 0.2, elapsed time[sec] = 0
      minimal relaxation eigenvalue / collision frequency = 0.032315
      maximal relaxation eigenvalue / collision frequency = 336.223
      microscopic rate coefficients (at reference energy) over collision frequency:
       REACS->PRODS
            335.405
      eigenvector populations normalized:
          L        *R        *P     REACS
          0  0.000131  3.65e-05         1
         *R - eigenvalue over the relaxation limit
         *P - eigenvector projection squared on the relaxation subspace
      eigenvector projections:
          L        *Q        *P     REACS
          0  4.23e-06  3.65e-05        -1
         *Z       ---       ---   2.2e+20
         *Q - eigenvalue over the collision frequency
         *P - eigenvector projection squared on the relaxation subspace
         *Z - well partition function square root
      isomers-to-bimolecular equilibrium coefficients (kappa matrix):
        W\P    PRODS
      REACS        0
      projection error = 3.6e-05
      Wa->Wb/Wb->Wa rate constants ratios:
      Wb\Wa     REACS
      REACS         1
      W->P/P->W rate constants ratios:
        P\W     REACS
      PRODS         1
   MasterEquation::direct_diagonalization_method:  done, cpu time[sec] = 0.26, elapsed time[sec] = 0
   MasterEquation::direct_diagonalization_method:  starts
      Pressure = 10 atm	 Temperature = 1400 K
      collision frequency = 1.72395e+10 1/sec
      global relaxation matrix dimension = 250
      setting global matrices ... done, cpu time[sec] = 0.04, elapsed time[sec] = 0
      diagonalizing global relaxation matrix ... done, cpu time[sec] = 0.2, elapsed time[sec] = 0
      minimal relaxation eigenvalue / collision frequency = 0.0316472
      maximal relaxation eigenvalue / collision frequency = 34.3724
      microscopic rate coefficients (at reference energy) over collision frequency:
       REACS->PRODS
            33.5405
      eigenvector populations normalized:
          L        *R        *P     REACS
          0   3.3e-05  6.36e-06         1
         *R - eigenvalue over the relaxation limit
         *P - eigenvector projection squared on the relaxation subspace
      eigenvector projections:
          L        *Q        *P     REACS
          0  1.04e-06  6.36e-06        -1
         *Z       ---       ---   2.2e+20
         *Q - eigenvalue over the collision frequency
         *P - eigenvector projection squared on the relaxation subspace
         *Z - well partition function square root
      isomers-to-bimolecular equilibrium coefficients (kappa matrix):
        W\P    PRODS
      REACS        0
      projection error = 6.4e-06
      Wa->Wb/Wb->Wa rate constants ratios:
      Wb\Wa     REACS
      REACS         1
      W->P/P->W rate constants ratios:
        P\W     REACS
      PRODS         1
   MasterEquation::direct_diagonalization_method:  done, cpu time[sec] = 0.26, elapsed time[sec] = 0
   MasterEquation::direct_diagonalization_method:  starts
      Pressure = 1000 atm	 Temperature = 1400 K
      collision frequency = 1.72395e+12 1/sec
      global relaxation matrix dimension = 250
      setting global matrices ... done, cpu time[sec] = 0.05, elapsed time[sec] = 0
      diagonalizing global relaxation matrix ... done, cpu time[sec] = 0.19, elapsed time[sec] = 0
      minimal relaxation eigenvalue / collision frequency = 0.0311542
      maximal relaxation eigenvalue / collision frequency = 1.29815
      microscopic rate coefficients (at reference energy) over collision frequency:
       REACS->PRODS
           0.335405
      eigenvector populations normalized:
          L        *R        *P     REACS
          0  8.47e-07  4.03e-08         1
         *R - eigenvalue over the relaxation limit
         *P - eigenvector projection squared on the relaxation subspace
      eigenvector projections:
          L        *Q        *P     REACS
          0  2.64e-08  4.03e-08         1
         *Z       ---       ---   2.2e+20
         *Q - eigenvalue over the collision frequency
         *P - eigenvector projection squared on the relaxation subspace
         *Z - well partition function square root
      isomers-to-bimolecular equilibrium coefficients (kappa matrix):
        W\P    PRODS
      REACS        0
      projection error = 4e-08
      Wa->Wb/Wb->Wa rate constants ratios:
      Wb\Wa     REACS
      REACS         1
      W->P/P->W rate constants ratios:
        P\W     REACS
      PRODS         1
   MasterEquation::direct_diagonalization_method:  done, cpu time[sec] = 0.26, elapsed time[sec] = 0
   MasterEquation::set:  starts
      Temperature      = 1500 K
      Collision rate   = 3.36944e-10cm^3/sec
      Energy reference = 59072 1/cm
      Energy step      = 209 1/cm
      setting wells, barriers, and bimolecular starts
         REACS Well: density of states done, elapsed time[sec] = 0
         REACS Well: collisional energy transfer kernel done, elapsed time[sec] = 0.04
         REACS Well: relaxation modes basis done, elapsed time[sec] = 0.03
         REACS Well: kernel in relaxation modes basis done, elapsed time[sec] = 0.21
         REACS Well: relaxation eigenvalues done, elapsed time[sec] = 0.07
         REACS Well: minimal relaxation eigenvalue = 0.0292245
         REACS Well: maximal relaxation eigenvalue = 0.9919
         REACS Well:       grid size = 250
         REACS Well:      real depth = 0 1/cm
         REACS Well: effective depth = 6822 1/cm
         TS Barrier:        grid size = 150
         TS Barrier:      real height = 27795 1/cm
         TS Barrier: effective height = 27721 1/cm
      setting wells, barriers, and bimolecular done, cpu time[sec] = 0.36, elapsed time[sec] = 0
      Bound Species (D1/D2 - density of states at dissociation energy (DE)/reference energy):
       Name  Depth     DE      *D1      *D2
              1/cm   1/cm       cm       cm
      REACS   6823  27722 1.31e+19 4.34e+25
      Well-to-Bimolecular Barriers (N - number of states at the reference energy):
       Name Height       *N
              1/cm         
         TS  27722  1.5e+27
      Effective equilibrium constants(bimolecular units - cm^3):
        Q/Q     REACS     PRODS
      REACS         1  3.85e-13
      PRODS   2.6e+12         1
      Real equilibrium constants(bimolecular units - cm^3):
        Q/Q     REACS     PRODS
      REACS         1  3.75e-16
      PRODS  2.67e+15         1
   MasterEquation::set:  done, cpu time[sec] = 0.37, elapsed time[sec] = 0
   MasterEquation::direct_diagonalization_method:  starts
      Pressure = 0.1 atm	 Temperature = 1500 K
      collision frequency = 1.64839e+08 1/sec
      global relaxation matrix dimension = 250
      setting global matrices ... done, cpu time[sec] = 0.04, elapsed time[sec] = 0
      diagonalizing global relaxation matrix ... done, cpu time[sec] = 0.19, elapsed time[sec] = 0
      minimal relaxation eigenvalue / collision frequency = 0.0331537
      maximal relaxation eigenvalue / collision frequency = 6288.78
      microscopic rate coefficients (at reference energy) over collision frequency:
       REACS->PRODS
            6287.96
      eigenvector populations normalized:
          L        *R        *P     REACS
          0   0.00157   0.00071         1
         *R - eigenvalue over the relaxation limit
         *P - eigenvector projection squared on the relaxation subspace
      eigenvector projections:
          L        *Q        *P     REACS
          0  5.21e-05   0.00071         1
         *Z       ---       ---  1.43e+20
         *Q - eigenvalue over the collision frequency
         *P - eigenvector projection squared on the relaxation subspace
         *Z - well partition function square root
      isomers-to-bimolecular equilibrium coefficients (kappa matrix):
        W\P    PRODS
      REACS        0
      projection error = 0.00071
      Wa->Wb/Wb->Wa rate constants ratios:
      Wb\Wa     REACS
      REACS         1
      W->P/P->W rate constants ratios:
        P\W     REACS
      PRODS         1
   MasterEquation::direct_diagonalization_method:  done, cpu time[sec] = 0.25, elapsed time[sec] = 0
   MasterEquation::direct_diagonalization_method:  starts
      Pressure = 1 atm	 Temperature = 1500 K
      collision frequency = 1.64839e+09 1/sec
      global relaxation matrix dimension = 250
      setting global matrices ... done, cpu time[sec] = 0.04, elapsed time[sec] = 0
      diagonalizing global relaxation matrix ... done, cpu time[sec] = 0.2, elapsed time[sec] = 0
      minimal relaxation eigenvalue / collision frequency = 0.0315152
      maximal relaxation eigenvalue / collision frequency = 629.612
      microscopic rate coefficients (at reference energy) over collision frequency:
       REACS->PRODS
            628.796
      eigenvector populations normalized:
          L        *R        *P     REACS
          0  0.000614  0.000213         1
         *R - eigenvalue over the relaxation limit
         *P - eigenvector projection squared on the relaxation subspace
      eigenvector projections:
          L        *Q        *P     REACS
          0  1.93e-05  0.000213         1
         *Z       ---       ---  1.43e+20
         *Q - eigenvalue over the collision frequency
         *P - eigenvector projection squared on the relaxation subspace
         *Z - well partition function square root
      isomers-to-bimolecular equilibrium coefficients (kappa matrix):
        W\P    PRODS
      REACS        0
      projection error = 0.00021
      Wa->Wb/Wb->Wa rate constants ratios:
      Wb\Wa     REACS
      REACS         1
      W->P/P->W rate constants ratios:
        P\W     REACS
      PRODS         1
   MasterEquation::direct_diagonalization_method:  done, cpu time[sec] = 0.27, elapsed time[sec] = 0
   MasterEquation::direct_diagonalization_method:  starts
      Pressure = 10 atm	 Temperature = 1500 K
      collision frequency = 1.64839e+10 1/sec
      global relaxation matrix dimension = 250
      setting global matrices ... done, cpu time[sec] = 0.05, elapsed time[sec] = 0
      diagonalizing global relaxation matrix ... done, cpu time[sec] = 0.21, elapsed time[sec] = 0
      minimal relaxation eigenvalue / collision frequency = 0.030356
      maximal relaxation eigenvalue / collision frequency = 63.7031
      microscopic rate coefficients (at reference energy) over collision frequency:
       REACS->PRODS
            62.8796
      eigenvector populations normalized:
          L        *R        *P     REACS
          0  0.000183   4.5e-05         1
         *R - eigenvalue over the relaxation limit
         *P - eigenvector projection squared on the relaxation subspace
      eigenvector projections:
          L        *Q        *P     REACS
          0  5.56e-06   4.5e-05        -1
         *Z       ---       ---  1.43e+20
         *Q - eigenvalue over the collision frequency
         *P - eigenvector projection squared on the relaxation subspace
         *Z - well partition function square root
      isomers-to-bimolecular equilibrium coefficients (kappa matrix):
        W\P    PRODS
      REACS        0
      projection error = 4.5e-05
      Wa->Wb/Wb->Wa rate constants ratios:
      Wb\Wa     REACS
      REACS         1
      W->P/P->W rate constants ratios:
        P\W     REACS
      PRODS         1
   MasterEquation::direct_diagonalization_method:  done, cpu time[sec] = 0.28, elapsed time[sec] = 0
   MasterEquation::direct_diagonalization_method:  starts
      Pressure = 1000 atm	 Temperature = 1500 K
      collision frequency = 1.64839e+12 1/sec
      global relaxation matrix dimension = 250
      setting global matrices ... done, cpu time[sec] = 0.03, elapsed time[sec] = 0
      diagonalizing global relaxation matrix ... done, cpu time[sec] = 0.2, elapsed time[sec] = 0
      minimal relaxation eigenvalue / collision frequency = 0.0293522
      maximal relaxation eigenvalue / collision frequency = 1.58144
      microscopic rate coefficients (at reference energy) over collision frequency:
       REACS->PRODS
           0.628796
      eigenvector populations normalized:
          L        *R        *P     REACS
          0  6.29e-06  4.63e-07         1
         *R - eigenvalue over the relaxation limit
         *P - eigenvector projection squared on the relaxation subspace
      eigenvector projections:
          L        *Q        *P     REACS
          0  1.85e-07  4.63e-07        -1
         *Z       ---       ---  1.43e+20
         *Q - eigenvalue over the collision frequency
         *P - eigenvector projection squared on the relaxation subspace
         *Z - well partition function square root
      isomers-to-bimolecular equilibrium coefficients (kappa matrix):
        W\P    PRODS
      REACS        0
      projection error = 4.6e-07
      Wa->Wb/Wb->Wa rate constants ratios:
      Wb\Wa     REACS
      REACS         1
      W->P/P->W rate constants ratios:
        P\W     REACS
      PRODS         1
   MasterEquation::direct_diagonalization_method:  done, cpu time[sec] = 0.25, elapsed time[sec] = 0
   MasterEquation::set:  starts
      Temperature      = 1600 K
      Collision rate   = 3.44658e-10cm^3/sec
      Energy reference = 61157 1/cm
      Energy step      = 222 1/cm
      setting wells, barriers, and bimolecular starts
         REACS Well: density of states done, elapsed time[sec] = 0
         REACS Well: collisional energy transfer kernel done, elapsed time[sec] = 0.03
         REACS Well: relaxation modes basis done, elapsed time[sec] = 0.04
         REACS Well: kernel in relaxation modes basis done, elapsed time[sec] = 0.2
         REACS Well: relaxation eigenvalues done, elapsed time[sec] = 0.07
         REACS Well: minimal relaxation eigenvalue = 0.0281046
         REACS Well: maximal relaxation eigenvalue = 0.994535
         REACS Well:       grid size = 251
         REACS Well:      real depth = 0 1/cm
         REACS Well: effective depth = 5434 1/cm
         TS Barrier:        grid size = 151
         TS Barrier:      real height = 27795 1/cm
         TS Barrier: effective height = 27634 1/cm
      setting wells, barriers, and bimolecular done, cpu time[sec] = 0.36, elapsed time[sec] = 0
      Bound Species (D1/D2 - density of states at dissociation energy (DE)/reference energy):
       Name  Depth     DE      *D1      *D2
              1/cm   1/cm       cm       cm
      REACS   5435  27635 1.24e+19 9.26e+25
      Well-to-Bimolecular Barriers (N - number of states at the reference energy):
       Name Height       *N
              1/cm         
         TS  27635 5.49e+27
      Effective equilibrium constants(bimolecular units - cm^3):
        Q/Q     REACS     PRODS
      REACS         1   6.7e-14
      PRODS  1.49e+13         1
      Real equilibrium constants(bimolecular units - cm^3):
        Q/Q     REACS     PRODS
      REACS         1  6.82e-17
      PRODS  1.47e+16         1
   MasterEquation::set:  done, cpu time[sec] = 0.36, elapsed time[sec] = 0
   MasterEquation::direct_diagonalization_method:  starts
      Pressure = 0.1 atm	 Temperature = 1600 K
      collision frequency = 1.58074e+08 1/sec
      global relaxation matrix dimension = 251
      setting global matrices ... done, cpu time[sec] = 0.04, elapsed time[sec] = 0
      diagonalizing global relaxation matrix ... done, cpu time[sec] = 0.19, elapsed time[sec] = 0
      minimal relaxation eigenvalue / collision frequency = 0.0348708
      maximal relaxation eigenvalue / collision frequency = 11258.5
      microscopic rate coefficients (at reference energy) over collision frequency:
       REACS->PRODS
            11257.7
      eigenvector populations normalized:
          L        *R        *P     REACS
          0   0.00476   0.00275         1
         *R - eigenvalue over the relaxation limit
         *P - eigenvector projection squared on the relaxation subspace
      eigenvector projections:
          L        *Q        *P     REACS
          0  0.000166   0.00275    -0.999
         *Z       ---       ---  1.01e+20
         *Q - eigenvalue over the collision frequency
         *P - eigenvector projection squared on the relaxation subspace
         *Z - well partition function square root
      isomers-to-bimolecular equilibrium coefficients (kappa matrix):
        W\P    PRODS
      REACS        0
      projection error = 0.0028
      Wa->Wb/Wb->Wa rate constants ratios:
      Wb\Wa     REACS
      REACS         1
      W->P/P->W rate constants ratios:
        P\W     REACS
      PRODS         1
   MasterEquation::direct_diagonalization_method:  done, cpu time[sec] = 0.25, elapsed time[sec] = 0
   MasterEquation::direct_diagonalization_method:  starts
      Pressure = 1 atm	 Temperature = 1600 K
      collision frequency = 1.58074e+09 1/sec
      global relaxation matrix dimension = 251
      setting global matrices ... done, cpu time[sec] = 0.04, elapsed time[sec] = 0
      diagonalizing global relaxation matrix ... done, cpu time[sec] = 0.19, elapsed time[sec] = 0
      minimal relaxation eigenvalue / collision frequency = 0.0323222
      maximal relaxation eigenvalue / collision frequency = 1126.59
      microscopic rate coefficients (at reference energy) over collision frequency:
       REACS->PRODS
            1125.77
      eigenvector populations normalized:
          L        *R        *P     REACS
          0   0.00216  0.000958         1
         *R - eigenvalue over the relaxation limit
         *P - eigenvector projection squared on the relaxation subspace
      eigenvector projections:
          L        *Q        *P     REACS
          0  6.98e-05  0.000958        -1
         *Z       ---       ---  1.01e+20
         *Q - eigenvalue over the collision frequency
         *P - eigenvector projection squared on the relaxation subspace
         *Z - well partition function square root
      isomers-to-bimolecular equilibrium coefficients (kappa matrix):
        W\P    PRODS
      REACS        0
      projection error = 0.00096
      Wa->Wb/Wb->Wa rate constants ratios:
      Wb\Wa     REACS
      REACS         1
      W->P/P->W rate constants ratios:
        P\W     REACS
      PRODS         1
   MasterEquation::direct_diagonalization_method:  done, cpu time[sec] = 0.27, elapsed time[sec] = 0
   MasterEquation::direct_diagonalization_method:  starts
      Pressure = 10 atm	 Temperature = 1600 K
      collision frequency = 1.58074e+10 1/sec
      global relaxation matrix dimension = 251
      setting global matrices ... done, cpu time[sec] = 0.04, elapsed time[sec] = 0
      diagonalizing global relaxation matrix ... done, cpu time[sec] = 0.2, elapsed time[sec] = 0
      minimal relaxation eigenvalue / collision frequency = 0.030384
      maximal relaxation eigenvalue / collision frequency = 113.396
      microscopic rate coefficients (at reference energy) over collision frequency:
       REACS->PRODS
            112.577
      eigenvector populations normalized:
          L        *R        *P     REACS
          0  0.000759  0.000241         1
         *R - eigenvalue over the relaxation limit
         *P - eigenvector projection squared on the relaxation subspace
      eigenvector projections:
          L        *Q        *P     REACS
          0   2.3e-05  0.000241         1
         *Z       ---       ---  1.01e+20
         *Q - eigenvalue over the collision frequency
         *P - eigenvector projection squared on the relaxation subspace
         *Z - well partition function square root
      isomers-to-bimolecular equilibrium coefficients (kappa matrix):
        W\P    PRODS
      REACS        0
      projection error = 0.00024
      Wa->Wb/Wb->Wa rate constants ratios:
      Wb\Wa     REACS
      REACS         1
      W->P/P->W rate constants ratios:
        P\W     REACS
      PRODS         1
   MasterEquation::direct_diagonalization_method:  done, cpu time[sec] = 0.26, elapsed time[sec] = 0
   MasterEquation::direct_diagonalization_method:  starts
      Pressure = 1000 atm	 Temperature = 1600 K
      collision frequency = 1.58074e+12 1/sec
      global relaxation matrix dimension = 251
      setting global matrices ... done, cpu time[sec] = 0.04, elapsed time[sec] = 0
      diagonalizing global relaxation matrix ... done, cpu time[sec] = 0.2, elapsed time[sec] = 0
      minimal relaxation eigenvalue / collision frequency = 0.0284421
      maximal relaxation eigenvalue / collision frequency = 2.06552
      microscopic rate coefficients (at reference energy) over collision frequency:
       REACS->PRODS
            1.12577
      eigenvector populations normalized:
          L        *R        *P     REACS
          0  3.57e-05  3.85e-06         1
         *R - eigenvalue over the relaxation limit
         *P - eigenvector projection squared on the relaxation subspace
      eigenvector projections:
          L        *Q        *P     REACS
          0  1.01e-06  3.85e-06         1
         *Z       ---       ---  1.01e+20
         *Q - eigenvalue over the collision frequency
         *P - eigenvector projection squared on the relaxation subspace
         *Z - well partition function square root
      isomers-to-bimolecular equilibrium coefficients (kappa matrix):
        W\P    PRODS
      REACS        0
      projection error = 3.8e-06
      Wa->Wb/Wb->Wa rate constants ratios:
      Wb\Wa     REACS
      REACS         1
      W->P/P->W rate constants ratios:
        P\W     REACS
      PRODS         1
   MasterEquation::direct_diagonalization_method:  done, cpu time[sec] = 0.26, elapsed time[sec] = 0
   MasterEquation::set:  starts
      Temperature      = 1700 K
      Collision rate   = 3.52069e-10cm^3/sec
      Energy reference = 63242 1/cm
      Energy step      = 236 1/cm
      setting wells, barriers, and bimolecular starts
         REACS Well: density of states done, elapsed time[sec] = 0.01
         REACS Well: cannot satisfy the constant collision frequency at energy = 4478 1/cm, truncating the well
         REACS Well: cannot satisfy the constant collision frequency at energy = 4714 1/cm, truncating the well
         REACS Well: collisional energy transfer kernel done, elapsed time[sec] = 0.09
         REACS Well: relaxation modes basis done, elapsed time[sec] = 0.04
         REACS Well: kernel in relaxation modes basis done, elapsed time[sec] = 0.2
         REACS Well: relaxation eigenvalues done, elapsed time[sec] = 0.06
         REACS Well: minimal relaxation eigenvalue = 0.0273068
         REACS Well: maximal relaxation eigenvalue = 1.00689
         REACS Well:       grid size = 248
         REACS Well:      real depth = 0 1/cm
         REACS Well: effective depth = 4714 1/cm
         TS Barrier:        grid size = 151
         TS Barrier:      real height = 27795 1/cm
         TS Barrier: effective height = 27606 1/cm
      setting wells, barriers, and bimolecular done, cpu time[sec] = 0.4, elapsed time[sec] = 0
      Bound Species (D1/D2 - density of states at dissociation energy (DE)/reference energy):
       Name  Depth     DE      *D1      *D2
              1/cm   1/cm       cm       cm
      REACS   4715  27606 1.22e+19 1.94e+26
      Well-to-Bimolecular Barriers (N - number of states at the reference energy):
       Name Height       *N
              1/cm         
         TS  27606  1.9e+28
      Effective equilibrium constants(bimolecular units - cm^3):
        Q/Q     REACS     PRODS
      REACS         1  1.42e-14
      PRODS  7.06e+13         1
      Real equilibrium constants(bimolecular units - cm^3):
        Q/Q     REACS     PRODS
      REACS         1  1.53e-17
      PRODS  6.54e+16         1
   MasterEquation::set:  done, cpu time[sec] = 0.4, elapsed time[sec] = 0
   MasterEquation::direct_diagonalization_method:  starts
      Pressure = 0.1 atm	 Temperature = 1700 K
      collision frequency = 1.51975e+08 1/sec
      global relaxation matrix dimension = 248
      setting global matrices ... done, cpu time[sec] = 0.05, elapsed time[sec] = 0
      diagonalizing global relaxation matrix ... done, cpu time[sec] = 0.18, elapsed time[sec] = 0
      minimal relaxation eigenvalue / collision frequency = 0.0382387
      maximal relaxation eigenvalue / collision frequency = 19354.5
      microscopic rate coefficients (at reference energy) over collision frequency:
       REACS->PRODS
            19353.7
      eigenvector populations normalized:
          L        *R        *P     REACS
          0    0.0113   0.00839         1
         *R - eigenvalue over the relaxation limit
         *P - eigenvector projection squared on the relaxation subspace
      eigenvector projections:
          L        *Q        *P     REACS
          0  0.000432   0.00839     0.996
         *Z       ---       ---  7.71e+19
         *Q - eigenvalue over the collision frequency
         *P - eigenvector projection squared on the relaxation subspace
         *Z - well partition function square root
      isomers-to-bimolecular equilibrium coefficients (kappa matrix):
        W\P    PRODS
      REACS        0
      projection error = 0.0084
      Wa->Wb/Wb->Wa rate constants ratios:
      Wb\Wa     REACS
      REACS         1
      W->P/P->W rate constants ratios:
        P\W     REACS
      PRODS         1
   MasterEquation::direct_diagonalization_method:  done, cpu time[sec] = 0.25, elapsed time[sec] = 0
   MasterEquation::direct_diagonalization_method:  starts
      Pressure = 1 atm	 Temperature = 1700 K
      collision frequency = 1.51975e+09 1/sec
      global relaxation matrix dimension = 248
      setting global matrices ... done, cpu time[sec] = 0.05, elapsed time[sec] = 0
      diagonalizing global relaxation matrix ... done, cpu time[sec] = 0.19, elapsed time[sec] = 1
      minimal relaxation eigenvalue / collision frequency = 0.0344937
      maximal relaxation eigenvalue / collision frequency = 1936.18
      microscopic rate coefficients (at reference energy) over collision frequency:
       REACS->PRODS
            1935.37
      eigenvector populations normalized:
          L        *R        *P     REACS
          0   0.00585   0.00336         1
         *R - eigenvalue over the relaxation limit
         *P - eigenvector projection squared on the relaxation subspace
      eigenvector projections:
          L        *Q        *P     REACS
          0  0.000202   0.00336    -0.998
         *Z       ---       ---  7.71e+19
         *Q - eigenvalue over the collision frequency
         *P - eigenvector projection squared on the relaxation subspace
         *Z - well partition function square root
      isomers-to-bimolecular equilibrium coefficients (kappa matrix):
        W\P    PRODS
      REACS        0
      projection error = 0.0034
      Wa->Wb/Wb->Wa rate constants ratios:
      Wb\Wa     REACS
      REACS         1
      W->P/P->W rate constants ratios:
        P\W     REACS
      PRODS         1
   MasterEquation::direct_diagonalization_method:  done, cpu time[sec] = 0.26, elapsed time[sec] = 1
   MasterEquation::direct_diagonalization_method:  starts
      Pressure = 10 atm	 Temperature = 1700 K
      collision frequency = 1.51975e+10 1/sec
      global relaxation matrix dimension = 248
      setting global matrices ... done, cpu time[sec] = 0.04, elapsed time[sec] = 0
      diagonalizing global relaxation matrix ... done, cpu time[sec] = 0.17, elapsed time[sec] = 0
      minimal relaxation eigenvalue / collision frequency = 0.0314841
      maximal relaxation eigenvalue / collision frequency = 194.353
      microscopic rate coefficients (at reference energy) over collision frequency:
       REACS->PRODS
            193.537
      eigenvector populations normalized:
          L        *R        *P     REACS
          0   0.00241  0.000997         1
         *R - eigenvalue over the relaxation limit
         *P - eigenvector projection squared on the relaxation subspace
      eigenvector projections:
          L        *Q        *P     REACS
          0  7.57e-05  0.000997        -1
         *Z       ---       ---  7.71e+19
         *Q - eigenvalue over the collision frequency
         *P - eigenvector projection squared on the relaxation subspace
         *Z - well partition function square root
      isomers-to-bimolecular equilibrium coefficients (kappa matrix):
        W\P    PRODS
      REACS        0
      projection error = 0.001
      Wa->Wb/Wb->Wa rate constants ratios:
      Wb\Wa     REACS
      REACS         1
      W->P/P->W rate constants ratios:
        P\W     REACS
      PRODS         1
   MasterEquation::direct_diagonalization_method:  done, cpu time[sec] = 0.23, elapsed time[sec] = 0
   MasterEquation::direct_diagonalization_method:  starts
      Pressure = 1000 atm	 Temperature = 1700 K
      collision frequency = 1.51975e+12 1/sec
      global relaxation matrix dimension = 248
      setting global matrices ... done, cpu time[sec] = 0.04, elapsed time[sec] = 0
      diagonalizing global relaxation matrix ... done, cpu time[sec] = 0.19, elapsed time[sec] = 0
      minimal relaxation eigenvalue / collision frequency = 0.0280878
      maximal relaxation eigenvalue / collision frequency = 2.85857
      microscopic rate coefficients (at reference energy) over collision frequency:
       REACS->PRODS
            1.93537
      eigenvector populations normalized:
          L        *R        *P     REACS
          0  0.000157  2.39e-05         1
         *R - eigenvalue over the relaxation limit
         *P - eigenvector projection squared on the relaxation subspace
      eigenvector projections:
          L        *Q        *P     REACS
          0  4.41e-06  2.39e-05         1
         *Z       ---       ---  7.71e+19
         *Q - eigenvalue over the collision frequency
         *P - eigenvector projection squared on the relaxation subspace
         *Z - well partition function square root
      isomers-to-bimolecular equilibrium coefficients (kappa matrix):
        W\P    PRODS
      REACS        0
      projection error = 2.4e-05
      Wa->Wb/Wb->Wa rate constants ratios:
      Wb\Wa     REACS
      REACS         1
      W->P/P->W rate constants ratios:
        P\W     REACS
      PRODS         1
   MasterEquation::direct_diagonalization_method:  done, cpu time[sec] = 0.24, elapsed time[sec] = 0
   MasterEquation::set:  starts
      Temperature      = 1800 K
      Collision rate   = 3.59205e-10cm^3/sec
      Energy reference = 65328 1/cm
      Energy step      = 250 1/cm
      setting wells, barriers, and bimolecular starts
         REACS Well: density of states done, elapsed time[sec] = 0.01
         REACS Well: cannot satisfy the constant collision frequency at energy = 4828 1/cm, truncating the well
         REACS Well: cannot satisfy the constant collision frequency at energy = 5078 1/cm, truncating the well
         REACS Well: collisional energy transfer kernel done, elapsed time[sec] = 0.09
         REACS Well: relaxation modes basis done, elapsed time[sec] = 0.04
         REACS Well: kernel in relaxation modes basis done, elapsed time[sec] = 0.19
         REACS Well: relaxation eigenvalues done, elapsed time[sec] = 0.06
         REACS Well: minimal relaxation eigenvalue = 0.0266252
         REACS Well: maximal relaxation eigenvalue = 1.01397
         REACS Well:       grid size = 241
         REACS Well:      real depth = 0 1/cm
         REACS Well: effective depth = 5078 1/cm
         TS Barrier:        grid size = 151
         TS Barrier:      real height = 27795 1/cm
         TS Barrier: effective height = 27578 1/cm
      setting wells, barriers, and bimolecular done, cpu time[sec] = 0.4, elapsed time[sec] = 0
      Bound Species (D1/D2 - density of states at dissociation energy (DE)/reference energy):
       Name  Depth     DE      *D1      *D2
              1/cm   1/cm       cm       cm
      REACS   5079  27579  1.2e+19 3.98e+26
      Well-to-Bimolecular Barriers (N - number of states at the reference energy):
       Name Height       *N
              1/cm         
         TS  27579 6.24e+28
      Effective equilibrium constants(bimolecular units - cm^3):
        Q/Q     REACS     PRODS
      REACS         1  3.57e-15
      PRODS   2.8e+14         1
      Real equilibrium constants(bimolecular units - cm^3):
        Q/Q     REACS     PRODS
      REACS         1  4.08e-18
      PRODS  2.45e+17         1
   MasterEquation::set:  done, cpu time[sec] = 0.4, elapsed time[sec] = 0
   MasterEquation::direct_diagonalization_method:  starts
      Pressure = 0.1 atm	 Temperature = 1800 K
      collision frequency = 1.46441e+08 1/sec
      global relaxation matrix dimension = 241
      setting global matrices ... done, cpu time[sec] = 0.04, elapsed time[sec] = 0
      diagonalizing global relaxation matrix ... done, cpu time[sec] = 0.15, elapsed time[sec] = 0
      minimal relaxation eigenvalue / collision frequency = 0.043077
      maximal relaxation eigenvalue / collision frequency = 32102.8
      microscopic rate coefficients (at reference energy) over collision frequency:
       REACS->PRODS
              32102
      eigenvector populations normalized:
          L        *R        *P     REACS
          0     0.022    0.0208         1
         *R - eigenvalue over the relaxation limit
         *P - eigenvector projection squared on the relaxation subspace
      eigenvector projections:
          L        *Q        *P     REACS
          0  0.000946    0.0208      0.99
         *Z       ---       ---   6.3e+19
         *Q - eigenvalue over the collision frequency
         *P - eigenvector projection squared on the relaxation subspace
         *Z - well partition function square root
      isomers-to-bimolecular equilibrium coefficients (kappa matrix):
        W\P    PRODS
      REACS        0
      projection error = 0.021
      Wa->Wb/Wb->Wa rate constants ratios:
      Wb\Wa     REACS
      REACS         1
      W->P/P->W rate constants ratios:
        P\W     REACS
      PRODS         1
   MasterEquation::direct_diagonalization_method:  done, cpu time[sec] = 0.21, elapsed time[sec] = 0
   MasterEquation::direct_diagonalization_method:  starts
      Pressure = 1 atm	 Temperature = 1800 K
      collision frequency = 1.46441e+09 1/sec
      global relaxation matrix dimension = 241
      setting global matrices ... done, cpu time[sec] = 0.05, elapsed time[sec] = 0
      diagonalizing global relaxation matrix ... done, cpu time[sec] = 0.15, elapsed time[sec] = 0
      minimal relaxation eigenvalue / collision frequency = 0.0378972
      maximal relaxation eigenvalue / collision frequency = 3211.01
      microscopic rate coefficients (at reference energy) over collision frequency:
       REACS->PRODS
             3210.2
      eigenvector populations normalized:
          L        *R        *P     REACS
          0    0.0128   0.00943         1
         *R - eigenvalue over the relaxation limit
         *P - eigenvector projection squared on the relaxation subspace
      eigenvector projections:
          L        *Q        *P     REACS
          0  0.000485   0.00943    -0.995
         *Z       ---       ---   6.3e+19
         *Q - eigenvalue over the collision frequency
         *P - eigenvector projection squared on the relaxation subspace
         *Z - well partition function square root
      isomers-to-bimolecular equilibrium coefficients (kappa matrix):
        W\P    PRODS
      REACS        0
      projection error = 0.0094
      Wa->Wb/Wb->Wa rate constants ratios:
      Wb\Wa     REACS
      REACS         1
      W->P/P->W rate constants ratios:
        P\W     REACS
      PRODS         1
   MasterEquation::direct_diagonalization_method:  done, cpu time[sec] = 0.22, elapsed time[sec] = 0
   MasterEquation::direct_diagonalization_method:  starts
      Pressure = 10 atm	 Temperature = 1800 K
      collision frequency = 1.46441e+10 1/sec
      global relaxation matrix dimension = 241
      setting global matrices ... done, cpu time[sec] = 0.03, elapsed time[sec] = 0
      diagonalizing global relaxation matrix ... done, cpu time[sec] = 0.19, elapsed time[sec] = 0
      minimal relaxation eigenvalue / collision frequency = 0.0335616
      maximal relaxation eigenvalue / collision frequency = 321.833
      microscopic rate coefficients (at reference energy) over collision frequency:
       REACS->PRODS
             321.02
      eigenvector populations normalized:
          L        *R        *P     REACS
          0   0.00607   0.00326         1
         *R - eigenvalue over the relaxation limit
         *P - eigenvector projection squared on the relaxation subspace
      eigenvector projections:
          L        *Q        *P     REACS
          0  0.000204   0.00326     0.998
         *Z       ---       ---   6.3e+19
         *Q - eigenvalue over the collision frequency
         *P - eigenvector projection squared on the relaxation subspace
         *Z - well partition function square root
      isomers-to-bimolecular equilibrium coefficients (kappa matrix):
        W\P    PRODS
      REACS        0
      projection error = 0.0033
      Wa->Wb/Wb->Wa rate constants ratios:
      Wb\Wa     REACS
      REACS         1
      W->P/P->W rate constants ratios:
        P\W     REACS
      PRODS         1
   MasterEquation::direct_diagonalization_method:  done, cpu time[sec] = 0.25, elapsed time[sec] = 0
   MasterEquation::direct_diagonalization_method:  starts
      Pressure = 1000 atm	 Temperature = 1800 K
      collision frequency = 1.46441e+12 1/sec
      global relaxation matrix dimension = 241
      setting global matrices ... done, cpu time[sec] = 0.04, elapsed time[sec] = 0
      diagonalizing global relaxation matrix ... done, cpu time[sec] = 0.16, elapsed time[sec] = 0
      minimal relaxation eigenvalue / collision frequency = 0.0281929
      maximal relaxation eigenvalue / collision frequency = 4.11425
      microscopic rate coefficients (at reference energy) over collision frequency:
       REACS->PRODS
             3.2102
      eigenvector populations normalized:
          L        *R        *P     REACS
          0  0.000551  0.000115         1
         *R - eigenvalue over the relaxation limit
         *P - eigenvector projection squared on the relaxation subspace
      eigenvector projections:
          L        *Q        *P     REACS
          0  1.55e-05  0.000115        -1
         *Z       ---       ---   6.3e+19
         *Q - eigenvalue over the collision frequency
         *P - eigenvector projection squared on the relaxation subspace
         *Z - well partition function square root
      isomers-to-bimolecular equilibrium coefficients (kappa matrix):
        W\P    PRODS
      REACS        0
      projection error = 0.00011
      Wa->Wb/Wb->Wa rate constants ratios:
      Wb\Wa     REACS
      REACS         1
      W->P/P->W rate constants ratios:
        P\W     REACS
      PRODS         1
   MasterEquation::direct_diagonalization_method:  done, cpu time[sec] = 0.23, elapsed time[sec] = 0
   MasterEquation::set:  starts
      Temperature      = 1900 K
      Collision rate   = 3.6609e-10cm^3/sec
      Energy reference = 67413 1/cm
      Energy step      = 264 1/cm
      setting wells, barriers, and bimolecular starts
         REACS Well: density of states done, elapsed time[sec] = 0
         REACS Well: cannot satisfy the constant collision frequency at energy = 5373 1/cm, truncating the well
         REACS Well: cannot satisfy the constant collision frequency at energy = 5637 1/cm, truncating the well
         REACS Well: collisional energy transfer kernel done, elapsed time[sec] = 0.1
         REACS Well: relaxation modes basis done, elapsed time[sec] = 0.03
         REACS Well: kernel in relaxation modes basis done, elapsed time[sec] = 0.18
         REACS Well: relaxation eigenvalues done, elapsed time[sec] = 0.05
         REACS Well: minimal relaxation eigenvalue = 0.0260237
         REACS Well: maximal relaxation eigenvalue = 1.01196
         REACS Well:       grid size = 234
         REACS Well:      real depth = 0 1/cm
         REACS Well: effective depth = 5636 1/cm
         TS Barrier:        grid size = 151
         TS Barrier:      real height = 27795 1/cm
         TS Barrier: effective height = 27548 1/cm
      setting wells, barriers, and bimolecular done, cpu time[sec] = 0.36, elapsed time[sec] = 0
      Bound Species (D1/D2 - density of states at dissociation energy (DE)/reference energy):
       Name  Depth     DE      *D1      *D2
              1/cm   1/cm       cm       cm
      REACS   5637  27549 1.18e+19 8.03e+26
      Well-to-Bimolecular Barriers (N - number of states at the reference energy):
       Name Height       *N
              1/cm         
         TS  27549 1.95e+29
      Effective equilibrium constants(bimolecular units - cm^3):
        Q/Q     REACS     PRODS
      REACS         1  1.04e-15
      PRODS  9.58e+14         1
      Real equilibrium constants(bimolecular units - cm^3):
        Q/Q     REACS     PRODS
      REACS         1  1.26e-18
      PRODS  7.94e+17         1
   MasterEquation::set:  done, cpu time[sec] = 0.36, elapsed time[sec] = 0
   MasterEquation::direct_diagonalization_method:  starts
      Pressure = 0.1 atm	 Temperature = 1900 K
      collision frequency = 1.41392e+08 1/sec
      global relaxation matrix dimension = 234
      setting global matrices ... done, cpu time[sec] = 0.04, elapsed time[sec] = 0
      diagonalizing global relaxation matrix ... done, cpu time[sec] = 0.14, elapsed time[sec] = 0
      minimal relaxation eigenvalue / collision frequency = 0.0493853
      maximal relaxation eigenvalue / collision frequency = 51551.9
      microscopic rate coefficients (at reference energy) over collision frequency:
       REACS->PRODS
              51551
      eigenvector populations normalized:
          L        *R        *P     REACS
          0    0.0367    0.0432         1
         *R - eigenvalue over the relaxation limit
         *P - eigenvector projection squared on the relaxation subspace
      eigenvector projections:
          L        *Q        *P     REACS
          0   0.00181    0.0432     0.978
         *Z       ---       ---  5.45e+19
         *Q - eigenvalue over the collision frequency
         *P - eigenvector projection squared on the relaxation subspace
         *Z - well partition function square root
      isomers-to-bimolecular equilibrium coefficients (kappa matrix):
        W\P    PRODS
      REACS        0
      projection error = 0.043
      Wa->Wb/Wb->Wa rate constants ratios:
      Wb\Wa     REACS
      REACS         1
      W->P/P->W rate constants ratios:
        P\W     REACS
      PRODS         1
   MasterEquation::direct_diagonalization_method:  done, cpu time[sec] = 0.2, elapsed time[sec] = 0
   MasterEquation::direct_diagonalization_method:  starts
      Pressure = 1 atm	 Temperature = 1900 K
      collision frequency = 1.41392e+09 1/sec
      global relaxation matrix dimension = 234
      setting global matrices ... done, cpu time[sec] = 0.05, elapsed time[sec] = 0
      diagonalizing global relaxation matrix ... done, cpu time[sec] = 0.16, elapsed time[sec] = 0
      minimal relaxation eigenvalue / collision frequency = 0.0425542
      maximal relaxation eigenvalue / collision frequency = 5155.91
      microscopic rate coefficients (at reference energy) over collision frequency:
       REACS->PRODS
             5155.1
      eigenvector populations normalized:
          L        *R        *P     REACS
          0    0.0235    0.0219         1
         *R - eigenvalue over the relaxation limit
         *P - eigenvector projection squared on the relaxation subspace
      eigenvector projections:
          L        *Q        *P     REACS
          0     0.001    0.0219    -0.989
         *Z       ---       ---  5.45e+19
         *Q - eigenvalue over the collision frequency
         *P - eigenvector projection squared on the relaxation subspace
         *Z - well partition function square root
      isomers-to-bimolecular equilibrium coefficients (kappa matrix):
        W\P    PRODS
      REACS        0
      projection error = 0.022
      Wa->Wb/Wb->Wa rate constants ratios:
      Wb\Wa     REACS
      REACS         1
      W->P/P->W rate constants ratios:
        P\W     REACS
      PRODS         1
   MasterEquation::direct_diagonalization_method:  done, cpu time[sec] = 0.23, elapsed time[sec] = 0
   MasterEquation::direct_diagonalization_method:  starts
      Pressure = 10 atm	 Temperature = 1900 K
      collision frequency = 1.41392e+10 1/sec
      global relaxation matrix dimension = 234
      setting global matrices ... done, cpu time[sec] = 0.04, elapsed time[sec] = 0
      diagonalizing global relaxation matrix ... done, cpu time[sec] = 0.18, elapsed time[sec] = 0
      minimal relaxation eigenvalue / collision frequency = 0.0366625
      maximal relaxation eigenvalue / collision frequency = 516.321
      microscopic rate coefficients (at reference energy) over collision frequency:
       REACS->PRODS
             515.51
      eigenvector populations normalized:
          L        *R        *P     REACS
          0    0.0127   0.00872         1
         *R - eigenvalue over the relaxation limit
         *P - eigenvector projection squared on the relaxation subspace
      eigenvector projections:
          L        *Q        *P     REACS
          0  0.000464   0.00872    -0.996
         *Z       ---       ---  5.45e+19
         *Q - eigenvalue over the collision frequency
         *P - eigenvector projection squared on the relaxation subspace
         *Z - well partition function square root
      isomers-to-bimolecular equilibrium coefficients (kappa matrix):
        W\P    PRODS
      REACS        0
      projection error = 0.0087
      Wa->Wb/Wb->Wa rate constants ratios:
      Wb\Wa     REACS
      REACS         1
      W->P/P->W rate constants ratios:
        P\W     REACS
      PRODS         1
   MasterEquation::direct_diagonalization_method:  done, cpu time[sec] = 0.24, elapsed time[sec] = 0
   MasterEquation::direct_diagonalization_method:  starts
      Pressure = 1000 atm	 Temperature = 1900 K
      collision frequency = 1.41392e+12 1/sec
      global relaxation matrix dimension = 234
      setting global matrices ... done, cpu time[sec] = 0.04, elapsed time[sec] = 0
      diagonalizing global relaxation matrix ... done, cpu time[sec] = 0.14, elapsed time[sec] = 0
      minimal relaxation eigenvalue / collision frequency = 0.0288243
      maximal relaxation eigenvalue / collision frequency = 6.03917
      microscopic rate coefficients (at reference energy) over collision frequency:
       REACS->PRODS
             5.1551
      eigenvector populations normalized:
          L        *R        *P     REACS
          0   0.00158  0.000441         1
         *R - eigenvalue over the relaxation limit
         *P - eigenvector projection squared on the relaxation subspace
      eigenvector projections:
          L        *Q        *P     REACS
          0  4.55e-05  0.000441        -1
         *Z       ---       ---  5.45e+19
         *Q - eigenvalue over the collision frequency
         *P - eigenvector projection squared on the relaxation subspace
         *Z - well partition function square root
      isomers-to-bimolecular equilibrium coefficients (kappa matrix):
        W\P    PRODS
      REACS        0
      projection error = 0.00044
      Wa->Wb/Wb->Wa rate constants ratios:
      Wb\Wa     REACS
      REACS         1
      W->P/P->W rate constants ratios:
        P\W     REACS
      PRODS         1
   MasterEquation::direct_diagonalization_method:  done, cpu time[sec] = 0.21, elapsed time[sec] = 0
   MasterEquation::set:  starts
      Temperature      = 2000 K
      Collision rate   = 3.72744e-10cm^3/sec
      Energy reference = 69498 1/cm
      Energy step      = 278 1/cm
      setting wells, barriers, and bimolecular starts
         REACS Well: density of states done, elapsed time[sec] = 0
         REACS Well: cannot satisfy the constant collision frequency at energy = 5836 1/cm, truncating the well
         REACS Well: cannot satisfy the constant collision frequency at energy = 6114 1/cm, truncating the well
         REACS Well: collisional energy transfer kernel done, elapsed time[sec] = 0.08
         REACS Well: relaxation modes basis done, elapsed time[sec] = 0.03
         REACS Well: kernel in relaxation modes basis done, elapsed time[sec] = 0.17
         REACS Well: relaxation eigenvalues done, elapsed time[sec] = 0.05
         REACS Well: minimal relaxation eigenvalue = 0.0254784
         REACS Well: maximal relaxation eigenvalue = 1.0146
         REACS Well:       grid size = 228
         REACS Well:      real depth = 0 1/cm
         REACS Well: effective depth = 6113 1/cm
         TS Barrier:        grid size = 151
         TS Barrier:      real height = 27795 1/cm
         TS Barrier: effective height = 27519 1/cm
      setting wells, barriers, and bimolecular done, cpu time[sec] = 0.34, elapsed time[sec] = 0
      Bound Species (D1/D2 - density of states at dissociation energy (DE)/reference energy):
       Name  Depth     DE      *D1      *D2
              1/cm   1/cm       cm       cm
      REACS   6114  27520 1.15e+19 1.59e+27
      Well-to-Bimolecular Barriers (N - number of states at the reference energy):
       Name Height       *N
              1/cm         
         TS  27520 5.84e+29
      Effective equilibrium constants(bimolecular units - cm^3):
        Q/Q     REACS     PRODS
      REACS         1  3.46e-16
      PRODS  2.89e+15         1
      Real equilibrium constants(bimolecular units - cm^3):
        Q/Q     REACS     PRODS
      REACS         1   4.4e-19
      PRODS  2.27e+18         1
   MasterEquation::set:  done, cpu time[sec] = 0.35, elapsed time[sec] = 0
   MasterEquation::direct_diagonalization_method:  starts
      Pressure = 0.1 atm	 Temperature = 2000 K
      collision frequency = 1.36764e+08 1/sec
      global relaxation matrix dimension = 228
      setting global matrices ... done, cpu time[sec] = 0.03, elapsed time[sec] = 0
      diagonalizing global relaxation matrix ... done, cpu time[sec] = 0.15, elapsed time[sec] = 0
      minimal relaxation eigenvalue / collision frequency = 0.0571676
      maximal relaxation eigenvalue / collision frequency = 80430
      microscopic rate coefficients (at reference energy) over collision frequency:
       REACS->PRODS
            80429.2
      eigenvector populations normalized:
          L        *R        *P     REACS
          0    0.0548    0.0782         1
         *R - eigenvalue over the relaxation limit
         *P - eigenvector projection squared on the relaxation subspace
      eigenvector projections:
          L        *Q        *P     REACS
          0   0.00313    0.0782     -0.96
         *Z       ---       ---  4.95e+19
         *Q - eigenvalue over the collision frequency
         *P - eigenvector projection squared on the relaxation subspace
         *Z - well partition function square root
      isomers-to-bimolecular equilibrium coefficients (kappa matrix):
        W\P    PRODS
      REACS    0.078
      projection error = 0.078
      Wa->Wb/Wb->Wa rate constants ratios:
      Wb\Wa     REACS
      REACS         1
      W->P/P->W rate constants ratios:
        P\W     REACS
      PRODS       1.1
   MasterEquation::direct_diagonalization_method:  done, cpu time[sec] = 0.19, elapsed time[sec] = 0
   MasterEquation::direct_diagonalization_method:  starts
      Pressure = 1 atm	 Temperature = 2000 K
      collision frequency = 1.36764e+09 1/sec
      global relaxation matrix dimension = 228
      setting global matrices ... done, cpu time[sec] = 0.04, elapsed time[sec] = 0
      diagonalizing global relaxation matrix ... done, cpu time[sec] = 0.14, elapsed time[sec] = 0
      minimal relaxation eigenvalue / collision frequency = 0.0484773
      maximal relaxation eigenvalue / collision frequency = 8043.73
      microscopic rate coefficients (at reference energy) over collision frequency:
       REACS->PRODS
            8042.92
      eigenvector populations normalized:
          L        *R        *P     REACS
          0     0.038    0.0437         1
         *R - eigenvalue over the relaxation limit
         *P - eigenvector projection squared on the relaxation subspace
      eigenvector projections:
          L        *Q        *P     REACS
          0   0.00184    0.0437     0.978
         *Z       ---       ---  4.95e+19
         *Q - eigenvalue over the collision frequency
         *P - eigenvector projection squared on the relaxation subspace
         *Z - well partition function square root
      isomers-to-bimolecular equilibrium coefficients (kappa matrix):
        W\P    PRODS
      REACS        0
      projection error = 0.044
      Wa->Wb/Wb->Wa rate constants ratios:
      Wb\Wa     REACS
      REACS         1
      W->P/P->W rate constants ratios:
        P\W     REACS
      PRODS         1
   MasterEquation::direct_diagonalization_method:  done, cpu time[sec] = 0.2, elapsed time[sec] = 0
   MasterEquation::direct_diagonalization_method:  starts
      Pressure = 10 atm	 Temperature = 2000 K
      collision frequency = 1.36764e+10 1/sec
      global relaxation matrix dimension = 228
      setting global matrices ... done, cpu time[sec] = 0.04, elapsed time[sec] = 0
      diagonalizing global relaxation matrix ... done, cpu time[sec] = 0.16, elapsed time[sec] = 0
      minimal relaxation eigenvalue / collision frequency = 0.040814
      maximal relaxation eigenvalue / collision frequency = 805.101
      microscopic rate coefficients (at reference energy) over collision frequency:
       REACS->PRODS
            804.292
      eigenvector populations normalized:
          L        *R        *P     REACS
          0    0.0227    0.0197         1
         *R - eigenvalue over the relaxation limit
         *P - eigenvector projection squared on the relaxation subspace
      eigenvector projections:
          L        *Q        *P     REACS
          0  0.000925    0.0197      0.99
         *Z       ---       ---  4.95e+19
         *Q - eigenvalue over the collision frequency
         *P - eigenvector projection squared on the relaxation subspace
         *Z - well partition function square root
      isomers-to-bimolecular equilibrium coefficients (kappa matrix):
        W\P    PRODS
      REACS        0
      projection error = 0.02
      Wa->Wb/Wb->Wa rate constants ratios:
      Wb\Wa     REACS
      REACS         1
      W->P/P->W rate constants ratios:
        P\W     REACS
      PRODS         1
   MasterEquation::direct_diagonalization_method:  done, cpu time[sec] = 0.21, elapsed time[sec] = 0
   MasterEquation::direct_diagonalization_method:  starts
      Pressure = 1000 atm	 Temperature = 2000 K
      collision frequency = 1.36764e+12 1/sec
      global relaxation matrix dimension = 228
      setting global matrices ... done, cpu time[sec] = 0.04, elapsed time[sec] = 0
      diagonalizing global relaxation matrix ... done, cpu time[sec] = 0.15, elapsed time[sec] = 0
      minimal relaxation eigenvalue / collision frequency = 0.0300425
      maximal relaxation eigenvalue / collision frequency = 8.9083
      microscopic rate coefficients (at reference energy) over collision frequency:
       REACS->PRODS
            8.04292
      eigenvector populations normalized:
          L        *R        *P     REACS
          0    0.0038    0.0014         1
         *R - eigenvalue over the relaxation limit
         *P - eigenvector projection squared on the relaxation subspace
      eigenvector projections:
          L        *Q        *P     REACS
          0  0.000114    0.0014     0.999
         *Z       ---       ---  4.95e+19
         *Q - eigenvalue over the collision frequency
         *P - eigenvector projection squared on the relaxation subspace
         *Z - well partition function square root
      isomers-to-bimolecular equilibrium coefficients (kappa matrix):
        W\P    PRODS
      REACS        0
      projection error = 0.0014
      Wa->Wb/Wb->Wa rate constants ratios:
      Wb\Wa     REACS
      REACS         1
      W->P/P->W rate constants ratios:
        P\W     REACS
      PRODS         1
   MasterEquation::direct_diagonalization_method:  done, cpu time[sec] = 0.21, elapsed time[sec] = 0
   MasterEquation::set:  starts
      Temperature      = 2100 K
      Collision rate   = 3.79187e-10cm^3/sec
      Energy reference = 71583 1/cm
      Energy step      = 292 1/cm
      setting wells, barriers, and bimolecular starts
         REACS Well: density of states done, elapsed time[sec] = 0
         REACS Well: cannot satisfy the constant collision frequency at energy = 6175 1/cm, truncating the well
         REACS Well: cannot satisfy the constant collision frequency at energy = 6467 1/cm, truncating the well
         REACS Well: cannot satisfy the constant collision frequency at energy = 6759 1/cm, truncating the well
         REACS Well: collisional energy transfer kernel done, elapsed time[sec] = 0.12
         REACS Well: relaxation modes basis done, elapsed time[sec] = 0.03
         REACS Well: kernel in relaxation modes basis done, elapsed time[sec] = 0.15
         REACS Well: relaxation eigenvalues done, elapsed time[sec] = 0.05
         REACS Well: minimal relaxation eigenvalue = 0.0249956
         REACS Well: maximal relaxation eigenvalue = 1.01027
         REACS Well:       grid size = 222
         REACS Well:      real depth = 0 1/cm
         REACS Well: effective depth = 6759 1/cm
         TS Barrier:        grid size = 150
         TS Barrier:      real height = 27795 1/cm
         TS Barrier: effective height = 27783 1/cm
      setting wells, barriers, and bimolecular done, cpu time[sec] = 0.36, elapsed time[sec] = 0
      Bound Species (D1/D2 - density of states at dissociation energy (DE)/reference energy):
       Name  Depth     DE      *D1      *D2
              1/cm   1/cm       cm       cm
      REACS   6760  27784 1.37e+19  3.1e+27
      Well-to-Bimolecular Barriers (N - number of states at the reference energy):
       Name Height       *N
              1/cm         
         TS  27784 1.68e+30
      Effective equilibrium constants(bimolecular units - cm^3):
        Q/Q     REACS     PRODS
      REACS         1  1.28e-16
      PRODS  7.81e+15         1
      Real equilibrium constants(bimolecular units - cm^3):
        Q/Q     REACS     PRODS
      REACS         1  1.71e-19
      PRODS  5.85e+18         1
   MasterEquation::set:  done, cpu time[sec] = 0.36, elapsed time[sec] = 0
   MasterEquation::direct_diagonalization_method:  starts
      Pressure = 0.1 atm	 Temperature = 2100 K
      collision frequency = 1.32503e+08 1/sec
      global relaxation matrix dimension = 222
      setting global matrices ... done, cpu time[sec] = 0.03, elapsed time[sec] = 0
      diagonalizing global relaxation matrix ... done, cpu time[sec] = 0.13, elapsed time[sec] = 0
      minimal relaxation eigenvalue / collision frequency = 0.0665051
      maximal relaxation eigenvalue / collision frequency = 122263
      microscopic rate coefficients (at reference energy) over collision frequency:
       REACS->PRODS
             122262
      eigenvector populations normalized:
          L        *R        *P     REACS
          0    0.0752     0.127         1
         *R - eigenvalue over the relaxation limit
         *P - eigenvector projection squared on the relaxation subspace
      eigenvector projections:
          L        *Q        *P     REACS
          0     0.005     0.127    -0.935
         *Z       ---       ---  4.67e+19
         *Q - eigenvalue over the collision frequency
         *P - eigenvector projection squared on the relaxation subspace
         *Z - well partition function square root
      isomers-to-bimolecular equilibrium coefficients (kappa matrix):
        W\P    PRODS
      REACS     0.13
      projection error = 0.13
      Wa->Wb/Wb->Wa rate constants ratios:
      Wb\Wa     REACS
      REACS         1
      W->P/P->W rate constants ratios:
        P\W     REACS
      PRODS       1.1
   MasterEquation::direct_diagonalization_method:  done, cpu time[sec] = 0.19, elapsed time[sec] = 0
   MasterEquation::direct_diagonalization_method:  starts
      Pressure = 1 atm	 Temperature = 2100 K
      collision frequency = 1.32503e+09 1/sec
      global relaxation matrix dimension = 222
      setting global matrices ... done, cpu time[sec] = 0.04, elapsed time[sec] = 0
      diagonalizing global relaxation matrix ... done, cpu time[sec] = 0.13, elapsed time[sec] = 0
      minimal relaxation eigenvalue / collision frequency = 0.0557343
      maximal relaxation eigenvalue / collision frequency = 12227
      microscopic rate coefficients (at reference energy) over collision frequency:
       REACS->PRODS
            12226.2
      eigenvector populations normalized:
          L        *R        *P     REACS
          0    0.0554    0.0769         1
         *R - eigenvalue over the relaxation limit
         *P - eigenvector projection squared on the relaxation subspace
      eigenvector projections:
          L        *Q        *P     REACS
          0   0.00309    0.0769     0.961
         *Z       ---       ---  4.67e+19
         *Q - eigenvalue over the collision frequency
         *P - eigenvector projection squared on the relaxation subspace
         *Z - well partition function square root
      isomers-to-bimolecular equilibrium coefficients (kappa matrix):
        W\P    PRODS
      REACS    0.077
      projection error = 0.077
      Wa->Wb/Wb->Wa rate constants ratios:
      Wb\Wa     REACS
      REACS         1
      W->P/P->W rate constants ratios:
        P\W     REACS
      PRODS       1.1
   MasterEquation::direct_diagonalization_method:  done, cpu time[sec] = 0.19, elapsed time[sec] = 0
   MasterEquation::direct_diagonalization_method:  starts
      Pressure = 10 atm	 Temperature = 2100 K
      collision frequency = 1.32503e+10 1/sec
      global relaxation matrix dimension = 222
      setting global matrices ... done, cpu time[sec] = 0.04, elapsed time[sec] = 0
      diagonalizing global relaxation matrix ... done, cpu time[sec] = 0.13, elapsed time[sec] = 0
      minimal relaxation eigenvalue / collision frequency = 0.0460776
      maximal relaxation eigenvalue / collision frequency = 1223.42
      microscopic rate coefficients (at reference energy) over collision frequency:
       REACS->PRODS
            1222.62
      eigenvector populations normalized:
          L        *R        *P     REACS
          0     0.036    0.0385         1
         *R - eigenvalue over the relaxation limit
         *P - eigenvector projection squared on the relaxation subspace
      eigenvector projections:
          L        *Q        *P     REACS
          0   0.00166    0.0385     0.981
         *Z       ---       ---  4.67e+19
         *Q - eigenvalue over the collision frequency
         *P - eigenvector projection squared on the relaxation subspace
         *Z - well partition function square root
      isomers-to-bimolecular equilibrium coefficients (kappa matrix):
        W\P    PRODS
      REACS        0
      projection error = 0.039
      Wa->Wb/Wb->Wa rate constants ratios:
      Wb\Wa     REACS
      REACS         1
      W->P/P->W rate constants ratios:
        P\W     REACS
      PRODS         1
   MasterEquation::direct_diagonalization_method:  done, cpu time[sec] = 0.19, elapsed time[sec] = 0
   MasterEquation::direct_diagonalization_method:  starts
      Pressure = 1000 atm	 Temperature = 2100 K
      collision frequency = 1.32503e+12 1/sec
      global relaxation matrix dimension = 222
      setting global matrices ... done, cpu time[sec] = 0.04, elapsed time[sec] = 0
      diagonalizing global relaxation matrix ... done, cpu time[sec] = 0.16, elapsed time[sec] = 0
      minimal relaxation eigenvalue / collision frequency = 0.0319229
      maximal relaxation eigenvalue / collision frequency = 13.0757
      microscopic rate coefficients (at reference energy) over collision frequency:
       REACS->PRODS
            12.2262
      eigenvector populations normalized:
          L        *R        *P     REACS
          0   0.00785   0.00372         1
         *R - eigenvalue over the relaxation limit
         *P - eigenvector projection squared on the relaxation subspace
      eigenvector projections:
          L        *Q        *P     REACS
          0   0.00025   0.00372     0.998
         *Z       ---       ---  4.67e+19
         *Q - eigenvalue over the collision frequency
         *P - eigenvector projection squared on the relaxation subspace
         *Z - well partition function square root
      isomers-to-bimolecular equilibrium coefficients (kappa matrix):
        W\P    PRODS
      REACS        0
      projection error = 0.0037
      Wa->Wb/Wb->Wa rate constants ratios:
      Wb\Wa     REACS
      REACS         1
      W->P/P->W rate constants ratios:
        P\W     REACS
      PRODS         1
   MasterEquation::direct_diagonalization_method:  done, cpu time[sec] = 0.21, elapsed time[sec] = 0
   MasterEquation::set:  starts
      Temperature      = 2200 K
      Collision rate   = 3.85434e-10cm^3/sec
      Energy reference = 73668 1/cm
      Energy step      = 306 1/cm
      setting wells, barriers, and bimolecular starts
         REACS Well: density of states done, elapsed time[sec] = 0
         REACS Well: cannot satisfy the constant collision frequency at energy = 6960 1/cm, truncating the well
         REACS Well: cannot satisfy the constant collision frequency at energy = 7266 1/cm, truncating the well
         REACS Well: collisional energy transfer kernel done, elapsed time[sec] = 0.08
         REACS Well: relaxation modes basis done, elapsed time[sec] = 0.03
         REACS Well: kernel in relaxation modes basis done, elapsed time[sec] = 0.15
         REACS Well: relaxation eigenvalues done, elapsed time[sec] = 0.04
         REACS Well: minimal relaxation eigenvalue = 0.0245615
         REACS Well: maximal relaxation eigenvalue = 1.01247
         REACS Well:       grid size = 217
         REACS Well:      real depth = 0 1/cm
         REACS Well: effective depth = 7266 1/cm
         TS Barrier:        grid size = 150
         TS Barrier:      real height = 27795 1/cm
         TS Barrier: effective height = 27768 1/cm
      setting wells, barriers, and bimolecular done, cpu time[sec] = 0.32, elapsed time[sec] = 0
      Bound Species (D1/D2 - density of states at dissociation energy (DE)/reference energy):
       Name  Depth     DE      *D1      *D2
              1/cm   1/cm       cm       cm
      REACS   7267  27769 1.35e+19 5.96e+27
      Well-to-Bimolecular Barriers (N - number of states at the reference energy):
       Name Height       *N
              1/cm         
         TS  27769 4.64e+30
      Effective equilibrium constants(bimolecular units - cm^3):
        Q/Q     REACS     PRODS
      REACS         1   5.2e-17
      PRODS  1.92e+16         1
      Real equilibrium constants(bimolecular units - cm^3):
        Q/Q     REACS     PRODS
      REACS         1  7.27e-20
      PRODS  1.38e+19         1
   MasterEquation::set:  done, cpu time[sec] = 0.32, elapsed time[sec] = 0
   MasterEquation::direct_diagonalization_method:  starts
      Pressure = 0.1 atm	 Temperature = 2200 K
      collision frequency = 1.28564e+08 1/sec
      global relaxation matrix dimension = 217
      setting global matrices ... done, cpu time[sec] = 0.03, elapsed time[sec] = 0
      diagonalizing global relaxation matrix ... done, cpu time[sec] = 0.12, elapsed time[sec] = 0
      minimal relaxation eigenvalue / collision frequency = 0.0774007
      maximal relaxation eigenvalue / collision frequency = 181525
      microscopic rate coefficients (at reference energy) over collision frequency:
       REACS->PRODS
             181524
      eigenvector populations normalized:
          L        *R        *P     REACS
          0    0.0968     0.187         1
         *R - eigenvalue over the relaxation limit
         *P - eigenvector projection squared on the relaxation subspace
      eigenvector projections:
          L        *Q        *P     REACS
          0    0.0075     0.187    -0.901
         *Z       ---       ---  4.55e+19
         *Q - eigenvalue over the collision frequency
         *P - eigenvector projection squared on the relaxation subspace
         *Z - well partition function square root
      isomers-to-bimolecular equilibrium coefficients (kappa matrix):
        W\P    PRODS
      REACS     0.19
      projection error = 0.19
      Wa->Wb/Wb->Wa rate constants ratios:
      Wb\Wa     REACS
      REACS         1
      W->P/P->W rate constants ratios:
        P\W     REACS
      PRODS       1.2
   MasterEquation::direct_diagonalization_method:  done, cpu time[sec] = 0.17, elapsed time[sec] = 0
   MasterEquation::direct_diagonalization_method:  starts
      Pressure = 1 atm	 Temperature = 2200 K
      collision frequency = 1.28564e+09 1/sec
      global relaxation matrix dimension = 217
      setting global matrices ... done, cpu time[sec] = 0.03, elapsed time[sec] = 0
      diagonalizing global relaxation matrix ... done, cpu time[sec] = 0.13, elapsed time[sec] = 0
      minimal relaxation eigenvalue / collision frequency = 0.0643302
      maximal relaxation eigenvalue / collision frequency = 18153.2
      microscopic rate coefficients (at reference energy) over collision frequency:
       REACS->PRODS
            18152.4
      eigenvector populations normalized:
          L        *R        *P     REACS
          0    0.0749     0.122         1
         *R - eigenvalue over the relaxation limit
         *P - eigenvector projection squared on the relaxation subspace
      eigenvector projections:
          L        *Q        *P     REACS
          0   0.00482     0.122     0.937
         *Z       ---       ---  4.55e+19
         *Q - eigenvalue over the collision frequency
         *P - eigenvector projection squared on the relaxation subspace
         *Z - well partition function square root
      isomers-to-bimolecular equilibrium coefficients (kappa matrix):
        W\P    PRODS
      REACS     0.12
      projection error = 0.12
      Wa->Wb/Wb->Wa rate constants ratios:
      Wb\Wa     REACS
      REACS         1
      W->P/P->W rate constants ratios:
        P\W     REACS
      PRODS       1.1
   MasterEquation::direct_diagonalization_method:  done, cpu time[sec] = 0.17, elapsed time[sec] = 0
   MasterEquation::direct_diagonalization_method:  starts
      Pressure = 10 atm	 Temperature = 2200 K
      collision frequency = 1.28564e+10 1/sec
      global relaxation matrix dimension = 217
      setting global matrices ... done, cpu time[sec] = 0.04, elapsed time[sec] = 0
      diagonalizing global relaxation matrix ... done, cpu time[sec] = 0.13, elapsed time[sec] = 0
      minimal relaxation eigenvalue / collision frequency = 0.052461
      maximal relaxation eigenvalue / collision frequency = 1816.04
      microscopic rate coefficients (at reference energy) over collision frequency:
       REACS->PRODS
            1815.24
      eigenvector populations normalized:
          L        *R        *P     REACS
          0    0.0522    0.0671         1
         *R - eigenvalue over the relaxation limit
         *P - eigenvector projection squared on the relaxation subspace
      eigenvector projections:
          L        *Q        *P     REACS
          0   0.00274    0.0671    -0.966
         *Z       ---       ---  4.55e+19
         *Q - eigenvalue over the collision frequency
         *P - eigenvector projection squared on the relaxation subspace
         *Z - well partition function square root
      isomers-to-bimolecular equilibrium coefficients (kappa matrix):
        W\P    PRODS
      REACS    0.067
      projection error = 0.067
      Wa->Wb/Wb->Wa rate constants ratios:
      Wb\Wa     REACS
      REACS         1
      W->P/P->W rate constants ratios:
        P\W     REACS
      PRODS       1.1
   MasterEquation::direct_diagonalization_method:  done, cpu time[sec] = 0.19, elapsed time[sec] = 0
   MasterEquation::direct_diagonalization_method:  starts
      Pressure = 1000 atm	 Temperature = 2200 K
      collision frequency = 1.28564e+12 1/sec
      global relaxation matrix dimension = 217
      setting global matrices ... done, cpu time[sec] = 0.03, elapsed time[sec] = 0
      diagonalizing global relaxation matrix ... done, cpu time[sec] = 0.13, elapsed time[sec] = 0
      minimal relaxation eigenvalue / collision frequency = 0.0344948
      maximal relaxation eigenvalue / collision frequency = 18.9894
      microscopic rate coefficients (at reference energy) over collision frequency:
       REACS->PRODS
            18.1524
      eigenvector populations normalized:
          L        *R        *P     REACS
          0    0.0143   0.00857         1
         *R - eigenvalue over the relaxation limit
         *P - eigenvector projection squared on the relaxation subspace
      eigenvector projections:
          L        *Q        *P     REACS
          0  0.000492   0.00857     0.996
         *Z       ---       ---  4.55e+19
         *Q - eigenvalue over the collision frequency
         *P - eigenvector projection squared on the relaxation subspace
         *Z - well partition function square root
      isomers-to-bimolecular equilibrium coefficients (kappa matrix):
        W\P    PRODS
      REACS        0
      projection error = 0.0086
      Wa->Wb/Wb->Wa rate constants ratios:
      Wb\Wa     REACS
      REACS         1
      W->P/P->W rate constants ratios:
        P\W     REACS
      PRODS         1
   MasterEquation::direct_diagonalization_method:  done, cpu time[sec] = 0.19, elapsed time[sec] = 0
   MasterEquation::set:  starts
      Temperature      = 2300 K
      Collision rate   = 3.91499e-10cm^3/sec
      Energy reference = 75753 1/cm
      Energy step      = 320 1/cm
      setting wells, barriers, and bimolecular starts
         REACS Well: density of states done, elapsed time[sec] = 0
         REACS Well: cannot satisfy the constant collision frequency at energy = 7273 1/cm, truncating the well
         REACS Well: cannot satisfy the constant collision frequency at energy = 7593 1/cm, truncating the well
         REACS Well: cannot satisfy the constant collision frequency at energy = 7913 1/cm, truncating the well
         REACS Well: collisional energy transfer kernel done, elapsed time[sec] = 0.11
         REACS Well: relaxation modes basis done, elapsed time[sec] = 0.03
         REACS Well: kernel in relaxation modes basis done, elapsed time[sec] = 0.13
         REACS Well: relaxation eigenvalues done, elapsed time[sec] = 0.05
         REACS Well: minimal relaxation eigenvalue = 0.0241672
         REACS Well: maximal relaxation eigenvalue = 1.00955
         REACS Well:       grid size = 212
         REACS Well:      real depth = 0 1/cm
         REACS Well: effective depth = 7912 1/cm
         TS Barrier:        grid size = 150
         TS Barrier:      real height = 27795 1/cm
         TS Barrier: effective height = 27753 1/cm
      setting wells, barriers, and bimolecular done, cpu time[sec] = 0.32, elapsed time[sec] = 0
      Bound Species (D1/D2 - density of states at dissociation energy (DE)/reference energy):
       Name  Depth     DE      *D1      *D2
              1/cm   1/cm       cm       cm
      REACS   7913  27753 1.34e+19 1.13e+28
      Well-to-Bimolecular Barriers (N - number of states at the reference energy):
       Name Height       *N
              1/cm         
         TS  27753 1.24e+31
      Effective equilibrium constants(bimolecular units - cm^3):
        Q/Q     REACS     PRODS
      REACS         1  2.29e-17
      PRODS  4.37e+16         1
      Real equilibrium constants(bimolecular units - cm^3):
        Q/Q     REACS     PRODS
      REACS         1  3.35e-20
      PRODS  2.99e+19         1
   MasterEquation::set:  done, cpu time[sec] = 0.32, elapsed time[sec] = 0
   MasterEquation::direct_diagonalization_method:  starts
      Pressure = 0.1 atm	 Temperature = 2300 K
      collision frequency = 1.24909e+08 1/sec
      global relaxation matrix dimension = 212
      setting global matrices ... done, cpu time[sec] = 0.03, elapsed time[sec] = 0
      diagonalizing global relaxation matrix ... done, cpu time[sec] = 0.12, elapsed time[sec] = 0
      minimal relaxation eigenvalue / collision frequency = 0.0898884
      maximal relaxation eigenvalue / collision frequency = 263798
      microscopic rate coefficients (at reference energy) over collision frequency:
       REACS->PRODS
             263797
      eigenvector populations normalized:
          L        *R        *P     REACS
          0     0.119     0.258         1
         *R - eigenvalue over the relaxation limit
         *P - eigenvector projection squared on the relaxation subspace
      eigenvector projections:
          L        *Q        *P     REACS
          0    0.0107     0.258     0.861
         *Z       ---       ---  4.57e+19
         *Q - eigenvalue over the collision frequency
         *P - eigenvector projection squared on the relaxation subspace
         *Z - well partition function square root
      dimension of the chemical subspace = 0
      isomers-to-bimolecular equilibrium coefficients (kappa matrix):
        W\P    PRODS
      REACS        1
   MasterEquation::direct_diagonalization_method:  done, cpu time[sec] = 0.16, elapsed time[sec] = 0
   MasterEquation::direct_diagonalization_method:  starts
      Pressure = 1 atm	 Temperature = 2.3e+03 K
      collision frequency = 1.2e+09 1/sec
      global relaxation matrix dimension = 212
      setting global matrices ... done, cpu time[sec] = 0.03, elapsed time[sec] = 0
      diagonalizing global relaxation matrix ... done, cpu time[sec] = 0.13, elapsed time[sec] = 0
      minimal relaxation eigenvalue / collision frequency = 0.074
      maximal relaxation eigenvalue / collision frequency = 2.6e+04
      microscopic rate coefficients (at reference energy) over collision frequency:
       REACS->PRODS
            2.6e+04
      eigenvector populations normalized:
          L        *R        *P     REACS
          0    0.0956     0.179         1
         *R - eigenvalue over the relaxation limit
         *P - eigenvector projection squared on the relaxation subspace
      eigenvector projections:
          L        *Q        *P     REACS
          0    0.0071     0.179    -0.906
         *Z       ---       ---  4.57e+19
         *Q - eigenvalue over the collision frequency
         *P - eigenvector projection squared on the relaxation subspace
         *Z - well partition function square root
      isomers-to-bimolecular equilibrium coefficients (kappa matrix):
        W\P    PRODS
      REACS     0.18
      projection error = 0.18
      Wa->Wb/Wb->Wa rate constants ratios:
      Wb\Wa     REACS
      REACS         1
      W->P/P->W rate constants ratios:
        P\W     REACS
      PRODS       1.2
   MasterEquation::direct_diagonalization_method:  done, cpu time[sec] = 0.17, elapsed time[sec] = 0
   MasterEquation::direct_diagonalization_method:  starts
      Pressure = 10 atm	 Temperature = 2300 K
      collision frequency = 1.24909e+10 1/sec
      global relaxation matrix dimension = 212
      setting global matrices ... done, cpu time[sec] = 0.03, elapsed time[sec] = 0
      diagonalizing global relaxation matrix ... done, cpu time[sec] = 0.13, elapsed time[sec] = 0
      minimal relaxation eigenvalue / collision frequency = 0.0599814
      maximal relaxation eigenvalue / collision frequency = 2638.77
      microscopic rate coefficients (at reference energy) over collision frequency:
       REACS->PRODS
            2637.97
      eigenvector populations normalized:
          L        *R        *P     REACS
          0    0.0703     0.106         1
         *R - eigenvalue over the relaxation limit
         *P - eigenvector projection squared on the relaxation subspace
      eigenvector projections:
          L        *Q        *P     REACS
          0   0.00422     0.106    -0.945
         *Z       ---       ---  4.57e+19
         *Q - eigenvalue over the collision frequency
         *P - eigenvector projection squared on the relaxation subspace
         *Z - well partition function square root
      isomers-to-bimolecular equilibrium coefficients (kappa matrix):
        W\P    PRODS
      REACS     0.11
      projection error = 0.11
      Wa->Wb/Wb->Wa rate constants ratios:
      Wb\Wa     REACS
      REACS         1
      W->P/P->W rate constants ratios:
        P\W     REACS
      PRODS       1.1
   MasterEquation::direct_diagonalization_method:  done, cpu time[sec] = 0.18, elapsed time[sec] = 0
   MasterEquation::direct_diagonalization_method:  starts
      Pressure = 1000 atm	 Temperature = 2300 K
      collision frequency = 1.24909e+12 1/sec
      global relaxation matrix dimension = 212
      setting global matrices ... done, cpu time[sec] = 0.04, elapsed time[sec] = 0
      diagonalizing global relaxation matrix ... done, cpu time[sec] = 0.12, elapsed time[sec] = 0
      minimal relaxation eigenvalue / collision frequency = 0.0377786
      maximal relaxation eigenvalue / collision frequency = 27.2071
      microscopic rate coefficients (at reference energy) over collision frequency:
       REACS->PRODS
            26.3797
      eigenvector populations normalized:
          L        *R        *P     REACS
          0    0.0233    0.0174         1
         *R - eigenvalue over the relaxation limit
         *P - eigenvector projection squared on the relaxation subspace
      eigenvector projections:
          L        *Q        *P     REACS
          0  0.000879    0.0174     0.991
         *Z       ---       ---  4.57e+19
         *Q - eigenvalue over the collision frequency
         *P - eigenvector projection squared on the relaxation subspace
         *Z - well partition function square root
      isomers-to-bimolecular equilibrium coefficients (kappa matrix):
        W\P    PRODS
      REACS        0
      projection error = 0.017
      Wa->Wb/Wb->Wa rate constants ratios:
      Wb\Wa     REACS
      REACS         1
      W->P/P->W rate constants ratios:
        P\W     REACS
      PRODS         1
   MasterEquation::direct_diagonalization_method:  done, cpu time[sec] = 0.18, elapsed time[sec] = 0
   MasterEquation::set:  starts
      Temperature      = 2400 K
      Collision rate   = 3.97395e-10cm^3/sec
      Energy reference = 77838 1/cm
      Energy step      = 334 1/cm
      setting wells, barriers, and bimolecular starts
         REACS Well: density of states done, elapsed time[sec] = 0
         REACS Well: cannot satisfy the constant collision frequency at energy = 8032 1/cm, truncating the well
         REACS Well: cannot satisfy the constant collision frequency at energy = 8366 1/cm, truncating the well
         REACS Well: collisional energy transfer kernel done, elapsed time[sec] = 0.08
         REACS Well: relaxation modes basis done, elapsed time[sec] = 0.03
         REACS Well: kernel in relaxation modes basis done, elapsed time[sec] = 0.13
         REACS Well: relaxation eigenvalues done, elapsed time[sec] = 0.04
         REACS Well: minimal relaxation eigenvalue = 0.0238192
         REACS Well: maximal relaxation eigenvalue = 1.01432
         REACS Well:       grid size = 208
         REACS Well:      real depth = 0 1/cm
         REACS Well: effective depth = 8365 1/cm
         TS Barrier:        grid size = 150
         TS Barrier:      real height = 27795 1/cm
         TS Barrier: effective height = 27738 1/cm
      setting wells, barriers, and bimolecular done, cpu time[sec] = 0.28, elapsed time[sec] = 0
      Bound Species (D1/D2 - density of states at dissociation energy (DE)/reference energy):
       Name  Depth     DE      *D1      *D2
              1/cm   1/cm       cm       cm
      REACS   8366  27738 1.33e+19 2.11e+28
      Well-to-Bimolecular Barriers (N - number of states at the reference energy):
       Name Height       *N
              1/cm         
         TS  27738 3.21e+31
      Effective equilibrium constants(bimolecular units - cm^3):
        Q/Q     REACS     PRODS
      REACS         1  1.08e-17
      PRODS  9.24e+16         1
      Real equilibrium constants(bimolecular units - cm^3):
        Q/Q     REACS     PRODS
      REACS         1  1.65e-20
      PRODS  6.06e+19         1
   MasterEquation::set:  done, cpu time[sec] = 0.28, elapsed time[sec] = 0
   MasterEquation::direct_diagonalization_method:  starts
      Pressure = 0.1 atm	 Temperature = 2400 K
      collision frequency = 1.21508e+08 1/sec
      global relaxation matrix dimension = 208
      setting global matrices ... done, cpu time[sec] = 0.03, elapsed time[sec] = 0
      diagonalizing global relaxation matrix ... done, cpu time[sec] = 0.12, elapsed time[sec] = 0
      minimal relaxation eigenvalue / collision frequency = 0.104017
      maximal relaxation eigenvalue / collision frequency = 375935
      microscopic rate coefficients (at reference energy) over collision frequency:
       REACS->PRODS
             375934
      eigenvector populations normalized:
          L        *R        *P     REACS
          0     0.141     0.335         1
         *R - eigenvalue over the relaxation limit
         *P - eigenvector projection squared on the relaxation subspace
      eigenvector projections:
          L        *Q        *P     REACS
          0    0.0146     0.335     0.816
         *Z       ---       ---  4.69e+19
         *Q - eigenvalue over the collision frequency
         *P - eigenvector projection squared on the relaxation subspace
         *Z - well partition function square root
      dimension of the chemical subspace = 0
      isomers-to-bimolecular equilibrium coefficients (kappa matrix):
        W\P    PRODS
      REACS        1
   MasterEquation::direct_diagonalization_method:  done, cpu time[sec] = 0.16, elapsed time[sec] = 0
   MasterEquation::direct_diagonalization_method:  starts
      Pressure = 1 atm	 Temperature = 2.4e+03 K
      collision frequency = 1.2e+09 1/sec
      global relaxation matrix dimension = 208
      setting global matrices ... done, cpu time[sec] = 0.03, elapsed time[sec] = 0
      diagonalizing global relaxation matrix ... done, cpu time[sec] = 0.12, elapsed time[sec] = 0
      minimal relaxation eigenvalue / collision frequency = 0.086
      maximal relaxation eigenvalue / collision frequency = 3.8e+04
      microscopic rate coefficients (at reference energy) over collision frequency:
       REACS->PRODS
            3.8e+04
      eigenvector populations normalized:
          L        *R        *P     REACS
          0     0.117     0.244         1
         *R - eigenvalue over the relaxation limit
         *P - eigenvector projection squared on the relaxation subspace
      eigenvector projections:
          L        *Q        *P     REACS
          0   0.00999     0.244    -0.869
         *Z       ---       ---  4.69e+19
         *Q - eigenvalue over the collision frequency
         *P - eigenvector projection squared on the relaxation subspace
         *Z - well partition function square root
      dimension of the chemical subspace = 0
      isomers-to-bimolecular equilibrium coefficients (kappa matrix):
        W\P    PRODS
      REACS        1
   MasterEquation::direct_diagonalization_method:  done, cpu time[sec] = 0.17, elapsed time[sec] = 0
   MasterEquation::direct_diagonalization_method:  starts
      Pressure = 10 atm	 Temperature = 2.4e+03 K
      collision frequency = 1.2e+10 1/sec
      global relaxation matrix dimension = 208
      setting global matrices ... done, cpu time[sec] = 0.03, elapsed time[sec] = 0
      diagonalizing global relaxation matrix ... done, cpu time[sec] = 0.11, elapsed time[sec] = 0
      minimal relaxation eigenvalue / collision frequency = 0.069
      maximal relaxation eigenvalue / collision frequency = 3.8e+03
      microscopic rate coefficients (at reference energy) over collision frequency:
       REACS->PRODS
            3.8e+03
      eigenvector populations normalized:
          L        *R        *P     REACS
          0    0.0897     0.156         1
         *R - eigenvalue over the relaxation limit
         *P - eigenvector projection squared on the relaxation subspace
      eigenvector projections:
          L        *Q        *P     REACS
          0   0.00616     0.156    -0.919
         *Z       ---       ---  4.69e+19
         *Q - eigenvalue over the collision frequency
         *P - eigenvector projection squared on the relaxation subspace
         *Z - well partition function square root
      isomers-to-bimolecular equilibrium coefficients (kappa matrix):
        W\P    PRODS
      REACS     0.16
      projection error = 0.16
      Wa->Wb/Wb->Wa rate constants ratios:
      Wb\Wa     REACS
      REACS         1
      W->P/P->W rate constants ratios:
        P\W     REACS
      PRODS       1.2
   MasterEquation::direct_diagonalization_method:  done, cpu time[sec] = 0.16, elapsed time[sec] = 0
   MasterEquation::direct_diagonalization_method:  starts
      Pressure = 1000 atm	 Temperature = 2400 K
      collision frequency = 1.21508e+12 1/sec
      global relaxation matrix dimension = 208
      setting global matrices ... done, cpu time[sec] = 0.03, elapsed time[sec] = 0
      diagonalizing global relaxation matrix ... done, cpu time[sec] = 0.11, elapsed time[sec] = 0
      minimal relaxation eigenvalue / collision frequency = 0.0418067
      maximal relaxation eigenvalue / collision frequency = 38.4135
      microscopic rate coefficients (at reference energy) over collision frequency:
       REACS->PRODS
            37.5934
      eigenvector populations normalized:
          L        *R        *P     REACS
          0    0.0348    0.0316         1
         *R - eigenvalue over the relaxation limit
         *P - eigenvector projection squared on the relaxation subspace
      eigenvector projections:
          L        *Q        *P     REACS
          0   0.00146    0.0316     0.984
         *Z       ---       ---  4.69e+19
         *Q - eigenvalue over the collision frequency
         *P - eigenvector projection squared on the relaxation subspace
         *Z - well partition function square root
      isomers-to-bimolecular equilibrium coefficients (kappa matrix):
        W\P    PRODS
      REACS        0
      projection error = 0.032
      Wa->Wb/Wb->Wa rate constants ratios:
      Wb\Wa     REACS
      REACS         1
      W->P/P->W rate constants ratios:
        P\W     REACS
      PRODS         1
   MasterEquation::direct_diagonalization_method:  done, cpu time[sec] = 0.15, elapsed time[sec] = 0
   MasterEquation::set:  starts
      Temperature      = 2500 K
      Collision rate   = 4.03135e-10cm^3/sec
      Energy reference = 79923 1/cm
      Energy step      = 348 1/cm
      setting wells, barriers, and bimolecular starts
         REACS Well: density of states done, elapsed time[sec] = 0
         REACS Well: cannot satisfy the constant collision frequency at energy = 8583 1/cm, truncating the well
         REACS Well: cannot satisfy the constant collision frequency at energy = 8931 1/cm, truncating the well
         REACS Well: collisional energy transfer kernel done, elapsed time[sec] = 0.08
         REACS Well: relaxation modes basis done, elapsed time[sec] = 0.03
         REACS Well: kernel in relaxation modes basis done, elapsed time[sec] = 0.12
         REACS Well: relaxation eigenvalues done, elapsed time[sec] = 0.04
         REACS Well: minimal relaxation eigenvalue = 0.0235095
         REACS Well: maximal relaxation eigenvalue = 1.01523
         REACS Well:       grid size = 204
         REACS Well:      real depth = 0 1/cm
         REACS Well: effective depth = 8931 1/cm
         TS Barrier:        grid size = 150
         TS Barrier:      real height = 27795 1/cm
         TS Barrier: effective height = 27723 1/cm
      setting wells, barriers, and bimolecular done, cpu time[sec] = 0.28, elapsed time[sec] = 0
      Bound Species (D1/D2 - density of states at dissociation energy (DE)/reference energy):
       Name  Depth     DE      *D1      *D2
              1/cm   1/cm       cm       cm
      REACS   8932  27723 1.32e+19 3.88e+28
      Well-to-Bimolecular Barriers (N - number of states at the reference energy):
       Name Height       *N
              1/cm         
         TS  27723 8.06e+31
      Effective equilibrium constants(bimolecular units - cm^3):
        Q/Q     REACS     PRODS
      REACS         1  5.44e-18
      PRODS  1.84e+17         1
      Real equilibrium constants(bimolecular units - cm^3):
        Q/Q     REACS     PRODS
      REACS         1  8.65e-21
      PRODS  1.16e+20         1
   MasterEquation::set:  done, cpu time[sec] = 0.28, elapsed time[sec] = 0
   MasterEquation::direct_diagonalization_method:  starts
      Pressure = 0.1 atm	 Temperature = 2500 K
      collision frequency = 1.18332e+08 1/sec
      global relaxation matrix dimension = 204
      setting global matrices ... done, cpu time[sec] = 0.03, elapsed time[sec] = 0
      diagonalizing global relaxation matrix ... done, cpu time[sec] = 0.12, elapsed time[sec] = 0
      minimal relaxation eigenvalue / collision frequency = 0.119832
      maximal relaxation eigenvalue / collision frequency = 526230
      microscopic rate coefficients (at reference energy) over collision frequency:
       REACS->PRODS
             526229
      eigenvector populations normalized:
          L        *R        *P     REACS
          0     0.162     0.414         1
         *R - eigenvalue over the relaxation limit
         *P - eigenvector projection squared on the relaxation subspace
      eigenvector projections:
          L        *Q        *P     REACS
          0    0.0194     0.414    -0.765
         *Z       ---       ---  4.91e+19
         *Q - eigenvalue over the collision frequency
         *P - eigenvector projection squared on the relaxation subspace
         *Z - well partition function square root
      dimension of the chemical subspace = 0
      isomers-to-bimolecular equilibrium coefficients (kappa matrix):
        W\P    PRODS
      REACS        1
   MasterEquation::direct_diagonalization_method:  done, cpu time[sec] = 0.16, elapsed time[sec] = 0
   MasterEquation::direct_diagonalization_method:  starts
      Pressure = 1 atm	 Temperature = 2.5e+03 K
      collision frequency = 1.2e+09 1/sec
      global relaxation matrix dimension = 204
      setting global matrices ... done, cpu time[sec] = 0.03, elapsed time[sec] = 0
      diagonalizing global relaxation matrix ... done, cpu time[sec] = 0.12, elapsed time[sec] = 0
      minimal relaxation eigenvalue / collision frequency = 0.098
      maximal relaxation eigenvalue / collision frequency = 5.3e+04
      microscopic rate coefficients (at reference energy) over collision frequency:
       REACS->PRODS
            5.3e+04
      eigenvector populations normalized:
          L        *R        *P     REACS
          0     0.138     0.316         1
         *R - eigenvalue over the relaxation limit
         *P - eigenvector projection squared on the relaxation subspace
      eigenvector projections:
          L        *Q        *P     REACS
          0    0.0135     0.316     0.827
         *Z       ---       ---  4.91e+19
         *Q - eigenvalue over the collision frequency
         *P - eigenvector projection squared on the relaxation subspace
         *Z - well partition function square root
      dimension of the chemical subspace = 0
      isomers-to-bimolecular equilibrium coefficients (kappa matrix):
        W\P    PRODS
      REACS        1
   MasterEquation::direct_diagonalization_method:  done, cpu time[sec] = 0.16, elapsed time[sec] = 0
   MasterEquation::direct_diagonalization_method:  starts
      Pressure = 10 atm	 Temperature = 2.5e+03 K
      collision frequency = 1.2e+10 1/sec
      global relaxation matrix dimension = 204
      setting global matrices ... done, cpu time[sec] = 0.03, elapsed time[sec] = 0
      diagonalizing global relaxation matrix ... done, cpu time[sec] = 0.11, elapsed time[sec] = 0
      minimal relaxation eigenvalue / collision frequency = 0.079
      maximal relaxation eigenvalue / collision frequency = 5.3e+03
      microscopic rate coefficients (at reference energy) over collision frequency:
       REACS->PRODS
            5.3e+03
      eigenvector populations normalized:
          L        *R        *P     REACS
          0      0.11     0.214         1
         *R - eigenvalue over the relaxation limit
         *P - eigenvector projection squared on the relaxation subspace
      eigenvector projections:
          L        *Q        *P     REACS
          0   0.00862     0.214    -0.887
         *Z       ---       ---  4.91e+19
         *Q - eigenvalue over the collision frequency
         *P - eigenvector projection squared on the relaxation subspace
         *Z - well partition function square root
      dimension of the chemical subspace = 0
      isomers-to-bimolecular equilibrium coefficients (kappa matrix):
        W\P    PRODS
      REACS        1
   MasterEquation::direct_diagonalization_method:  done, cpu time[sec] = 0.15, elapsed time[sec] = 0
   MasterEquation::direct_diagonalization_method:  starts
      Pressure = 1e+03 atm	 Temperature = 2.5e+03 K
      collision frequency = 1.2e+12 1/sec
      global relaxation matrix dimension = 204
      setting global matrices ... done, cpu time[sec] = 0.03, elapsed time[sec] = 0
      diagonalizing global relaxation matrix ... done, cpu time[sec] = 0.12, elapsed time[sec] = 0
      minimal relaxation eigenvalue / collision frequency = 0.047
      maximal relaxation eigenvalue / collision frequency = 53
      microscopic rate coefficients (at reference energy) over collision frequency:
       REACS->PRODS
                 53
      eigenvector populations normalized:
          L        *R        *P     REACS
          0    0.0485    0.0526         1
         *R - eigenvalue over the relaxation limit
         *P - eigenvector projection squared on the relaxation subspace
      eigenvector projections:
          L        *Q        *P     REACS
          0   0.00226    0.0526    -0.973
         *Z       ---       ---  4.91e+19
         *Q - eigenvalue over the collision frequency
         *P - eigenvector projection squared on the relaxation subspace
         *Z - well partition function square root
      isomers-to-bimolecular equilibrium coefficients (kappa matrix):
        W\P    PRODS
      REACS    0.053
      projection error = 0.053
      Wa->Wb/Wb->Wa rate constants ratios:
      Wb\Wa     REACS
      REACS         1
      W->P/P->W rate constants ratios:
        P\W     REACS
      PRODS       1.1
   MasterEquation::direct_diagonalization_method:  done, cpu time[sec] = 0.17, elapsed time[sec] = 0
rate calculation done, cpu time[sec] = 137.93, elapsed time[sec] = 9
