Model::init:  starts
   Model::ExponentialKernel::ExponentialKernel:  ... done
   Model::LennardJonesCollision::LennardJonesCollision:  ... done
   WELL: REACS
   Model::RRHO::RRHO:  starts
      Model::RigidRotor::RigidRotor:  starts
         molecular geometry will be used to estimate rotational constants
         rotational configuration: nonlinear
         rotational constants[1/cm]:        0.878137        0.12634       0.118562
      Model::RigidRotor::RigidRotor:  done, cpu time[sec] = 0, elapsed time[sec] = 0
      1-th ROTOR:
      Model::HinderedRotor::HinderedRotor:  starts
         Model::HinderedRotor::_read:  starts
            Fourier Expansion Coefficients(kcal/mol):
              0            1.3
              1    3.62848e-16
              2       -1.32333
              3     -0.0057735
              4           0.02
              5     3.7181e-16
              6     0.00333333
         Model::HinderedRotor::_read:  done, cpu time[sec] = 0, elapsed time[sec] = 0
         effective rotational constant[1/cm]  = 6.24022
         analytic  frequency at minimum[1/cm] = 218.376
         numerical frequency at minimum[1/cm] = 218.376
         minimum energy[kcal/mol]             = -4.92885e-05
         maximum energy[kcal/mol]             = 2.64005
         maximum frequency[1/cm]              = 218.459
         maximum imaginary frequency[1/cm]    = 232.344
         ground energy [kcal/mol]             = 0.305002
         highest energy level [kcal/mol]      = 371.261
         number of levels                     = 97
         10 lowest excited states [kcal/mol] relative to the ground: 0.593 1.15 1.66 2.05 2.58 2.65 3.65 3.65 5.07
         Statistical Weight (*** - deep tunneling regime):
          T, K        Quantum      Classical  Semiclassical  ***
           100        1.05381        1.49915        1.04574
           200        1.30456        1.42117        1.30303
           300        1.63933        1.69641         1.6388
           400        2.00891        2.04322        2.00867
           500        2.39048        2.41332        2.39036
           600        2.77157        2.78776         2.7715
           700        3.14554        3.15763        3.14558
           800        3.50941        3.51866        3.50942
           900        3.86169        3.86896        3.86169
          1000        4.20198        4.20789        4.20204
      Model::HinderedRotor::HinderedRotor:  done, cpu time[sec] = 0.01, elapsed time[sec] = 0
      2-th ROTOR:
      Model::HinderedRotor::HinderedRotor:  starts
         Model::HinderedRotor::_read:  starts
            Fourier Expansion Coefficients(kcal/mol):
              0          2.006
              1      0.0240656
              2      -0.431276
              3     -0.0607086
              4       0.339452
              5      0.0330657
              6       -2.03038
              7     -0.0596188
              8      0.0768222
              9          0.028
             10          0.018
             11     0.00597612
             12      0.0230482
             13    3.20981e-06
             14   -0.000517882
             15     -0.0013596
             16   -0.000322173
             17     0.00100325
             18   -0.000829526
             19   -2.19509e-15
             20    6.80339e-18
         Model::HinderedRotor::_read:  done, cpu time[sec] = 0, elapsed time[sec] = 0
         effective rotational constant[1/cm]  = 1.7071
         analytic  frequency at minimum[1/cm] = 154.084
         numerical frequency at minimum[1/cm] = 154.081
         minimum energy[kcal/mol]             = -0.0306686
         maximum energy[kcal/mol]             = 4.89837
         maximum frequency[1/cm]              = 154.395
         maximum imaginary frequency[1/cm]    = 161.802
         ground energy [kcal/mol]             = 0.186746
         highest energy level [kcal/mol]      = 11.5874
         number of levels                     = 89
         10 lowest excited states [kcal/mol] relative to the ground: 0.00188 0.00778 0.375 0.412 0.429 0.738 0.805 0.846 1.09
         Statistical Weight (*** - deep tunneling regime):
          T, K        Quantum      Classical  Semiclassical  ***
           100        3.41154        4.02052        3.40741
           200        4.73506        4.92771        4.73445
           300        6.25305         6.3582        6.25295
           400        7.88117        7.94995         7.8812
           500        9.58782        9.63699        9.58796
           600        11.3444        11.3815        11.3447
           700        13.1245        13.1547         13.126
           800        14.9072         14.935        14.9121
           900         16.676         16.707        16.6884
          1000        18.4188        18.4601        18.4446
      Model::HinderedRotor::HinderedRotor:  done, cpu time[sec] = 0.03, elapsed time[sec] = 0
      3-th ROTOR:
      Model::HinderedRotor::HinderedRotor:  starts
         Model::HinderedRotor::_read:  starts
            Fourier Expansion Coefficients(kcal/mol):
              0       0.621667
              1      0.0337639
              2      0.0194936
              3      0.0707254
              4     -0.0441667
              5          -0.01
              6      -0.576667
              7     -0.0476314
              8     -0.0241667
              9    -0.00376388
             10     0.00217308
             11   -8.36319e-16
             12     0.00166667
         Model::HinderedRotor::_read:  done, cpu time[sec] = 0, elapsed time[sec] = 0
         effective rotational constant[1/cm]  = 22.1957
         analytic  frequency at minimum[1/cm] = 296.329
         numerical frequency at minimum[1/cm] = 296.325
         minimum energy[kcal/mol]             = -0.000361184
         maximum energy[kcal/mol]             = 1.38017
         maximum frequency[1/cm]              = 298.449
         maximum imaginary frequency[1/cm]    = 319.775
         ground energy [kcal/mol]             = 0.379084
         highest energy level [kcal/mol]      = 146.838
         number of levels                     = 97
         10 lowest excited states [kcal/mol] relative to the ground: 0.00607 0.0852 0.587 0.627 0.764 0.984 1.3 1.33 1.86
         Statistical Weight (*** - deep tunneling regime):
          T, K        Quantum      Classical  Semiclassical  ***
           100        2.74749        4.31312        2.64186
           200         3.5533        3.88958        3.53654
           300        4.39599        4.53482        4.39101
           400        5.19424        5.26755         5.1922
           500        5.93468        5.97902        5.93371
           600        6.62128        6.65054        6.62078
           700        7.26103        7.28156        7.26077
           800        7.86062        7.87569        7.86049
           900        8.42572        8.43718        8.42566
          1000        8.96101        8.96996        8.96099
      Model::HinderedRotor::HinderedRotor:  done, cpu time[sec] = 0.01, elapsed time[sec] = 0
      interpolating states number/density starts
         core state contribution ... done, cpu time[sec] = 0.01, elapsed time[sec] = 0
         vibrational modes contribution ... done, cpu time[sec] = 0.05, elapsed time[sec] = 0
         hindered rotors contribution starts
            Model::HinderedRotor::set:  starts
               hamiltonian size                = 101
               ground energy [kcal/mol]        = 0.305002
               highest level energy [kcal/mol] = 386.532
               number of levels                = 99
            Model::HinderedRotor::set:  done, cpu time[sec] = 0.01, elapsed time[sec] = 0
            Model::HinderedRotor::set:  starts
               hamiltonian size                = 575
               ground energy [kcal/mol]        = 0.186746
               highest level energy [kcal/mol] = 401.175
               number of levels                = 573
            Model::HinderedRotor::set:  done, cpu time[sec] = 1.95, elapsed time[sec] = 0
            Model::HinderedRotor::set:  starts
               hamiltonian size                = 161
               ground energy [kcal/mol]        = 0.379084
               highest level energy [kcal/mol] = 396.299
               number of levels                = 159
            Model::HinderedRotor::set:  done, cpu time[sec] = 0.09, elapsed time[sec] = 0
         hindered rotors contribution done, cpu time[sec] = 3.97, elapsed time[sec] = 0
         effective power exponent at 399.998 kcal/mol = 25.0328
      interpolating states number/density done, cpu time[sec] = 4.31, elapsed time[sec] = 0
   Model::RRHO::RRHO:  done, cpu time[sec] = 4.36, elapsed time[sec] = 0
   BIMOLECULAR: PRODS
   Model::Bimolecular::Bimolecular:  starts
      Model::RRHO::RRHO:  starts
         Model::RigidRotor::RigidRotor:  starts
            molecular geometry will be used to estimate rotational constants
            rotational configuration: nonlinear
            rotational constants[1/cm]:         6.49782        1.00826        0.87981
         Model::RigidRotor::RigidRotor:  done, cpu time[sec] = 0, elapsed time[sec] = 0
         1-th ROTOR:
         Model::HinderedRotor::HinderedRotor:  starts
            Model::HinderedRotor::_read:  starts
               Fourier Expansion Coefficients(kcal/mol):
                 0        1.18375
                 1       -1.16395
                 2        -1.2493
                 3         0.8625
                 4           0.05
                 5      -0.168948
                 6       0.154303
                 7    1.39304e-16
                 8       -0.13875
            Model::HinderedRotor::_read:  done, cpu time[sec] = 0.01, elapsed time[sec] = 0
            effective rotational constant[1/cm]  = 31.7378
            analytic  frequency at minimum[1/cm] = 411.412
            numerical frequency at minimum[1/cm] = 411.404
            minimum energy[kcal/mol]             = -0.000769831
            maximum energy[kcal/mol]             = 4.12193
            maximum frequency[1/cm]              = 615.775
            maximum imaginary frequency[1/cm]    = 915.47
            ground energy [kcal/mol]             = 0.301783
            highest energy level [kcal/mol]      = 837.462
            number of levels                     = 97
            10 lowest excited states [kcal/mol] relative to the ground: 0.502 1.3 2.14 2.9 4.2 4.49 6.77 6.8 10
            Statistical Weight (*** - deep tunneling regime):
             T, K        Quantum      Classical  Semiclassical  ***
              100        1.08147        1.71172         2.0693  ***
              200         1.3263        1.53971        1.34173  ***
              300        1.58084        1.70373        1.58318
              400        1.82954        1.91339        1.82963
              500        2.07124        2.13316        2.07089
              600        2.30601        2.35369        2.30549
              700        2.53348        2.57141        2.53308
              800        2.75402        2.78472        2.75361
              900        2.96751         2.9929        2.96721
             1000        3.17442        3.19563        3.17413
         Model::HinderedRotor::HinderedRotor:  done, cpu time[sec] = 0.06, elapsed time[sec] = 0
      Model::RRHO::RRHO:  done, cpu time[sec] = 0.06, elapsed time[sec] = 0
      Model::RRHO::RRHO:  starts
         Model::RigidRotor::RigidRotor:  starts
            molecular geometry will be used to estimate rotational constants
            rotational configuration: nonlinear
            rotational constants[1/cm]:         3.47442       0.764503        0.70828
         Model::RigidRotor::RigidRotor:  done, cpu time[sec] = 0, elapsed time[sec] = 0
         1-th ROTOR:
         Model::HinderedRotor::HinderedRotor:  starts
            Model::HinderedRotor::_read:  starts
               Fourier Expansion Coefficients(kcal/mol):
                 0         0.0275
                 1         -0.005
                 2          -0.03
                 3   -6.12323e-19
                 4         0.0025
            Model::HinderedRotor::_read:  done, cpu time[sec] = 0, elapsed time[sec] = 0
            effective rotational constant[1/cm]  = 15.1392
            analytic  frequency at minimum[1/cm] = 90.4308
            numerical frequency at minimum[1/cm] = 90.4309
            minimum energy[kcal/mol]             = -0.000611106
            maximum energy[kcal/mol]             = 0.0603116
            maximum frequency[1/cm]              = 97.3347
            maximum imaginary frequency[1/cm]    = 123.765
            ground energy [kcal/mol]             = 0.0272031
            highest energy level [kcal/mol]      = 3590.22
            number of levels                     = 97
            10 lowest excited states [kcal/mol] relative to the ground: 1.56 1.56 6.23 6.23 14 14 24.9 24.9 39
            Statistical Weight (*** - deep tunneling regime):
             T, K        Quantum      Classical  Semiclassical  ***
              100        1.00078       0.635726        0.63324
              200        1.03961       0.895789       0.895131
              300        1.14641        1.09649        1.09623
              400        1.28226        1.26592        1.26578
              500        1.42041        1.41526        1.41518
              600        1.55186         1.5503        1.55025
              700        1.67488         1.6745        1.67447
              800        1.79024        1.79012        1.79009
              900        1.89873        1.89871        1.89869
             1000        2.00141        2.00142         2.0014
         Model::HinderedRotor::HinderedRotor:  done, cpu time[sec] = 0.04, elapsed time[sec] = 0
      Model::RRHO::RRHO:  done, cpu time[sec] = 0.04, elapsed time[sec] = 0
   Model::Bimolecular::Bimolecular:  done, cpu time[sec] = 0.1, elapsed time[sec] = 0
   BARRIER: TS
   Model::RRHO::RRHO:  starts
      Model::RigidRotor::RigidRotor:  starts
         molecular geometry will be used to estimate rotational constants
         rotational configuration: nonlinear
         rotational constants[1/cm]:        0.611911      0.0786668      0.0731946
      Model::RigidRotor::RigidRotor:  done, cpu time[sec] = 0, elapsed time[sec] = 0
      interpolating states number/density starts
         core state contribution ... done, cpu time[sec] = 0.04, elapsed time[sec] = 0
         vibrational modes contribution ... done, cpu time[sec] = 0.24, elapsed time[sec] = 0
         effective power exponent at 326.859 kcal/mol = 25.7386
      interpolating states number/density done, cpu time[sec] = 0.51, elapsed time[sec] = 0
   Model::RRHO::RRHO:  done, cpu time[sec] = 0.51, elapsed time[sec] = 0
   checking input ... done
   setting connectivity ... done
   checking connectivity ... done
   setting dissociation limit ... done
   setting maximum barrier height ... done
   partition functions (relative to the ground level, units - 1/cm3):
     T\Q        REACS        PROD1        Prod2           TS
     100  3.75703e+30  5.75048e+28  2.79152e+28  8.70744e+30
     200  8.23759e+31  3.05088e+29  3.26956e+29  4.17573e+32
     300  7.83666e+32   1.3029e+30  1.50842e+30  6.87694e+33
     400  5.30711e+33   3.9987e+30  4.98168e+30  7.13717e+34
     500  3.02474e+34  1.02608e+31  1.40228e+31  5.72743e+35
     600  1.54816e+35  2.35154e+31  3.59551e+31  3.87167e+36
     700  7.31022e+35  4.97489e+31  8.64814e+31  2.29901e+37
     800  3.22607e+36  9.90139e+31  1.98095e+32  1.22858e+38
     900  1.34086e+37  1.87652e+32   4.3597e+32   6.0041e+38
    1000  5.27716e+37  3.41507e+32  9.27201e+32  2.71477e+39
    1100  1.97498e+38  6.00482e+32  1.91332e+33  1.14587e+40
    1200  7.05351e+38   1.0249e+33  3.84247e+33  4.54711e+40
    1300  2.41132e+39   1.7042e+33  7.52773e+33  1.70629e+41
    1400  7.91193e+39   2.7688e+33  1.44138e+34  6.08384e+41
    1500  2.49773e+40  4.40577e+33  2.70179e+34  2.06963e+42
    1600  7.60329e+40  6.87971e+33  4.96452e+34   6.7411e+42
    1700   2.2363e+41  1.05598e+34  8.95324e+34  2.10876e+43
    1800  6.36704e+41   1.5955e+34  1.58646e+35  6.35279e+43
    1900  1.75782e+42  2.37587e+34  2.76467e+35  1.84754e+44
    2000  4.71339e+42  3.49058e+34  4.74253e+35  5.19831e+44
   partition functions (relative to 0 kcal/mol, units - 1/cm3):
     T\Q        REACS           TS
     100  3.75703e+30 1.24381e-129
     200  8.23759e+31  4.99073e-48
     300  7.83666e+32  3.59487e-20
     400  5.30711e+33  7.80264e-06
     500  3.02474e+34      6150.82
     600  1.54816e+35  8.85201e+09
     700  7.31022e+35  3.36141e+14
     800  3.22607e+36  1.28458e+18
     900  1.34086e+37  1.04202e+21
    1000  5.27716e+37  2.81332e+23
    1100  1.97498e+38    3.371e+25
    1200  7.05351e+38  2.17424e+27
    1300  2.41132e+39  8.63519e+28
    1400  7.91193e+39  2.32631e+30
    1500  2.49773e+40  4.56616e+31
    1600  7.60329e+40  6.89302e+32
    1700   2.2363e+41  8.34396e+33
    1800  6.36704e+41  8.36911e+34
    1900  1.75782e+42  7.13991e+35
    2000  4.71339e+42  5.29183e+36
   tunneling partition function correction factors & high pressure effective energy shifts (D), kcal/mol:
     T\B           TS            D
     100            1           -0
     200            1           -0
     300            1           -0
     400            1           -0
     500            1           -0
     600            1           -0
     700            1           -0
     800            1           -0
     900            1           -0
    1000            1           -0
    1100            1           -0
    1200            1           -0
    1300            1           -0
    1400            1           -0
    1500            1           -0
    1600            1           -0
    1700            1           -0
    1800            1           -0
    1900            1           -0
    2000            1           -0
Model::init:  done, cpu time[sec] = 5.14, elapsed time[sec] = 0
rate calculation starts
   MasterEquation::set:  starts
      Temperature      = 300 K
      Collision rate   = 2.09009e-10cm^3/sec
      Energy reference = 31837 1/cm
      Energy step      = 42 1/cm
      setting wells, barriers, and bimolecular starts
         REACS Well: density of states done, elapsed time[sec] = 0.01
         REACS Well: collisional energy transfer kernel done, elapsed time[sec] = 0.04
         REACS Well: relaxation modes basis done, elapsed time[sec] = 0.03
         REACS Well: kernel in relaxation modes basis done, elapsed time[sec] = 0.24
         REACS Well: relaxation eigenvalues done, elapsed time[sec] = 0.06
         REACS Well: minimal relaxation eigenvalue = 0.123716
         REACS Well: maximal relaxation eigenvalue = 0.986665
         REACS Well:       grid size = 249
         REACS Well:      real depth = 0 1/cm
         REACS Well: effective depth = 21379 1/cm
         TS Barrier:        grid size = 149
         TS Barrier:      real height = 25581 1/cm
         TS Barrier: effective height = 25579 1/cm
      setting wells, barriers, and bimolecular done, cpu time[sec] = 0.38, elapsed time[sec] = 0
      Bound Species (D1/D2 - density of states at dissociation energy (DE)/reference energy):
       Name  Depth     DE      *D1      *D2
              1/cm   1/cm       cm       cm
      REACS  21379  25580  3.2e+18 1.63e+20
      Well-to-Bimolecular Barriers (N - number of states at the reference energy):
       Name Height       *N
              1/cm         
         TS  25580 4.36e+14
      Effective equilibrium constants(bimolecular units - cm^3):
        Q/Q     REACS     PRODS
      REACS         1  2.31e+06
      PRODS  4.33e-07         1
      Real equilibrium constants(bimolecular units - cm^3):
        Q/Q     REACS     PRODS
      REACS         1  7.23e+33
      PRODS  1.38e-34         1
   MasterEquation::set:  done, cpu time[sec] = 0.38, elapsed time[sec] = 0
   MasterEquation::direct_diagonalization_method:  starts
      Pressure = 0.1 atm	 Temperature = 300 K
      collision frequency = 5.11254e+08 1/sec
      global relaxation matrix dimension = 249
      setting global matrices ... done, cpu time[sec] = 0.04, elapsed time[sec] = 0
      diagonalizing global relaxation matrix ... done, cpu time[sec] = 0.24, elapsed time[sec] = 0
      minimal relaxation eigenvalue / collision frequency = 0.123718
      maximal relaxation eigenvalue / collision frequency = 0.986665
      microscopic rate coefficients (at reference energy) over collision frequency:
       REACS->PRODS
        0.000157429
      some eigenvalues are too small: using low eigenvalue method
      low eigenvalue method starts
         MasterEquation::low_eigenvalue_matrix:  starts
            setting up kinetic matrices ... done, cpu time[sec] = 2.96, elapsed time[sec] = 1
            inverting kinetic matrices ... done, cpu time[sec] = 0.1, elapsed time[sec] = 0
         MasterEquation::low_eigenvalue_matrix:  done, cpu time[sec] = 3.06, elapsed time[sec] = 1
         direct-diagonalization(DD)-versus-low-eigenvalue(LE) eigenvalues
             L      DD eval      LE eval     LE proj
             0 -4.30163e-15  7.37442e-17  7.57899e-23
      low eigenvalue method done, cpu time[sec] = 3.06, elapsed time[sec] = 1
      eigenvector populations normalized:
          L        *R        *P     REACS
          0  7.37e-17 -4.44e-16         1
         *R - eigenvalue over the relaxation limit
         *P - eigenvector projection squared on the relaxation subspace
      eigenvector projections:
          L        *Q        *P     REACS
          0  9.12e-18 -4.44e-16         1
         *Z       ---       ---  3.36e+22
         *Q - eigenvalue over the collision frequency
         *P - eigenvector projection squared on the relaxation subspace
         *Z - well partition function square root
      isomers-to-bimolecular equilibrium coefficients (kappa matrix):
        W\P    PRODS
      REACS        0
      projection error = -4.4e-16
      Wa->Wb/Wb->Wa rate constants ratios:
      Wb\Wa     REACS
      REACS         1
      W->P/P->W rate constants ratios:
        P\W     REACS
      PRODS         1
   MasterEquation::direct_diagonalization_method:  done, cpu time[sec] = 3.37, elapsed time[sec] = 1
   MasterEquation::direct_diagonalization_method:  starts
      Pressure = 1 atm	 Temperature = 300 K
      collision frequency = 5.11254e+09 1/sec
      global relaxation matrix dimension = 249
      setting global matrices ... done, cpu time[sec] = 0.05, elapsed time[sec] = 0
      diagonalizing global relaxation matrix ... done, cpu time[sec] = 0.19, elapsed time[sec] = 0
      minimal relaxation eigenvalue / collision frequency = 0.123716
      maximal relaxation eigenvalue / collision frequency = 0.986665
      microscopic rate coefficients (at reference energy) over collision frequency:
       REACS->PRODS
        1.57429e-05
      some eigenvalues are too small: using low eigenvalue method
      low eigenvalue method starts
         MasterEquation::low_eigenvalue_matrix:  starts
            setting up kinetic matrices ... done, cpu time[sec] = 2.96, elapsed time[sec] = 0
            inverting kinetic matrices ... done, cpu time[sec] = 0.01, elapsed time[sec] = 0
         MasterEquation::low_eigenvalue_matrix:  done, cpu time[sec] = 2.97, elapsed time[sec] = 0
         direct-diagonalization(DD)-versus-low-eigenvalue(LE) eigenvalues
             L      DD eval      LE eval     LE proj
             0 -8.55397e-15  7.37451e-18  7.57981e-25
      low eigenvalue method done, cpu time[sec] = 2.98, elapsed time[sec] = 0
      eigenvector populations normalized:
          L        *R        *P     REACS
          0  7.37e-18         0         1
         *R - eigenvalue over the relaxation limit
         *P - eigenvector projection squared on the relaxation subspace
      eigenvector projections:
          L        *Q        *P     REACS
          0  9.12e-19         0         1
         *Z       ---       ---  3.36e+22
         *Q - eigenvalue over the collision frequency
         *P - eigenvector projection squared on the relaxation subspace
         *Z - well partition function square root
      isomers-to-bimolecular equilibrium coefficients (kappa matrix):
        W\P    PRODS
      REACS        0
      projection error = 0
      Wa->Wb/Wb->Wa rate constants ratios:
      Wb\Wa     REACS
      REACS         1
      W->P/P->W rate constants ratios:
        P\W     REACS
      PRODS         1
   MasterEquation::direct_diagonalization_method:  done, cpu time[sec] = 3.24, elapsed time[sec] = 0
   MasterEquation::direct_diagonalization_method:  starts
      Pressure = 10 atm	 Temperature = 300 K
      collision frequency = 5.11254e+10 1/sec
      global relaxation matrix dimension = 249
      setting global matrices ... done, cpu time[sec] = 0.04, elapsed time[sec] = 0
      diagonalizing global relaxation matrix ... done, cpu time[sec] = 0.17, elapsed time[sec] = 0
      minimal relaxation eigenvalue / collision frequency = 0.123716
      maximal relaxation eigenvalue / collision frequency = 0.986665
      microscopic rate coefficients (at reference energy) over collision frequency:
       REACS->PRODS
        1.57429e-06
      some eigenvalues are too small: using low eigenvalue method
      low eigenvalue method starts
         MasterEquation::low_eigenvalue_matrix:  starts
            setting up kinetic matrices ... done, cpu time[sec] = 2.96, elapsed time[sec] = 0
            inverting kinetic matrices ... done, cpu time[sec] = 0.02, elapsed time[sec] = 0
         MasterEquation::low_eigenvalue_matrix:  done, cpu time[sec] = 2.99, elapsed time[sec] = 0
         direct-diagonalization(DD)-versus-low-eigenvalue(LE) eigenvalues
             L      DD eval      LE eval     LE proj
             0   1.3321e-15  7.37452e-19   7.5799e-27
      low eigenvalue method done, cpu time[sec] = 3, elapsed time[sec] = 0
      eigenvector populations normalized:
          L        *R        *P     REACS
          0  7.37e-19         0         1
         *R - eigenvalue over the relaxation limit
         *P - eigenvector projection squared on the relaxation subspace
      eigenvector projections:
          L        *Q        *P     REACS
          0  9.12e-20         0         1
         *Z       ---       ---  3.36e+22
         *Q - eigenvalue over the collision frequency
         *P - eigenvector projection squared on the relaxation subspace
         *Z - well partition function square root
      isomers-to-bimolecular equilibrium coefficients (kappa matrix):
        W\P    PRODS
      REACS        0
      projection error = 0
      Wa->Wb/Wb->Wa rate constants ratios:
      Wb\Wa     REACS
      REACS         1
      W->P/P->W rate constants ratios:
        P\W     REACS
      PRODS         1
   MasterEquation::direct_diagonalization_method:  done, cpu time[sec] = 3.24, elapsed time[sec] = 0
   MasterEquation::direct_diagonalization_method:  starts
      Pressure = 1000 atm	 Temperature = 300 K
      collision frequency = 5.11254e+12 1/sec
      global relaxation matrix dimension = 249
      setting global matrices ... done, cpu time[sec] = 0.04, elapsed time[sec] = 0
      diagonalizing global relaxation matrix ... done, cpu time[sec] = 0.18, elapsed time[sec] = 0
      minimal relaxation eigenvalue / collision frequency = 0.123716
      maximal relaxation eigenvalue / collision frequency = 0.986665
      microscopic rate coefficients (at reference energy) over collision frequency:
       REACS->PRODS
        1.57429e-08
      some eigenvalues are too small: using low eigenvalue method
      low eigenvalue method starts
         MasterEquation::low_eigenvalue_matrix:  starts
            setting up kinetic matrices ... done, cpu time[sec] = 2.85, elapsed time[sec] = 0
            inverting kinetic matrices ... done, cpu time[sec] = 0.02, elapsed time[sec] = 0
         MasterEquation::low_eigenvalue_matrix:  done, cpu time[sec] = 2.87, elapsed time[sec] = 0
         direct-diagonalization(DD)-versus-low-eigenvalue(LE) eigenvalues
             L      DD eval      LE eval     LE proj
             0 -9.96894e-15  7.37452e-21  7.57991e-31
      low eigenvalue method done, cpu time[sec] = 2.88, elapsed time[sec] = 0
      eigenvector populations normalized:
          L        *R        *P     REACS
          0  7.37e-21         0         1
         *R - eigenvalue over the relaxation limit
         *P - eigenvector projection squared on the relaxation subspace
      eigenvector projections:
          L        *Q        *P     REACS
          0  9.12e-22         0         1
         *Z       ---       ---  3.36e+22
         *Q - eigenvalue over the collision frequency
         *P - eigenvector projection squared on the relaxation subspace
         *Z - well partition function square root
      isomers-to-bimolecular equilibrium coefficients (kappa matrix):
        W\P    PRODS
      REACS        0
      projection error = 0
      Wa->Wb/Wb->Wa rate constants ratios:
      Wb\Wa     REACS
      REACS         1
      W->P/P->W rate constants ratios:
        P\W     REACS
      PRODS         1
   MasterEquation::direct_diagonalization_method:  done, cpu time[sec] = 3.12, elapsed time[sec] = 0
   MasterEquation::set:  starts
      Temperature      = 400 K
      Collision rate   = 2.22286e-10cm^3/sec
      Energy reference = 33922 1/cm
      Energy step      = 56 1/cm
      setting wells, barriers, and bimolecular starts
         REACS Well: density of states done, elapsed time[sec] = 0
         REACS Well: collisional energy transfer kernel done, elapsed time[sec] = 0.04
         REACS Well: relaxation modes basis done, elapsed time[sec] = 0.04
         REACS Well: kernel in relaxation modes basis done, elapsed time[sec] = 0.22
         REACS Well: relaxation eigenvalues done, elapsed time[sec] = 0.07
         REACS Well: minimal relaxation eigenvalue = 0.108921
         REACS Well: maximal relaxation eigenvalue = 0.986242
         REACS Well:       grid size = 249
         REACS Well:      real depth = 0 1/cm
         REACS Well: effective depth = 19977 1/cm
         TS Barrier:        grid size = 149
         TS Barrier:      real height = 25581 1/cm
         TS Barrier: effective height = 25578 1/cm
      setting wells, barriers, and bimolecular done, cpu time[sec] = 0.37, elapsed time[sec] = 0
      Bound Species (D1/D2 - density of states at dissociation energy (DE)/reference energy):
       Name  Depth     DE      *D1      *D2
              1/cm   1/cm       cm       cm
      REACS  19978  25578  3.2e+18 5.34e+20
      Well-to-Bimolecular Barriers (N - number of states at the reference energy):
       Name Height       *N
              1/cm         
         TS  25578 1.35e+16
      Effective equilibrium constants(bimolecular units - cm^3):
        Q/Q     REACS     PRODS
      REACS         1  1.29e+03
      PRODS  0.000773         1
      Real equilibrium constants(bimolecular units - cm^3):
        Q/Q     REACS     PRODS
      REACS         1  2.34e+18
      PRODS  4.27e-19         1
   MasterEquation::set:  done, cpu time[sec] = 0.37, elapsed time[sec] = 0
   MasterEquation::direct_diagonalization_method:  starts
      Pressure = 0.1 atm	 Temperature = 400 K
      collision frequency = 4.07797e+08 1/sec
      global relaxation matrix dimension = 249
      setting global matrices ... done, cpu time[sec] = 0.05, elapsed time[sec] = 0
      diagonalizing global relaxation matrix ... done, cpu time[sec] = 0.17, elapsed time[sec] = 0
      minimal relaxation eigenvalue / collision frequency = 0.108931
      maximal relaxation eigenvalue / collision frequency = 0.987069
      microscopic rate coefficients (at reference energy) over collision frequency:
       REACS->PRODS
         0.00185451
      some eigenvalues are too small: using low eigenvalue method
      low eigenvalue method starts
         MasterEquation::low_eigenvalue_matrix:  starts
            setting up kinetic matrices ... done, cpu time[sec] = 2.89, elapsed time[sec] = 0
            inverting kinetic matrices ... done, cpu time[sec] = 0.01, elapsed time[sec] = 0
         MasterEquation::low_eigenvalue_matrix:  done, cpu time[sec] = 2.9, elapsed time[sec] = 0
         direct-diagonalization(DD)-versus-low-eigenvalue(LE) eigenvalues
             L      DD eval      LE eval     LE proj
             0 -2.03271e-14  1.94327e-15  4.37428e-20
      low eigenvalue method done, cpu time[sec] = 2.91, elapsed time[sec] = 0
      eigenvector populations normalized:
          L        *R        *P     REACS
          0  1.94e-15 -4.44e-16         1
         *R - eigenvalue over the relaxation limit
         *P - eigenvector projection squared on the relaxation subspace
      eigenvector projections:
          L        *Q        *P     REACS
          0  2.12e-16 -4.44e-16         1
         *Z       ---       ---  2.02e+22
         *Q - eigenvalue over the collision frequency
         *P - eigenvector projection squared on the relaxation subspace
         *Z - well partition function square root
      isomers-to-bimolecular equilibrium coefficients (kappa matrix):
        W\P    PRODS
      REACS        0
      projection error = -4.4e-16
      Wa->Wb/Wb->Wa rate constants ratios:
      Wb\Wa     REACS
      REACS         1
      W->P/P->W rate constants ratios:
        P\W     REACS
      PRODS         1
   MasterEquation::direct_diagonalization_method:  done, cpu time[sec] = 3.15, elapsed time[sec] = 0
   MasterEquation::direct_diagonalization_method:  starts
      Pressure = 1 atm	 Temperature = 400 K
      collision frequency = 4.07797e+09 1/sec
      global relaxation matrix dimension = 249
      setting global matrices ... done, cpu time[sec] = 0.05, elapsed time[sec] = 0
      diagonalizing global relaxation matrix ... done, cpu time[sec] = 0.17, elapsed time[sec] = 0
      minimal relaxation eigenvalue / collision frequency = 0.108922
      maximal relaxation eigenvalue / collision frequency = 0.986242
      microscopic rate coefficients (at reference energy) over collision frequency:
       REACS->PRODS
        0.000185451
      some eigenvalues are too small: using low eigenvalue method
      low eigenvalue method starts
         MasterEquation::low_eigenvalue_matrix:  starts
            setting up kinetic matrices ... done, cpu time[sec] = 2.87, elapsed time[sec] = 1
            inverting kinetic matrices ... done, cpu time[sec] = 0.01, elapsed time[sec] = 0
         MasterEquation::low_eigenvalue_matrix:  done, cpu time[sec] = 2.89, elapsed time[sec] = 1
         direct-diagonalization(DD)-versus-low-eigenvalue(LE) eigenvalues
             L      DD eval      LE eval     LE proj
             0 -1.17721e-14  1.94346e-16  4.38368e-22
      low eigenvalue method done, cpu time[sec] = 2.89, elapsed time[sec] = 1
      eigenvector populations normalized:
          L        *R        *P     REACS
          0  1.94e-16 -4.44e-16         1
         *R - eigenvalue over the relaxation limit
         *P - eigenvector projection squared on the relaxation subspace
      eigenvector projections:
          L        *Q        *P     REACS
          0  2.12e-17 -4.44e-16         1
         *Z       ---       ---  2.02e+22
         *Q - eigenvalue over the collision frequency
         *P - eigenvector projection squared on the relaxation subspace
         *Z - well partition function square root
      isomers-to-bimolecular equilibrium coefficients (kappa matrix):
        W\P    PRODS
      REACS        0
      projection error = -4.4e-16
      Wa->Wb/Wb->Wa rate constants ratios:
      Wb\Wa     REACS
      REACS         1
      W->P/P->W rate constants ratios:
        P\W     REACS
      PRODS         1
   MasterEquation::direct_diagonalization_method:  done, cpu time[sec] = 3.13, elapsed time[sec] = 1
   MasterEquation::direct_diagonalization_method:  starts
      Pressure = 10 atm	 Temperature = 400 K
      collision frequency = 4.07797e+10 1/sec
      global relaxation matrix dimension = 249
      setting global matrices ... done, cpu time[sec] = 0.04, elapsed time[sec] = 0
      diagonalizing global relaxation matrix ... done, cpu time[sec] = 0.18, elapsed time[sec] = 0
      minimal relaxation eigenvalue / collision frequency = 0.108921
      maximal relaxation eigenvalue / collision frequency = 0.986242
      microscopic rate coefficients (at reference energy) over collision frequency:
       REACS->PRODS
        1.85451e-05
      some eigenvalues are too small: using low eigenvalue method
      low eigenvalue method starts
         MasterEquation::low_eigenvalue_matrix:  starts
            setting up kinetic matrices ... done, cpu time[sec] = 2.86, elapsed time[sec] = 0
            inverting kinetic matrices ... done, cpu time[sec] = 0.02, elapsed time[sec] = 0
         MasterEquation::low_eigenvalue_matrix:  done, cpu time[sec] = 2.88, elapsed time[sec] = 0
         direct-diagonalization(DD)-versus-low-eigenvalue(LE) eigenvalues
             L      DD eval      LE eval     LE proj
             0  1.90533e-15  1.94348e-17  4.38463e-24
      low eigenvalue method done, cpu time[sec] = 2.88, elapsed time[sec] = 0
      eigenvector populations normalized:
          L        *R        *P     REACS
          0  1.94e-17 -4.44e-16         1
         *R - eigenvalue over the relaxation limit
         *P - eigenvector projection squared on the relaxation subspace
      eigenvector projections:
          L        *Q        *P     REACS
          0  2.12e-18 -4.44e-16         1
         *Z       ---       ---  2.02e+22
         *Q - eigenvalue over the collision frequency
         *P - eigenvector projection squared on the relaxation subspace
         *Z - well partition function square root
      isomers-to-bimolecular equilibrium coefficients (kappa matrix):
        W\P    PRODS
      REACS        0
      projection error = -4.4e-16
      Wa->Wb/Wb->Wa rate constants ratios:
      Wb\Wa     REACS
      REACS         1
      W->P/P->W rate constants ratios:
        P\W     REACS
      PRODS         1
   MasterEquation::direct_diagonalization_method:  done, cpu time[sec] = 3.12, elapsed time[sec] = 0
   MasterEquation::direct_diagonalization_method:  starts
      Pressure = 1000 atm	 Temperature = 400 K
      collision frequency = 4.07797e+12 1/sec
      global relaxation matrix dimension = 249
      setting global matrices ... done, cpu time[sec] = 0.04, elapsed time[sec] = 0
      diagonalizing global relaxation matrix ... done, cpu time[sec] = 0.18, elapsed time[sec] = 0
      minimal relaxation eigenvalue / collision frequency = 0.108921
      maximal relaxation eigenvalue / collision frequency = 0.986242
      microscopic rate coefficients (at reference energy) over collision frequency:
       REACS->PRODS
        1.85451e-07
      some eigenvalues are too small: using low eigenvalue method
      low eigenvalue method starts
         MasterEquation::low_eigenvalue_matrix:  starts
            setting up kinetic matrices ... done, cpu time[sec] = 2.86, elapsed time[sec] = 0
            inverting kinetic matrices ... done, cpu time[sec] = 0.02, elapsed time[sec] = 0
         MasterEquation::low_eigenvalue_matrix:  done, cpu time[sec] = 2.88, elapsed time[sec] = 0
         direct-diagonalization(DD)-versus-low-eigenvalue(LE) eigenvalues
             L      DD eval      LE eval     LE proj
             0 -8.09672e-15  1.94348e-19  4.38473e-28
      low eigenvalue method done, cpu time[sec] = 2.88, elapsed time[sec] = 0
      eigenvector populations normalized:
          L        *R        *P     REACS
          0  1.94e-19         0         1
         *R - eigenvalue over the relaxation limit
         *P - eigenvector projection squared on the relaxation subspace
      eigenvector projections:
          L        *Q        *P     REACS
          0  2.12e-20         0         1
         *Z       ---       ---  2.02e+22
         *Q - eigenvalue over the collision frequency
         *P - eigenvector projection squared on the relaxation subspace
         *Z - well partition function square root
      isomers-to-bimolecular equilibrium coefficients (kappa matrix):
        W\P    PRODS
      REACS        0
      projection error = 0
      Wa->Wb/Wb->Wa rate constants ratios:
      Wb\Wa     REACS
      REACS         1
      W->P/P->W rate constants ratios:
        P\W     REACS
      PRODS         1
   MasterEquation::direct_diagonalization_method:  done, cpu time[sec] = 3.12, elapsed time[sec] = 0
   MasterEquation::set:  starts
      Temperature      = 500 K
      Collision rate   = 2.35386e-10cm^3/sec
      Energy reference = 36007 1/cm
      Energy step      = 70 1/cm
      setting wells, barriers, and bimolecular starts
         REACS Well: density of states done, elapsed time[sec] = 0
         REACS Well: collisional energy transfer kernel done, elapsed time[sec] = 0.04
         REACS Well: relaxation modes basis done, elapsed time[sec] = 0.04
         REACS Well: kernel in relaxation modes basis done, elapsed time[sec] = 0.24
         REACS Well: relaxation eigenvalues done, elapsed time[sec] = 0.06
         REACS Well: minimal relaxation eigenvalue = 0.0962419
         REACS Well: maximal relaxation eigenvalue = 0.986035
         REACS Well:       grid size = 249
         REACS Well:      real depth = 0 1/cm
         REACS Well: effective depth = 18577 1/cm
         TS Barrier:        grid size = 149
         TS Barrier:      real height = 25581 1/cm
         TS Barrier: effective height = 25577 1/cm
      setting wells, barriers, and bimolecular done, cpu time[sec] = 0.39, elapsed time[sec] = 0
      Bound Species (D1/D2 - density of states at dissociation energy (DE)/reference energy):
       Name  Depth     DE      *D1      *D2
              1/cm   1/cm       cm       cm
      REACS  18578  25577  3.2e+18 1.66e+21
      Well-to-Bimolecular Barriers (N - number of states at the reference energy):
       Name Height       *N
              1/cm         
         TS  25577 2.53e+17
      Effective equilibrium constants(bimolecular units - cm^3):
        Q/Q     REACS     PRODS
      REACS         1      5.59
      PRODS     0.179         1
      Real equilibrium constants(bimolecular units - cm^3):
        Q/Q     REACS     PRODS
      REACS         1   1.2e+09
      PRODS  8.36e-10         1
   MasterEquation::set:  done, cpu time[sec] = 0.39, elapsed time[sec] = 0
   MasterEquation::direct_diagonalization_method:  starts
      Pressure = 0.1 atm	 Temperature = 500 K
      collision frequency = 3.45464e+08 1/sec
      global relaxation matrix dimension = 249
      setting global matrices ... done, cpu time[sec] = 0.04, elapsed time[sec] = 0
      diagonalizing global relaxation matrix ... done, cpu time[sec] = 0.18, elapsed time[sec] = 0
      minimal relaxation eigenvalue / collision frequency = 0.0962738
      maximal relaxation eigenvalue / collision frequency = 0.996146
      microscopic rate coefficients (at reference energy) over collision frequency:
       REACS->PRODS
          0.0132065
      some eigenvalues are too small: using low eigenvalue method
      low eigenvalue method starts
         MasterEquation::low_eigenvalue_matrix:  starts
            setting up kinetic matrices ... done, cpu time[sec] = 2.69, elapsed time[sec] = 0
            inverting kinetic matrices ... done, cpu time[sec] = 0.01, elapsed time[sec] = 0
         MasterEquation::low_eigenvalue_matrix:  done, cpu time[sec] = 2.7, elapsed time[sec] = 0
         direct-diagonalization(DD)-versus-low-eigenvalue(LE) eigenvalues
             L      DD eval      LE eval     LE proj
             0  2.51044e-14  4.24421e-14  1.22444e-17
      low eigenvalue method done, cpu time[sec] = 2.7, elapsed time[sec] = 0
      eigenvector populations normalized:
          L        *R        *P     REACS
          0  4.24e-14  2.22e-16         1
         *R - eigenvalue over the relaxation limit
         *P - eigenvector projection squared on the relaxation subspace
      eigenvector projections:
          L        *Q        *P     REACS
          0  4.09e-15  2.22e-16         1
         *Z       ---       ---   1.2e+22
         *Q - eigenvalue over the collision frequency
         *P - eigenvector projection squared on the relaxation subspace
         *Z - well partition function square root
      isomers-to-bimolecular equilibrium coefficients (kappa matrix):
        W\P    PRODS
      REACS        0
      projection error = 2.2e-16
      Wa->Wb/Wb->Wa rate constants ratios:
      Wb\Wa     REACS
      REACS         1
      W->P/P->W rate constants ratios:
        P\W     REACS
      PRODS         1
   MasterEquation::direct_diagonalization_method:  done, cpu time[sec] = 2.94, elapsed time[sec] = 0
   MasterEquation::direct_diagonalization_method:  starts
      Pressure = 1 atm	 Temperature = 500 K
      collision frequency = 3.45464e+09 1/sec
      global relaxation matrix dimension = 249
      setting global matrices ... done, cpu time[sec] = 0.04, elapsed time[sec] = 0
      diagonalizing global relaxation matrix ... done, cpu time[sec] = 0.18, elapsed time[sec] = 0
      minimal relaxation eigenvalue / collision frequency = 0.0962455
      maximal relaxation eigenvalue / collision frequency = 0.986204
      microscopic rate coefficients (at reference energy) over collision frequency:
       REACS->PRODS
         0.00132065
      some eigenvalues are too small: using low eigenvalue method
      low eigenvalue method starts
         MasterEquation::low_eigenvalue_matrix:  starts
            setting up kinetic matrices ... done, cpu time[sec] = 2.65, elapsed time[sec] = 0
            inverting kinetic matrices ... done, cpu time[sec] = 0.01, elapsed time[sec] = 0
         MasterEquation::low_eigenvalue_matrix:  done, cpu time[sec] = 2.66, elapsed time[sec] = 0
         direct-diagonalization(DD)-versus-low-eigenvalue(LE) eigenvalues
             L      DD eval      LE eval     LE proj
             0 -2.25051e-15  4.24668e-15   1.2508e-19
      low eigenvalue method done, cpu time[sec] = 2.67, elapsed time[sec] = 0
      eigenvector populations normalized:
          L        *R        *P     REACS
          0  4.25e-15  2.22e-16         1
         *R - eigenvalue over the relaxation limit
         *P - eigenvector projection squared on the relaxation subspace
      eigenvector projections:
          L        *Q        *P     REACS
          0  4.09e-16  2.22e-16         1
         *Z       ---       ---   1.2e+22
         *Q - eigenvalue over the collision frequency
         *P - eigenvector projection squared on the relaxation subspace
         *Z - well partition function square root
      isomers-to-bimolecular equilibrium coefficients (kappa matrix):
        W\P    PRODS
      REACS        0
      projection error = 2.2e-16
      Wa->Wb/Wb->Wa rate constants ratios:
      Wb\Wa     REACS
      REACS         1
      W->P/P->W rate constants ratios:
        P\W     REACS
      PRODS         1
   MasterEquation::direct_diagonalization_method:  done, cpu time[sec] = 2.91, elapsed time[sec] = 0
   MasterEquation::direct_diagonalization_method:  starts
      Pressure = 10 atm	 Temperature = 500 K
      collision frequency = 3.45464e+10 1/sec
      global relaxation matrix dimension = 249
      setting global matrices ... done, cpu time[sec] = 0.04, elapsed time[sec] = 0
      diagonalizing global relaxation matrix ... done, cpu time[sec] = 0.18, elapsed time[sec] = 0
      minimal relaxation eigenvalue / collision frequency = 0.0962423
      maximal relaxation eigenvalue / collision frequency = 0.986035
      microscopic rate coefficients (at reference energy) over collision frequency:
       REACS->PRODS
        0.000132065
      some eigenvalues are too small: using low eigenvalue method
      low eigenvalue method starts
         MasterEquation::low_eigenvalue_matrix:  starts
            setting up kinetic matrices ... done, cpu time[sec] = 2.66, elapsed time[sec] = 0
            inverting kinetic matrices ... done, cpu time[sec] = 0.02, elapsed time[sec] = 0
         MasterEquation::low_eigenvalue_matrix:  done, cpu time[sec] = 2.68, elapsed time[sec] = 0
         direct-diagonalization(DD)-versus-low-eigenvalue(LE) eigenvalues
             L      DD eval      LE eval     LE proj
             0  5.06114e-15  4.24695e-16  1.25357e-21
      low eigenvalue method done, cpu time[sec] = 2.68, elapsed time[sec] = 0
      eigenvector populations normalized:
          L        *R        *P     REACS
          0  4.25e-16  6.66e-16         1
         *R - eigenvalue over the relaxation limit
         *P - eigenvector projection squared on the relaxation subspace
      eigenvector projections:
          L        *Q        *P     REACS
          0  4.09e-17  6.66e-16         1
         *Z       ---       ---   1.2e+22
         *Q - eigenvalue over the collision frequency
         *P - eigenvector projection squared on the relaxation subspace
         *Z - well partition function square root
      isomers-to-bimolecular equilibrium coefficients (kappa matrix):
        W\P    PRODS
      REACS        0
      projection error = 6.7e-16
      Wa->Wb/Wb->Wa rate constants ratios:
      Wb\Wa     REACS
      REACS         1
      W->P/P->W rate constants ratios:
        P\W     REACS
      PRODS         1
   MasterEquation::direct_diagonalization_method:  done, cpu time[sec] = 2.92, elapsed time[sec] = 0
   MasterEquation::direct_diagonalization_method:  starts
      Pressure = 1000 atm	 Temperature = 500 K
      collision frequency = 3.45464e+12 1/sec
      global relaxation matrix dimension = 249
      setting global matrices ... done, cpu time[sec] = 0.04, elapsed time[sec] = 0
      diagonalizing global relaxation matrix ... done, cpu time[sec] = 0.18, elapsed time[sec] = 1
      minimal relaxation eigenvalue / collision frequency = 0.0962419
      maximal relaxation eigenvalue / collision frequency = 0.986035
      microscopic rate coefficients (at reference energy) over collision frequency:
       REACS->PRODS
        1.32065e-06
      some eigenvalues are too small: using low eigenvalue method
      low eigenvalue method starts
         MasterEquation::low_eigenvalue_matrix:  starts
            setting up kinetic matrices ... done, cpu time[sec] = 2.67, elapsed time[sec] = 0
            inverting kinetic matrices ... done, cpu time[sec] = 0.01, elapsed time[sec] = 0
         MasterEquation::low_eigenvalue_matrix:  done, cpu time[sec] = 2.68, elapsed time[sec] = 0
         direct-diagonalization(DD)-versus-low-eigenvalue(LE) eigenvalues
             L      DD eval      LE eval     LE proj
             0  1.09199e-14  4.24698e-18  1.25387e-25
      low eigenvalue method done, cpu time[sec] = 2.68, elapsed time[sec] = 0
      eigenvector populations normalized:
          L        *R        *P     REACS
          0  4.25e-18  4.44e-16         1
         *R - eigenvalue over the relaxation limit
         *P - eigenvector projection squared on the relaxation subspace
      eigenvector projections:
          L        *Q        *P     REACS
          0  4.09e-19  4.44e-16         1
         *Z       ---       ---   1.2e+22
         *Q - eigenvalue over the collision frequency
         *P - eigenvector projection squared on the relaxation subspace
         *Z - well partition function square root
      isomers-to-bimolecular equilibrium coefficients (kappa matrix):
        W\P    PRODS
      REACS        0
      projection error = 4.4e-16
      Wa->Wb/Wb->Wa rate constants ratios:
      Wb\Wa     REACS
      REACS         1
      W->P/P->W rate constants ratios:
        P\W     REACS
      PRODS         1
   MasterEquation::direct_diagonalization_method:  done, cpu time[sec] = 2.92, elapsed time[sec] = 1
   MasterEquation::set:  starts
      Temperature      = 600 K
      Collision rate   = 2.47989e-10cm^3/sec
      Energy reference = 38092 1/cm
      Energy step      = 83 1/cm
      setting wells, barriers, and bimolecular starts
         REACS Well: density of states done, elapsed time[sec] = 0
         REACS Well: collisional energy transfer kernel done, elapsed time[sec] = 0.04
         REACS Well: relaxation modes basis done, elapsed time[sec] = 0.03
         REACS Well: kernel in relaxation modes basis done, elapsed time[sec] = 0.24
         REACS Well: relaxation eigenvalues done, elapsed time[sec] = 0.06
         REACS Well: minimal relaxation eigenvalue = 0.084883
         REACS Well: maximal relaxation eigenvalue = 0.986324
         REACS Well:       grid size = 252
         REACS Well:      real depth = 0 1/cm
         REACS Well: effective depth = 17175 1/cm
         TS Barrier:        grid size = 151
         TS Barrier:      real height = 25581 1/cm
         TS Barrier: effective height = 25559 1/cm
      setting wells, barriers, and bimolecular done, cpu time[sec] = 0.37, elapsed time[sec] = 0
      Bound Species (D1/D2 - density of states at dissociation energy (DE)/reference energy):
       Name  Depth     DE      *D1      *D2
              1/cm   1/cm       cm       cm
      REACS  17176  25559 3.16e+18 4.96e+21
      Well-to-Bimolecular Barriers (N - number of states at the reference energy):
       Name Height       *N
              1/cm         
         TS  25559 3.37e+18
      Effective equilibrium constants(bimolecular units - cm^3):
        Q/Q     REACS     PRODS
      REACS         1    0.0682
      PRODS      14.7         1
      Real equilibrium constants(bimolecular units - cm^3):
        Q/Q     REACS     PRODS
      REACS         1       780
      PRODS   0.00128         1
   MasterEquation::set:  done, cpu time[sec] = 0.38, elapsed time[sec] = 0
   MasterEquation::direct_diagonalization_method:  starts
      Pressure = 0.1 atm	 Temperature = 600 K
      collision frequency = 3.033e+08 1/sec
      global relaxation matrix dimension = 252
      setting global matrices ... done, cpu time[sec] = 0.04, elapsed time[sec] = 0
      diagonalizing global relaxation matrix ... done, cpu time[sec] = 0.19, elapsed time[sec] = 0
      minimal relaxation eigenvalue / collision frequency = 0.0849431
      maximal relaxation eigenvalue / collision frequency = 1.04548
      microscopic rate coefficients (at reference energy) over collision frequency:
       REACS->PRODS
          0.0671156
      some eigenvalues are too small: using low eigenvalue method
      low eigenvalue method starts
         MasterEquation::low_eigenvalue_matrix:  starts
            setting up kinetic matrices ... done, cpu time[sec] = 2.75, elapsed time[sec] = 0
            inverting kinetic matrices ... done, cpu time[sec] = 0.02, elapsed time[sec] = 0
         MasterEquation::low_eigenvalue_matrix:  done, cpu time[sec] = 2.77, elapsed time[sec] = 0
         direct-diagonalization(DD)-versus-low-eigenvalue(LE) eigenvalues
             L      DD eval      LE eval     LE proj
             0  8.28421e-13  8.31144e-13  1.87463e-15
      low eigenvalue method done, cpu time[sec] = 2.77, elapsed time[sec] = 0
      eigenvector populations normalized:
          L        *R        *P     REACS
          0  8.31e-13  1.78e-15         1
         *R - eigenvalue over the relaxation limit
         *P - eigenvector projection squared on the relaxation subspace
      eigenvector projections:
          L        *Q        *P     REACS
          0  7.06e-14  1.78e-15         1
         *Z       ---       ---  7.01e+21
         *Q - eigenvalue over the collision frequency
         *P - eigenvector projection squared on the relaxation subspace
         *Z - well partition function square root
      isomers-to-bimolecular equilibrium coefficients (kappa matrix):
        W\P    PRODS
      REACS        0
      projection error = 1.8e-15
      Wa->Wb/Wb->Wa rate constants ratios:
      Wb\Wa     REACS
      REACS         1
      W->P/P->W rate constants ratios:
        P\W     REACS
      PRODS         1
   MasterEquation::direct_diagonalization_method:  done, cpu time[sec] = 3.02, elapsed time[sec] = 0
   MasterEquation::direct_diagonalization_method:  starts
      Pressure = 1 atm	 Temperature = 600 K
      collision frequency = 3.033e+09 1/sec
      global relaxation matrix dimension = 252
      setting global matrices ... done, cpu time[sec] = 0.04, elapsed time[sec] = 0
      diagonalizing global relaxation matrix ... done, cpu time[sec] = 0.17, elapsed time[sec] = 0
      minimal relaxation eigenvalue / collision frequency = 0.0848916
      maximal relaxation eigenvalue / collision frequency = 0.990524
      microscopic rate coefficients (at reference energy) over collision frequency:
       REACS->PRODS
         0.00671156
      some eigenvalues are too small: using low eigenvalue method
      low eigenvalue method starts
         MasterEquation::low_eigenvalue_matrix:  starts
            setting up kinetic matrices ... done, cpu time[sec] = 2.73, elapsed time[sec] = 0
            inverting kinetic matrices ... done, cpu time[sec] = 0.01, elapsed time[sec] = 0
         MasterEquation::low_eigenvalue_matrix:  done, cpu time[sec] = 2.75, elapsed time[sec] = 0
         direct-diagonalization(DD)-versus-low-eigenvalue(LE) eigenvalues
             L      DD eval      LE eval     LE proj
             0  9.19595e-14    8.337e-14  2.11799e-17
      low eigenvalue method done, cpu time[sec] = 2.76, elapsed time[sec] = 0
      eigenvector populations normalized:
          L        *R        *P     REACS
          0  8.34e-14         0         1
         *R - eigenvalue over the relaxation limit
         *P - eigenvector projection squared on the relaxation subspace
      eigenvector projections:
          L        *Q        *P     REACS
          0  7.08e-15         0         1
         *Z       ---       ---  7.01e+21
         *Q - eigenvalue over the collision frequency
         *P - eigenvector projection squared on the relaxation subspace
         *Z - well partition function square root
      isomers-to-bimolecular equilibrium coefficients (kappa matrix):
        W\P    PRODS
      REACS        0
      projection error = 0
      Wa->Wb/Wb->Wa rate constants ratios:
      Wb\Wa     REACS
      REACS         1
      W->P/P->W rate constants ratios:
        P\W     REACS
      PRODS         1
   MasterEquation::direct_diagonalization_method:  done, cpu time[sec] = 3, elapsed time[sec] = 0
   MasterEquation::direct_diagonalization_method:  starts
      Pressure = 10 atm	 Temperature = 600 K
      collision frequency = 3.033e+10 1/sec
      global relaxation matrix dimension = 252
      setting global matrices ... done, cpu time[sec] = 0.05, elapsed time[sec] = 0
      diagonalizing global relaxation matrix ... done, cpu time[sec] = 0.17, elapsed time[sec] = 0
      minimal relaxation eigenvalue / collision frequency = 0.0848839
      maximal relaxation eigenvalue / collision frequency = 0.986324
      microscopic rate coefficients (at reference energy) over collision frequency:
       REACS->PRODS
        0.000671156
      some eigenvalues are too small: using low eigenvalue method
      low eigenvalue method starts
         MasterEquation::low_eigenvalue_matrix:  starts
            setting up kinetic matrices ... done, cpu time[sec] = 2.81, elapsed time[sec] = 0
            inverting kinetic matrices ... done, cpu time[sec] = 0.01, elapsed time[sec] = 0
         MasterEquation::low_eigenvalue_matrix:  done, cpu time[sec] = 2.83, elapsed time[sec] = 0
         direct-diagonalization(DD)-versus-low-eigenvalue(LE) eigenvalues
             L      DD eval      LE eval     LE proj
             0  -1.9514e-15  8.33997e-15  2.14879e-19
      low eigenvalue method done, cpu time[sec] = 2.83, elapsed time[sec] = 0
      eigenvector populations normalized:
          L        *R        *P     REACS
          0  8.34e-15         0         1
         *R - eigenvalue over the relaxation limit
         *P - eigenvector projection squared on the relaxation subspace
      eigenvector projections:
          L        *Q        *P     REACS
          0  7.08e-16         0         1
         *Z       ---       ---  7.01e+21
         *Q - eigenvalue over the collision frequency
         *P - eigenvector projection squared on the relaxation subspace
         *Z - well partition function square root
      isomers-to-bimolecular equilibrium coefficients (kappa matrix):
        W\P    PRODS
      REACS        0
      projection error = 0
      Wa->Wb/Wb->Wa rate constants ratios:
      Wb\Wa     REACS
      REACS         1
      W->P/P->W rate constants ratios:
        P\W     REACS
      PRODS         1
   MasterEquation::direct_diagonalization_method:  done, cpu time[sec] = 3.07, elapsed time[sec] = 0
   MasterEquation::direct_diagonalization_method:  starts
      Pressure = 1000 atm	 Temperature = 600 K
      collision frequency = 3.033e+12 1/sec
      global relaxation matrix dimension = 252
      setting global matrices ... done, cpu time[sec] = 0.04, elapsed time[sec] = 0
      diagonalizing global relaxation matrix ... done, cpu time[sec] = 0.18, elapsed time[sec] = 0
      minimal relaxation eigenvalue / collision frequency = 0.084883
      maximal relaxation eigenvalue / collision frequency = 0.986324
      microscopic rate coefficients (at reference energy) over collision frequency:
       REACS->PRODS
        6.71156e-06
      some eigenvalues are too small: using low eigenvalue method
      low eigenvalue method starts
         MasterEquation::low_eigenvalue_matrix:  starts
            setting up kinetic matrices ... done, cpu time[sec] = 2.73, elapsed time[sec] = 0
            inverting kinetic matrices ... done, cpu time[sec] = 0.01, elapsed time[sec] = 0
         MasterEquation::low_eigenvalue_matrix:  done, cpu time[sec] = 2.75, elapsed time[sec] = 0
         direct-diagonalization(DD)-versus-low-eigenvalue(LE) eigenvalues
             L      DD eval      LE eval     LE proj
             0  4.17295e-15   8.3403e-17  2.15227e-23
      low eigenvalue method done, cpu time[sec] = 2.75, elapsed time[sec] = 0
      eigenvector populations normalized:
          L        *R        *P     REACS
          0  8.34e-17         0         1
         *R - eigenvalue over the relaxation limit
         *P - eigenvector projection squared on the relaxation subspace
      eigenvector projections:
          L        *Q        *P     REACS
          0  7.08e-18         0         1
         *Z       ---       ---  7.01e+21
         *Q - eigenvalue over the collision frequency
         *P - eigenvector projection squared on the relaxation subspace
         *Z - well partition function square root
      isomers-to-bimolecular equilibrium coefficients (kappa matrix):
        W\P    PRODS
      REACS        0
      projection error = 0
      Wa->Wb/Wb->Wa rate constants ratios:
      Wb\Wa     REACS
      REACS         1
      W->P/P->W rate constants ratios:
        P\W     REACS
      PRODS         1
   MasterEquation::direct_diagonalization_method:  done, cpu time[sec] = 2.99, elapsed time[sec] = 0
   MasterEquation::set:  starts
      Temperature      = 700 K
      Collision rate   = 2.60029e-10cm^3/sec
      Energy reference = 40177 1/cm
      Energy step      = 97 1/cm
      setting wells, barriers, and bimolecular starts
         REACS Well: density of states done, elapsed time[sec] = 0
         REACS Well: collisional energy transfer kernel done, elapsed time[sec] = 0.04
         REACS Well: relaxation modes basis done, elapsed time[sec] = 0.04
         REACS Well: kernel in relaxation modes basis done, elapsed time[sec] = 0.24
         REACS Well: relaxation eigenvalues done, elapsed time[sec] = 0.07
         REACS Well: minimal relaxation eigenvalue = 0.0745289
         REACS Well: maximal relaxation eigenvalue = 0.986373
         REACS Well:       grid size = 251
         REACS Well:      real depth = 0 1/cm
         REACS Well: effective depth = 15830 1/cm
         TS Barrier:        grid size = 151
         TS Barrier:      real height = 25581 1/cm
         TS Barrier: effective height = 25530 1/cm
      setting wells, barriers, and bimolecular done, cpu time[sec] = 0.4, elapsed time[sec] = 0
      Bound Species (D1/D2 - density of states at dissociation energy (DE)/reference energy):
       Name  Depth     DE      *D1      *D2
              1/cm   1/cm       cm       cm
      REACS  15830  25530  3.1e+18 1.42e+22
      Well-to-Bimolecular Barriers (N - number of states at the reference energy):
       Name Height       *N
              1/cm         
         TS  25530 3.44e+19
      Effective equilibrium constants(bimolecular units - cm^3):
        Q/Q     REACS     PRODS
      REACS         1   0.00138
      PRODS       723         1
      Real equilibrium constants(bimolecular units - cm^3):
        Q/Q     REACS     PRODS
      REACS         1    0.0305
      PRODS      32.8         1
   MasterEquation::set:  done, cpu time[sec] = 0.4, elapsed time[sec] = 0
   MasterEquation::direct_diagonalization_method:  starts
      Pressure = 0.1 atm	 Temperature = 700 K
      collision frequency = 2.72594e+08 1/sec
      global relaxation matrix dimension = 251
      setting global matrices ... done, cpu time[sec] = 0.04, elapsed time[sec] = 0
      diagonalizing global relaxation matrix ... done, cpu time[sec] = 0.19, elapsed time[sec] = 0
      minimal relaxation eigenvalue / collision frequency = 0.074611
      maximal relaxation eigenvalue / collision frequency = 1.23552
      microscopic rate coefficients (at reference energy) over collision frequency:
       REACS->PRODS
           0.267533
      some eigenvalues are too small: using low eigenvalue method
      low eigenvalue method starts
         MasterEquation::low_eigenvalue_matrix:  starts
            setting up kinetic matrices ... done, cpu time[sec] = 2.78, elapsed time[sec] = 1
            inverting kinetic matrices ... done, cpu time[sec] = 0.01, elapsed time[sec] = 0
         MasterEquation::low_eigenvalue_matrix:  done, cpu time[sec] = 2.79, elapsed time[sec] = 1
         direct-diagonalization(DD)-versus-low-eigenvalue(LE) eigenvalues
             L      DD eval      LE eval     LE proj
             0  1.60925e-11   1.6067e-11  1.66787e-13
      low eigenvalue method done, cpu time[sec] = 2.79, elapsed time[sec] = 1
      eigenvector populations normalized:
          L        *R        *P     REACS
          0  1.61e-11  1.66e-13         1
         *R - eigenvalue over the relaxation limit
         *P - eigenvector projection squared on the relaxation subspace
      eigenvector projections:
          L        *Q        *P     REACS
          0   1.2e-12  1.66e-13         1
         *Z       ---       ---  3.87e+21
         *Q - eigenvalue over the collision frequency
         *P - eigenvector projection squared on the relaxation subspace
         *Z - well partition function square root
      isomers-to-bimolecular equilibrium coefficients (kappa matrix):
        W\P    PRODS
      REACS        0
      projection error = 1.7e-13
      Wa->Wb/Wb->Wa rate constants ratios:
      Wb\Wa     REACS
      REACS         1
      W->P/P->W rate constants ratios:
        P\W     REACS
      PRODS         1
   MasterEquation::direct_diagonalization_method:  done, cpu time[sec] = 3.04, elapsed time[sec] = 1
   MasterEquation::direct_diagonalization_method:  starts
      Pressure = 1 atm	 Temperature = 700 K
      collision frequency = 2.72594e+09 1/sec
      global relaxation matrix dimension = 251
      setting global matrices ... done, cpu time[sec] = 0.03, elapsed time[sec] = 0
      diagonalizing global relaxation matrix ... done, cpu time[sec] = 0.18, elapsed time[sec] = 0
      minimal relaxation eigenvalue / collision frequency = 0.0745449
      maximal relaxation eigenvalue / collision frequency = 1.00785
      microscopic rate coefficients (at reference energy) over collision frequency:
       REACS->PRODS
          0.0267533
      some eigenvalues are too small: using low eigenvalue method
      low eigenvalue method starts
         MasterEquation::low_eigenvalue_matrix:  starts
            setting up kinetic matrices ... done, cpu time[sec] = 2.77, elapsed time[sec] = 0
            inverting kinetic matrices ... done, cpu time[sec] = 0.01, elapsed time[sec] = 0
         MasterEquation::low_eigenvalue_matrix:  done, cpu time[sec] = 2.79, elapsed time[sec] = 0
         direct-diagonalization(DD)-versus-low-eigenvalue(LE) eigenvalues
             L      DD eval      LE eval     LE proj
             0  1.65303e-12  1.62975e-12  2.48828e-15
      low eigenvalue method done, cpu time[sec] = 2.8, elapsed time[sec] = 0
      eigenvector populations normalized:
          L        *R        *P     REACS
          0  1.63e-12     2e-15         1
         *R - eigenvalue over the relaxation limit
         *P - eigenvector projection squared on the relaxation subspace
      eigenvector projections:
          L        *Q        *P     REACS
          0  1.21e-13     2e-15         1
         *Z       ---       ---  3.87e+21
         *Q - eigenvalue over the collision frequency
         *P - eigenvector projection squared on the relaxation subspace
         *Z - well partition function square root
      isomers-to-bimolecular equilibrium coefficients (kappa matrix):
        W\P    PRODS
      REACS        0
      projection error = 2e-15
      Wa->Wb/Wb->Wa rate constants ratios:
      Wb\Wa     REACS
      REACS         1
      W->P/P->W rate constants ratios:
        P\W     REACS
      PRODS         1
   MasterEquation::direct_diagonalization_method:  done, cpu time[sec] = 3.03, elapsed time[sec] = 0
   MasterEquation::direct_diagonalization_method:  starts
      Pressure = 10 atm	 Temperature = 700 K
      collision frequency = 2.72594e+10 1/sec
      global relaxation matrix dimension = 251
      setting global matrices ... done, cpu time[sec] = 0.04, elapsed time[sec] = 0
      diagonalizing global relaxation matrix ... done, cpu time[sec] = 0.18, elapsed time[sec] = 0
      minimal relaxation eigenvalue / collision frequency = 0.0745308
      maximal relaxation eigenvalue / collision frequency = 0.986869
      microscopic rate coefficients (at reference energy) over collision frequency:
       REACS->PRODS
         0.00267533
      some eigenvalues are too small: using low eigenvalue method
      low eigenvalue method starts
         MasterEquation::low_eigenvalue_matrix:  starts
            setting up kinetic matrices ... done, cpu time[sec] = 2.74, elapsed time[sec] = 0
            inverting kinetic matrices ... done, cpu time[sec] = 0.01, elapsed time[sec] = 0
         MasterEquation::low_eigenvalue_matrix:  done, cpu time[sec] = 2.75, elapsed time[sec] = 0
         direct-diagonalization(DD)-versus-low-eigenvalue(LE) eigenvalues
             L      DD eval      LE eval     LE proj
             0  1.49537e-13  1.63287e-13  2.65994e-17
      low eigenvalue method done, cpu time[sec] = 2.75, elapsed time[sec] = 0
      eigenvector populations normalized:
          L        *R        *P     REACS
          0  1.63e-13         0         1
         *R - eigenvalue over the relaxation limit
         *P - eigenvector projection squared on the relaxation subspace
      eigenvector projections:
          L        *Q        *P     REACS
          0  1.22e-14         0         1
         *Z       ---       ---  3.87e+21
         *Q - eigenvalue over the collision frequency
         *P - eigenvector projection squared on the relaxation subspace
         *Z - well partition function square root
      isomers-to-bimolecular equilibrium coefficients (kappa matrix):
        W\P    PRODS
      REACS        0
      projection error = 0
      Wa->Wb/Wb->Wa rate constants ratios:
      Wb\Wa     REACS
      REACS         1
      W->P/P->W rate constants ratios:
        P\W     REACS
      PRODS         1
   MasterEquation::direct_diagonalization_method:  done, cpu time[sec] = 2.99, elapsed time[sec] = 0
   MasterEquation::direct_diagonalization_method:  starts
      Pressure = 1000 atm	 Temperature = 700 K
      collision frequency = 2.72594e+12 1/sec
      global relaxation matrix dimension = 251
      setting global matrices ... done, cpu time[sec] = 0.05, elapsed time[sec] = 0
      diagonalizing global relaxation matrix ... done, cpu time[sec] = 0.17, elapsed time[sec] = 0
      minimal relaxation eigenvalue / collision frequency = 0.0745289
      maximal relaxation eigenvalue / collision frequency = 0.986373
      microscopic rate coefficients (at reference energy) over collision frequency:
       REACS->PRODS
        2.67533e-05
      some eigenvalues are too small: using low eigenvalue method
      low eigenvalue method starts
         MasterEquation::low_eigenvalue_matrix:  starts
            setting up kinetic matrices ... done, cpu time[sec] = 2.73, elapsed time[sec] = 0
            inverting kinetic matrices ... done, cpu time[sec] = 0.02, elapsed time[sec] = 0
         MasterEquation::low_eigenvalue_matrix:  done, cpu time[sec] = 2.75, elapsed time[sec] = 0
         direct-diagonalization(DD)-versus-low-eigenvalue(LE) eigenvalues
             L      DD eval      LE eval     LE proj
             0  1.31105e-14  1.63323e-15   2.6811e-21
      low eigenvalue method done, cpu time[sec] = 2.75, elapsed time[sec] = 0
      eigenvector populations normalized:
          L        *R        *P     REACS
          0  1.63e-15         0         1
         *R - eigenvalue over the relaxation limit
         *P - eigenvector projection squared on the relaxation subspace
      eigenvector projections:
          L        *Q        *P     REACS
          0  1.22e-16         0         1
         *Z       ---       ---  3.87e+21
         *Q - eigenvalue over the collision frequency
         *P - eigenvector projection squared on the relaxation subspace
         *Z - well partition function square root
      isomers-to-bimolecular equilibrium coefficients (kappa matrix):
        W\P    PRODS
      REACS        0
      projection error = 0
      Wa->Wb/Wb->Wa rate constants ratios:
      Wb\Wa     REACS
      REACS         1
      W->P/P->W rate constants ratios:
        P\W     REACS
      PRODS         1
   MasterEquation::direct_diagonalization_method:  done, cpu time[sec] = 2.99, elapsed time[sec] = 0
   MasterEquation::set:  starts
      Temperature      = 800 K
      Collision rate   = 2.7148e-10cm^3/sec
      Energy reference = 42262 1/cm
      Energy step      = 111 1/cm
      setting wells, barriers, and bimolecular starts
         REACS Well: density of states done, elapsed time[sec] = 0.01
         REACS Well: collisional energy transfer kernel done, elapsed time[sec] = 0.04
         REACS Well: relaxation modes basis done, elapsed time[sec] = 0.03
         REACS Well: kernel in relaxation modes basis done, elapsed time[sec] = 0.21
         REACS Well: relaxation eigenvalues done, elapsed time[sec] = 0.07
         REACS Well: minimal relaxation eigenvalue = 0.0648431
         REACS Well: maximal relaxation eigenvalue = 0.98658
         REACS Well:       grid size = 251
         REACS Well:      real depth = 0 1/cm
         REACS Well: effective depth = 14401 1/cm
         TS Barrier:        grid size = 151
         TS Barrier:      real height = 25581 1/cm
         TS Barrier: effective height = 25501 1/cm
      setting wells, barriers, and bimolecular done, cpu time[sec] = 0.37, elapsed time[sec] = 0
      Bound Species (D1/D2 - density of states at dissociation energy (DE)/reference energy):
       Name  Depth     DE      *D1      *D2
              1/cm   1/cm       cm       cm
      REACS  14402  25502 3.04e+18 3.89e+22
      Well-to-Bimolecular Barriers (N - number of states at the reference energy):
       Name Height       *N
              1/cm         
         TS  25502 2.87e+20
      Effective equilibrium constants(bimolecular units - cm^3):
        Q/Q     REACS     PRODS
      REACS         1  4.51e-05
      PRODS  2.22e+04         1
      Real equilibrium constants(bimolecular units - cm^3):
        Q/Q     REACS     PRODS
      REACS         1  1.54e-05
      PRODS  6.48e+04         1
   MasterEquation::set:  done, cpu time[sec] = 0.37, elapsed time[sec] = 0
   MasterEquation::direct_diagonalization_method:  starts
      Pressure = 0.1 atm	 Temperature = 800 K
      collision frequency = 2.49023e+08 1/sec
      global relaxation matrix dimension = 251
      setting global matrices ... done, cpu time[sec] = 0.05, elapsed time[sec] = 0
      diagonalizing global relaxation matrix ... done, cpu time[sec] = 0.17, elapsed time[sec] = 0
      minimal relaxation eigenvalue / collision frequency = 0.0649401
      maximal relaxation eigenvalue / collision frequency = 1.83619
      microscopic rate coefficients (at reference energy) over collision frequency:
       REACS->PRODS
           0.887709
      some eigenvalues are too small: using low eigenvalue method
      low eigenvalue method starts
         MasterEquation::low_eigenvalue_matrix:  starts
            setting up kinetic matrices ... done, cpu time[sec] = 2.74, elapsed time[sec] = 0
            inverting kinetic matrices ... done, cpu time[sec] = 0.02, elapsed time[sec] = 0
         MasterEquation::low_eigenvalue_matrix:  done, cpu time[sec] = 2.76, elapsed time[sec] = 0
         direct-diagonalization(DD)-versus-low-eigenvalue(LE) eigenvalues
             L      DD eval      LE eval     LE proj
             0  2.60262e-10  2.60268e-10  7.70414e-12
      low eigenvalue method done, cpu time[sec] = 2.76, elapsed time[sec] = 0
      eigenvector populations normalized:
          L        *R        *P     REACS
          0   2.6e-10   7.7e-12         1
         *R - eigenvalue over the relaxation limit
         *P - eigenvector projection squared on the relaxation subspace
      eigenvector projections:
          L        *Q        *P     REACS
          0  1.69e-11   7.7e-12         1
         *Z       ---       ---  2.21e+21
         *Q - eigenvalue over the collision frequency
         *P - eigenvector projection squared on the relaxation subspace
         *Z - well partition function square root
      isomers-to-bimolecular equilibrium coefficients (kappa matrix):
        W\P    PRODS
      REACS        0
      projection error = 7.7e-12
      Wa->Wb/Wb->Wa rate constants ratios:
      Wb\Wa     REACS
      REACS         1
      W->P/P->W rate constants ratios:
        P\W     REACS
      PRODS         1
   MasterEquation::direct_diagonalization_method:  done, cpu time[sec] = 3.01, elapsed time[sec] = 0
   MasterEquation::direct_diagonalization_method:  starts
      Pressure = 1 atm	 Temperature = 800 K
      collision frequency = 2.49023e+09 1/sec
      global relaxation matrix dimension = 251
      setting global matrices ... done, cpu time[sec] = 0.05, elapsed time[sec] = 0
      diagonalizing global relaxation matrix ... done, cpu time[sec] = 0.17, elapsed time[sec] = 0
      minimal relaxation eigenvalue / collision frequency = 0.0648658
      maximal relaxation eigenvalue / collision frequency = 1.06496
      microscopic rate coefficients (at reference energy) over collision frequency:
       REACS->PRODS
          0.0887709
      some eigenvalues are too small: using low eigenvalue method
      low eigenvalue method starts
         MasterEquation::low_eigenvalue_matrix:  starts
            setting up kinetic matrices ... done, cpu time[sec] = 2.74, elapsed time[sec] = 1
            inverting kinetic matrices ... done, cpu time[sec] = 0.01, elapsed time[sec] = 0
         MasterEquation::low_eigenvalue_matrix:  done, cpu time[sec] = 2.76, elapsed time[sec] = 1
         direct-diagonalization(DD)-versus-low-eigenvalue(LE) eigenvalues
             L      DD eval      LE eval     LE proj
             0  2.72936e-11  2.73017e-11  1.73128e-13
      low eigenvalue method done, cpu time[sec] = 2.76, elapsed time[sec] = 1
      eigenvector populations normalized:
          L        *R        *P     REACS
          0  2.73e-11  1.72e-13         1
         *R - eigenvalue over the relaxation limit
         *P - eigenvector projection squared on the relaxation subspace
      eigenvector projections:
          L        *Q        *P     REACS
          0  1.77e-12  1.72e-13         1
         *Z       ---       ---  2.21e+21
         *Q - eigenvalue over the collision frequency
         *P - eigenvector projection squared on the relaxation subspace
         *Z - well partition function square root
      isomers-to-bimolecular equilibrium coefficients (kappa matrix):
        W\P    PRODS
      REACS        0
      projection error = 1.7e-13
      Wa->Wb/Wb->Wa rate constants ratios:
      Wb\Wa     REACS
      REACS         1
      W->P/P->W rate constants ratios:
        P\W     REACS
      PRODS         1
   MasterEquation::direct_diagonalization_method:  done, cpu time[sec] = 3, elapsed time[sec] = 1
   MasterEquation::direct_diagonalization_method:  starts
      Pressure = 10 atm	 Temperature = 800 K
      collision frequency = 2.49023e+10 1/sec
      global relaxation matrix dimension = 251
      setting global matrices ... done, cpu time[sec] = 0.04, elapsed time[sec] = 0
      diagonalizing global relaxation matrix ... done, cpu time[sec] = 0.17, elapsed time[sec] = 0
      minimal relaxation eigenvalue / collision frequency = 0.0648462
      maximal relaxation eigenvalue / collision frequency = 0.991706
      microscopic rate coefficients (at reference energy) over collision frequency:
       REACS->PRODS
         0.00887709
      some eigenvalues are too small: using low eigenvalue method
      low eigenvalue method starts
         MasterEquation::low_eigenvalue_matrix:  starts
            setting up kinetic matrices ... done, cpu time[sec] = 2.72, elapsed time[sec] = 0
            inverting kinetic matrices ... done, cpu time[sec] = 0, elapsed time[sec] = 0
         MasterEquation::low_eigenvalue_matrix:  done, cpu time[sec] = 2.72, elapsed time[sec] = 0
         direct-diagonalization(DD)-versus-low-eigenvalue(LE) eigenvalues
             L      DD eval      LE eval     LE proj
             0  2.76468e-12  2.75337e-12  2.15806e-15
      low eigenvalue method done, cpu time[sec] = 2.73, elapsed time[sec] = 0
      eigenvector populations normalized:
          L        *R        *P     REACS
          0  2.75e-12  1.78e-15         1
         *R - eigenvalue over the relaxation limit
         *P - eigenvector projection squared on the relaxation subspace
      eigenvector projections:
          L        *Q        *P     REACS
          0  1.79e-13  1.78e-15         1
         *Z       ---       ---  2.21e+21
         *Q - eigenvalue over the collision frequency
         *P - eigenvector projection squared on the relaxation subspace
         *Z - well partition function square root
      isomers-to-bimolecular equilibrium coefficients (kappa matrix):
        W\P    PRODS
      REACS        0
      projection error = 1.8e-15
      Wa->Wb/Wb->Wa rate constants ratios:
      Wb\Wa     REACS
      REACS         1
      W->P/P->W rate constants ratios:
        P\W     REACS
      PRODS         1
   MasterEquation::direct_diagonalization_method:  done, cpu time[sec] = 2.98, elapsed time[sec] = 0
   MasterEquation::direct_diagonalization_method:  starts
      Pressure = 1000 atm	 Temperature = 800 K
      collision frequency = 2.49023e+12 1/sec
      global relaxation matrix dimension = 251
      setting global matrices ... done, cpu time[sec] = 0.04, elapsed time[sec] = 0
      diagonalizing global relaxation matrix ... done, cpu time[sec] = 0.19, elapsed time[sec] = 0
      minimal relaxation eigenvalue / collision frequency = 0.0648431
      maximal relaxation eigenvalue / collision frequency = 0.98658
      microscopic rate coefficients (at reference energy) over collision frequency:
       REACS->PRODS
        8.87709e-05
      some eigenvalues are too small: using low eigenvalue method
      low eigenvalue method starts
         MasterEquation::low_eigenvalue_matrix:  starts
            setting up kinetic matrices ... done, cpu time[sec] = 2.71, elapsed time[sec] = 0
            inverting kinetic matrices ... done, cpu time[sec] = 0.01, elapsed time[sec] = 0
         MasterEquation::low_eigenvalue_matrix:  done, cpu time[sec] = 2.72, elapsed time[sec] = 0
         direct-diagonalization(DD)-versus-low-eigenvalue(LE) eigenvalues
             L      DD eval      LE eval     LE proj
             0  3.41669e-14  2.75633e-14  2.22519e-19
      low eigenvalue method done, cpu time[sec] = 2.72, elapsed time[sec] = 0
      eigenvector populations normalized:
          L        *R        *P     REACS
          0  2.76e-14 -4.44e-16         1
         *R - eigenvalue over the relaxation limit
         *P - eigenvector projection squared on the relaxation subspace
      eigenvector projections:
          L        *Q        *P     REACS
          0  1.79e-15 -4.44e-16         1
         *Z       ---       ---  2.21e+21
         *Q - eigenvalue over the collision frequency
         *P - eigenvector projection squared on the relaxation subspace
         *Z - well partition function square root
      isomers-to-bimolecular equilibrium coefficients (kappa matrix):
        W\P    PRODS
      REACS        0
      projection error = -4.4e-16
      Wa->Wb/Wb->Wa rate constants ratios:
      Wb\Wa     REACS
      REACS         1
      W->P/P->W rate constants ratios:
        P\W     REACS
      PRODS         1
   MasterEquation::direct_diagonalization_method:  done, cpu time[sec] = 2.97, elapsed time[sec] = 0
   MasterEquation::set:  starts
      Temperature      = 900 K
      Collision rate   = 2.82342e-10cm^3/sec
      Energy reference = 44347 1/cm
      Energy step      = 125 1/cm
      setting wells, barriers, and bimolecular starts
         REACS Well: density of states done, elapsed time[sec] = 0.01
         REACS Well: collisional energy transfer kernel done, elapsed time[sec] = 0.03
         REACS Well: relaxation modes basis done, elapsed time[sec] = 0.05
         REACS Well: kernel in relaxation modes basis done, elapsed time[sec] = 0.22
         REACS Well: relaxation eigenvalues done, elapsed time[sec] = 0.06
         REACS Well: minimal relaxation eigenvalue = 0.0559453
         REACS Well: maximal relaxation eigenvalue = 0.986935
         REACS Well:       grid size = 251
         REACS Well:      real depth = 0 1/cm
         REACS Well: effective depth = 12972 1/cm
         TS Barrier:        grid size = 151
         TS Barrier:      real height = 25581 1/cm
         TS Barrier: effective height = 25472 1/cm
      setting wells, barriers, and bimolecular done, cpu time[sec] = 0.37, elapsed time[sec] = 0
      Bound Species (D1/D2 - density of states at dissociation energy (DE)/reference energy):
       Name  Depth     DE      *D1      *D2
              1/cm   1/cm       cm       cm
      REACS  12973  25472 2.98e+18 1.03e+23
      Well-to-Bimolecular Barriers (N - number of states at the reference energy):
       Name Height       *N
              1/cm         
         TS  25472 2.02e+21
      Effective equilibrium constants(bimolecular units - cm^3):
        Q/Q     REACS     PRODS
      REACS         1  1.86e-06
      PRODS  5.38e+05         1
      Real equilibrium constants(bimolecular units - cm^3):
        Q/Q     REACS     PRODS
      REACS         1  4.31e-08
      PRODS  2.32e+07         1
   MasterEquation::set:  done, cpu time[sec] = 0.37, elapsed time[sec] = 0
   MasterEquation::direct_diagonalization_method:  starts
      Pressure = 0.1 atm	 Temperature = 900 K
      collision frequency = 2.3021e+08 1/sec
      global relaxation matrix dimension = 251
      setting global matrices ... done, cpu time[sec] = 0.04, elapsed time[sec] = 0
      diagonalizing global relaxation matrix ... done, cpu time[sec] = 0.17, elapsed time[sec] = 0
      minimal relaxation eigenvalue / collision frequency = 0.0560626
      maximal relaxation eigenvalue / collision frequency = 3.4691
      microscopic rate coefficients (at reference energy) over collision frequency:
       REACS->PRODS
            2.55188
      some eigenvalues are too small: using low eigenvalue method
      low eigenvalue method starts
         MasterEquation::low_eigenvalue_matrix:  starts
            setting up kinetic matrices ... done, cpu time[sec] = 2.73, elapsed time[sec] = 0
            inverting kinetic matrices ... done, cpu time[sec] = 0.02, elapsed time[sec] = 0
         MasterEquation::low_eigenvalue_matrix:  done, cpu time[sec] = 2.75, elapsed time[sec] = 0
         direct-diagonalization(DD)-versus-low-eigenvalue(LE) eigenvalues
             L      DD eval      LE eval     LE proj
             0  3.92682e-09  3.92686e-09    2.348e-10
      low eigenvalue method done, cpu time[sec] = 2.75, elapsed time[sec] = 0
      eigenvector populations normalized:
          L        *R        *P     REACS
          0  3.93e-09  2.35e-10         1
         *R - eigenvalue over the relaxation limit
         *P - eigenvector projection squared on the relaxation subspace
      eigenvector projections:
          L        *Q        *P     REACS
          0   2.2e-10  2.35e-10         1
         *Z       ---       ---  1.23e+21
         *Q - eigenvalue over the collision frequency
         *P - eigenvector projection squared on the relaxation subspace
         *Z - well partition function square root
      isomers-to-bimolecular equilibrium coefficients (kappa matrix):
        W\P    PRODS
      REACS        0
      projection error = 2.3e-10
      Wa->Wb/Wb->Wa rate constants ratios:
      Wb\Wa     REACS
      REACS         1
      W->P/P->W rate constants ratios:
        P\W     REACS
      PRODS         1
   MasterEquation::direct_diagonalization_method:  done, cpu time[sec] = 2.99, elapsed time[sec] = 0
   MasterEquation::direct_diagonalization_method:  starts
      Pressure = 1 atm	 Temperature = 900 K
      collision frequency = 2.3021e+09 1/sec
      global relaxation matrix dimension = 251
      setting global matrices ... done, cpu time[sec] = 0.04, elapsed time[sec] = 0
      diagonalizing global relaxation matrix ... done, cpu time[sec] = 0.18, elapsed time[sec] = 0
      minimal relaxation eigenvalue / collision frequency = 0.0559755
      maximal relaxation eigenvalue / collision frequency = 1.22291
      microscopic rate coefficients (at reference energy) over collision frequency:
       REACS->PRODS
           0.255188
      some eigenvalues are too small: using low eigenvalue method
      low eigenvalue method starts
         MasterEquation::low_eigenvalue_matrix:  starts
            setting up kinetic matrices ... done, cpu time[sec] = 2.72, elapsed time[sec] = 0
            inverting kinetic matrices ... done, cpu time[sec] = 0.01, elapsed time[sec] = 0
         MasterEquation::low_eigenvalue_matrix:  done, cpu time[sec] = 2.73, elapsed time[sec] = 0
         direct-diagonalization(DD)-versus-low-eigenvalue(LE) eigenvalues
             L      DD eval      LE eval     LE proj
             0  4.41308e-10  4.41321e-10  7.97848e-12
      low eigenvalue method done, cpu time[sec] = 2.73, elapsed time[sec] = 0
      eigenvector populations normalized:
          L        *R        *P     REACS
          0  4.41e-10  7.98e-12         1
         *R - eigenvalue over the relaxation limit
         *P - eigenvector projection squared on the relaxation subspace
      eigenvector projections:
          L        *Q        *P     REACS
          0  2.47e-11  7.98e-12         1
         *Z       ---       ---  1.23e+21
         *Q - eigenvalue over the collision frequency
         *P - eigenvector projection squared on the relaxation subspace
         *Z - well partition function square root
      isomers-to-bimolecular equilibrium coefficients (kappa matrix):
        W\P    PRODS
      REACS        0
      projection error = 8e-12
      Wa->Wb/Wb->Wa rate constants ratios:
      Wb\Wa     REACS
      REACS         1
      W->P/P->W rate constants ratios:
        P\W     REACS
      PRODS         1
   MasterEquation::direct_diagonalization_method:  done, cpu time[sec] = 2.97, elapsed time[sec] = 0
   MasterEquation::direct_diagonalization_method:  starts
      Pressure = 10 atm	 Temperature = 900 K
      collision frequency = 2.3021e+10 1/sec
      global relaxation matrix dimension = 251
      setting global matrices ... done, cpu time[sec] = 0.05, elapsed time[sec] = 0
      diagonalizing global relaxation matrix ... done, cpu time[sec] = 0.17, elapsed time[sec] = 0
      minimal relaxation eigenvalue / collision frequency = 0.0559503
      maximal relaxation eigenvalue / collision frequency = 1.00616
      microscopic rate coefficients (at reference energy) over collision frequency:
       REACS->PRODS
          0.0255188
      some eigenvalues are too small: using low eigenvalue method
      low eigenvalue method starts
         MasterEquation::low_eigenvalue_matrix:  starts
            setting up kinetic matrices ... done, cpu time[sec] = 2.71, elapsed time[sec] = 1
            inverting kinetic matrices ... done, cpu time[sec] = 0.01, elapsed time[sec] = 0
         MasterEquation::low_eigenvalue_matrix:  done, cpu time[sec] = 2.73, elapsed time[sec] = 1
         direct-diagonalization(DD)-versus-low-eigenvalue(LE) eigenvalues
             L      DD eval      LE eval     LE proj
             0   4.5398e-11   4.5406e-11  1.33409e-13
      low eigenvalue method done, cpu time[sec] = 2.73, elapsed time[sec] = 1
      eigenvector populations normalized:
          L        *R        *P     REACS
          0  4.54e-11  1.33e-13         1
         *R - eigenvalue over the relaxation limit
         *P - eigenvector projection squared on the relaxation subspace
      eigenvector projections:
          L        *Q        *P     REACS
          0  2.54e-12  1.33e-13         1
         *Z       ---       ---  1.23e+21
         *Q - eigenvalue over the collision frequency
         *P - eigenvector projection squared on the relaxation subspace
         *Z - well partition function square root
      isomers-to-bimolecular equilibrium coefficients (kappa matrix):
        W\P    PRODS
      REACS        0
      projection error = 1.3e-13
      Wa->Wb/Wb->Wa rate constants ratios:
      Wb\Wa     REACS
      REACS         1
      W->P/P->W rate constants ratios:
        P\W     REACS
      PRODS         1
   MasterEquation::direct_diagonalization_method:  done, cpu time[sec] = 2.97, elapsed time[sec] = 1
   MasterEquation::direct_diagonalization_method:  starts
      Pressure = 1000 atm	 Temperature = 900 K
      collision frequency = 2.3021e+12 1/sec
      global relaxation matrix dimension = 251
      setting global matrices ... done, cpu time[sec] = 0.04, elapsed time[sec] = 0
      diagonalizing global relaxation matrix ... done, cpu time[sec] = 0.18, elapsed time[sec] = 0
      minimal relaxation eigenvalue / collision frequency = 0.0559454
      maximal relaxation eigenvalue / collision frequency = 0.986935
      microscopic rate coefficients (at reference energy) over collision frequency:
       REACS->PRODS
        0.000255188
      some eigenvalues are too small: using low eigenvalue method
      low eigenvalue method starts
         MasterEquation::low_eigenvalue_matrix:  starts
            setting up kinetic matrices ... done, cpu time[sec] = 2.75, elapsed time[sec] = 0
            inverting kinetic matrices ... done, cpu time[sec] = 0.01, elapsed time[sec] = 0
         MasterEquation::low_eigenvalue_matrix:  done, cpu time[sec] = 2.76, elapsed time[sec] = 0
         direct-diagonalization(DD)-versus-low-eigenvalue(LE) eigenvalues
             L      DD eval      LE eval     LE proj
             0  5.01019e-13  4.56052e-13   1.4695e-17
      low eigenvalue method done, cpu time[sec] = 2.76, elapsed time[sec] = 0
      eigenvector populations normalized:
          L        *R        *P     REACS
          0  4.56e-13 -4.44e-16         1
         *R - eigenvalue over the relaxation limit
         *P - eigenvector projection squared on the relaxation subspace
      eigenvector projections:
          L        *Q        *P     REACS
          0  2.55e-14 -4.44e-16         1
         *Z       ---       ---  1.23e+21
         *Q - eigenvalue over the collision frequency
         *P - eigenvector projection squared on the relaxation subspace
         *Z - well partition function square root
      isomers-to-bimolecular equilibrium coefficients (kappa matrix):
        W\P    PRODS
      REACS        0
      projection error = -4.4e-16
      Wa->Wb/Wb->Wa rate constants ratios:
      Wb\Wa     REACS
      REACS         1
      W->P/P->W rate constants ratios:
        P\W     REACS
      PRODS         1
   MasterEquation::direct_diagonalization_method:  done, cpu time[sec] = 3, elapsed time[sec] = 0
   MasterEquation::set:  starts
      Temperature      = 1000 K
      Collision rate   = 2.92635e-10cm^3/sec
      Energy reference = 46433 1/cm
      Energy step      = 139 1/cm
      setting wells, barriers, and bimolecular starts
         REACS Well: density of states done, elapsed time[sec] = 0.01
         REACS Well: collisional energy transfer kernel done, elapsed time[sec] = 0.03
         REACS Well: relaxation modes basis done, elapsed time[sec] = 0.04
         REACS Well: kernel in relaxation modes basis done, elapsed time[sec] = 0.22
         REACS Well: relaxation eigenvalues done, elapsed time[sec] = 0.07
         REACS Well: minimal relaxation eigenvalue = 0.0479771
         REACS Well: maximal relaxation eigenvalue = 0.98745
         REACS Well:       grid size = 251
         REACS Well:      real depth = 0 1/cm
         REACS Well: effective depth = 11543 1/cm
         TS Barrier:        grid size = 151
         TS Barrier:      real height = 25581 1/cm
         TS Barrier: effective height = 25443 1/cm
      setting wells, barriers, and bimolecular done, cpu time[sec] = 0.38, elapsed time[sec] = 0
      Bound Species (D1/D2 - density of states at dissociation energy (DE)/reference energy):
       Name  Depth     DE      *D1      *D2
              1/cm   1/cm       cm       cm
      REACS  11544  25444 2.92e+18 2.64e+23
      Well-to-Bimolecular Barriers (N - number of states at the reference energy):
       Name Height       *N
              1/cm         
         TS  25444 1.24e+22
      Effective equilibrium constants(bimolecular units - cm^3):
        Q/Q     REACS     PRODS
      REACS         1  9.12e-08
      PRODS   1.1e+07         1
      Real equilibrium constants(bimolecular units - cm^3):
        Q/Q     REACS     PRODS
      REACS         1  3.98e-10
      PRODS  2.52e+09         1
   MasterEquation::set:  done, cpu time[sec] = 0.38, elapsed time[sec] = 0
   MasterEquation::direct_diagonalization_method:  starts
      Pressure = 0.1 atm	 Temperature = 1000 K
      collision frequency = 2.14743e+08 1/sec
      global relaxation matrix dimension = 251
      setting global matrices ... done, cpu time[sec] = 0.04, elapsed time[sec] = 0
      diagonalizing global relaxation matrix ... done, cpu time[sec] = 0.17, elapsed time[sec] = 0
      minimal relaxation eigenvalue / collision frequency = 0.048131
      maximal relaxation eigenvalue / collision frequency = 7.42055
      microscopic rate coefficients (at reference energy) over collision frequency:
       REACS->PRODS
            6.53968
      some eigenvalues are too small: using low eigenvalue method
      low eigenvalue method starts
         MasterEquation::low_eigenvalue_matrix:  starts
            setting up kinetic matrices ... done, cpu time[sec] = 2.73, elapsed time[sec] = 0
            inverting kinetic matrices ... done, cpu time[sec] = 0.02, elapsed time[sec] = 0
         MasterEquation::low_eigenvalue_matrix:  done, cpu time[sec] = 2.75, elapsed time[sec] = 0
         direct-diagonalization(DD)-versus-low-eigenvalue(LE) eigenvalues
             L      DD eval      LE eval     LE proj
             0  5.38179e-08  5.38179e-08  5.15917e-09
      low eigenvalue method done, cpu time[sec] = 2.75, elapsed time[sec] = 0
      eigenvector populations normalized:
          L        *R        *P     REACS
          0  5.38e-08  5.16e-09         1
         *R - eigenvalue over the relaxation limit
         *P - eigenvector projection squared on the relaxation subspace
      eigenvector projections:
          L        *Q        *P     REACS
          0  2.59e-09  5.16e-09         1
         *Z       ---       ---  6.72e+20
         *Q - eigenvalue over the collision frequency
         *P - eigenvector projection squared on the relaxation subspace
         *Z - well partition function square root
      isomers-to-bimolecular equilibrium coefficients (kappa matrix):
        W\P    PRODS
      REACS        0
      projection error = 5.2e-09
      Wa->Wb/Wb->Wa rate constants ratios:
      Wb\Wa     REACS
      REACS         1
      W->P/P->W rate constants ratios:
        P\W     REACS
      PRODS         1
   MasterEquation::direct_diagonalization_method:  done, cpu time[sec] = 2.98, elapsed time[sec] = 0
   MasterEquation::direct_diagonalization_method:  starts
      Pressure = 1 atm	 Temperature = 1000 K
      collision frequency = 2.14743e+09 1/sec
      global relaxation matrix dimension = 251
      setting global matrices ... done, cpu time[sec] = 0.04, elapsed time[sec] = 0
      diagonalizing global relaxation matrix ... done, cpu time[sec] = 0.18, elapsed time[sec] = 0
      minimal relaxation eigenvalue / collision frequency = 0.0480197
      maximal relaxation eigenvalue / collision frequency = 1.60791
      microscopic rate coefficients (at reference energy) over collision frequency:
       REACS->PRODS
           0.653968
      some eigenvalues are too small: using low eigenvalue method
      low eigenvalue method starts
         MasterEquation::low_eigenvalue_matrix:  starts
            setting up kinetic matrices ... done, cpu time[sec] = 2.72, elapsed time[sec] = 0
            inverting kinetic matrices ... done, cpu time[sec] = 0.01, elapsed time[sec] = 0
         MasterEquation::low_eigenvalue_matrix:  done, cpu time[sec] = 2.74, elapsed time[sec] = 0
         direct-diagonalization(DD)-versus-low-eigenvalue(LE) eigenvalues
             L      DD eval      LE eval     LE proj
             0   6.7308e-09  6.73081e-09  2.54358e-10
      low eigenvalue method done, cpu time[sec] = 2.74, elapsed time[sec] = 0
      eigenvector populations normalized:
          L        *R        *P     REACS
          0  6.73e-09  2.54e-10         1
         *R - eigenvalue over the relaxation limit
         *P - eigenvector projection squared on the relaxation subspace
      eigenvector projections:
          L        *Q        *P     REACS
          0  3.23e-10  2.54e-10         1
         *Z       ---       ---  6.72e+20
         *Q - eigenvalue over the collision frequency
         *P - eigenvector projection squared on the relaxation subspace
         *Z - well partition function square root
      isomers-to-bimolecular equilibrium coefficients (kappa matrix):
        W\P    PRODS
      REACS        0
      projection error = 2.5e-10
      Wa->Wb/Wb->Wa rate constants ratios:
      Wb\Wa     REACS
      REACS         1
      W->P/P->W rate constants ratios:
        P\W     REACS
      PRODS         1
   MasterEquation::direct_diagonalization_method:  done, cpu time[sec] = 2.98, elapsed time[sec] = 0
   MasterEquation::direct_diagonalization_method:  starts
      Pressure = 10 atm	 Temperature = 1000 K
      collision frequency = 2.14743e+10 1/sec
      global relaxation matrix dimension = 251
      setting global matrices ... done, cpu time[sec] = 0.05, elapsed time[sec] = 0
      diagonalizing global relaxation matrix ... done, cpu time[sec] = 0.17, elapsed time[sec] = 0
      minimal relaxation eigenvalue / collision frequency = 0.0479851
      maximal relaxation eigenvalue / collision frequency = 1.04259
      microscopic rate coefficients (at reference energy) over collision frequency:
       REACS->PRODS
          0.0653968
      some eigenvalues are too small: using low eigenvalue method
      low eigenvalue method starts
         MasterEquation::low_eigenvalue_matrix:  starts
            setting up kinetic matrices ... done, cpu time[sec] = 2.69, elapsed time[sec] = 0
            inverting kinetic matrices ... done, cpu time[sec] = 0.01, elapsed time[sec] = 0
         MasterEquation::low_eigenvalue_matrix:  done, cpu time[sec] = 2.71, elapsed time[sec] = 0
         direct-diagonalization(DD)-versus-low-eigenvalue(LE) eigenvalues
             L      DD eval      LE eval     LE proj
             0   7.2357e-10  7.23576e-10  6.19959e-12
      low eigenvalue method done, cpu time[sec] = 2.71, elapsed time[sec] = 0
      eigenvector populations normalized:
          L        *R        *P     REACS
          0  7.24e-10   6.2e-12         1
         *R - eigenvalue over the relaxation limit
         *P - eigenvector projection squared on the relaxation subspace
      eigenvector projections:
          L        *Q        *P     REACS
          0  3.47e-11   6.2e-12         1
         *Z       ---       ---  6.72e+20
         *Q - eigenvalue over the collision frequency
         *P - eigenvector projection squared on the relaxation subspace
         *Z - well partition function square root
      isomers-to-bimolecular equilibrium coefficients (kappa matrix):
        W\P    PRODS
      REACS        0
      projection error = 6.2e-12
      Wa->Wb/Wb->Wa rate constants ratios:
      Wb\Wa     REACS
      REACS         1
      W->P/P->W rate constants ratios:
        P\W     REACS
      PRODS         1
   MasterEquation::direct_diagonalization_method:  done, cpu time[sec] = 2.95, elapsed time[sec] = 0
   MasterEquation::direct_diagonalization_method:  starts
      Pressure = 1000 atm	 Temperature = 1000 K
      collision frequency = 2.14743e+12 1/sec
      global relaxation matrix dimension = 251
      setting global matrices ... done, cpu time[sec] = 0.05, elapsed time[sec] = 0
      diagonalizing global relaxation matrix ... done, cpu time[sec] = 0.17, elapsed time[sec] = 0
      minimal relaxation eigenvalue / collision frequency = 0.0479772
      maximal relaxation eigenvalue / collision frequency = 0.98745
      microscopic rate coefficients (at reference energy) over collision frequency:
       REACS->PRODS
        0.000653968
      some eigenvalues are too small: using low eigenvalue method
      low eigenvalue method starts
         MasterEquation::low_eigenvalue_matrix:  starts
            setting up kinetic matrices ... done, cpu time[sec] = 2.75, elapsed time[sec] = 1
            inverting kinetic matrices ... done, cpu time[sec] = 0.01, elapsed time[sec] = 0
         MasterEquation::low_eigenvalue_matrix:  done, cpu time[sec] = 2.77, elapsed time[sec] = 1
         direct-diagonalization(DD)-versus-low-eigenvalue(LE) eigenvalues
             L      DD eval      LE eval     LE proj
             0  7.35917e-12  7.34295e-12  7.96248e-16
      low eigenvalue method done, cpu time[sec] = 2.78, elapsed time[sec] = 1
      eigenvector populations normalized:
          L        *R        *P     REACS
          0  7.34e-12  6.66e-16         1
         *R - eigenvalue over the relaxation limit
         *P - eigenvector projection squared on the relaxation subspace
      eigenvector projections:
          L        *Q        *P     REACS
          0  3.52e-13  6.66e-16         1
         *Z       ---       ---  6.72e+20
         *Q - eigenvalue over the collision frequency
         *P - eigenvector projection squared on the relaxation subspace
         *Z - well partition function square root
      isomers-to-bimolecular equilibrium coefficients (kappa matrix):
        W\P    PRODS
      REACS        0
      projection error = 6.7e-16
      Wa->Wb/Wb->Wa rate constants ratios:
      Wb\Wa     REACS
      REACS         1
      W->P/P->W rate constants ratios:
        P\W     REACS
      PRODS         1
   MasterEquation::direct_diagonalization_method:  done, cpu time[sec] = 3.02, elapsed time[sec] = 1
   MasterEquation::set:  starts
      Temperature      = 1100 K
      Collision rate   = 3.02395e-10cm^3/sec
      Energy reference = 48518 1/cm
      Energy step      = 153 1/cm
      setting wells, barriers, and bimolecular starts
         REACS Well: density of states done, elapsed time[sec] = 0
         REACS Well: collisional energy transfer kernel done, elapsed time[sec] = 0.04
         REACS Well: relaxation modes basis done, elapsed time[sec] = 0.04
         REACS Well: kernel in relaxation modes basis done, elapsed time[sec] = 0.21
         REACS Well: relaxation eigenvalues done, elapsed time[sec] = 0.06
         REACS Well: minimal relaxation eigenvalue = 0.0414129
         REACS Well: maximal relaxation eigenvalue = 0.9881
         REACS Well:       grid size = 250
         REACS Well:      real depth = 0 1/cm
         REACS Well: effective depth = 10268 1/cm
         TS Barrier:        grid size = 150
         TS Barrier:      real height = 25581 1/cm
         TS Barrier: effective height = 25568 1/cm
      setting wells, barriers, and bimolecular done, cpu time[sec] = 0.36, elapsed time[sec] = 0
      Bound Species (D1/D2 - density of states at dissociation energy (DE)/reference energy):
       Name  Depth     DE      *D1      *D2
              1/cm   1/cm       cm       cm
      REACS  10269  25569 3.18e+18 6.55e+23
      Well-to-Bimolecular Barriers (N - number of states at the reference energy):
       Name Height       *N
              1/cm         
         TS  25569 6.71e+22
      Effective equilibrium constants(bimolecular units - cm^3):
        Q/Q     REACS     PRODS
      REACS         1  5.01e-09
      PRODS     2e+08         1
      Real equilibrium constants(bimolecular units - cm^3):
        Q/Q     REACS     PRODS
      REACS         1  8.75e-12
      PRODS  1.14e+11         1
   MasterEquation::set:  done, cpu time[sec] = 0.36, elapsed time[sec] = 0
   MasterEquation::direct_diagonalization_method:  starts
      Pressure = 0.1 atm	 Temperature = 1100 K
      collision frequency = 2.01732e+08 1/sec
      global relaxation matrix dimension = 250
      setting global matrices ... done, cpu time[sec] = 0.04, elapsed time[sec] = 0
      diagonalizing global relaxation matrix ... done, cpu time[sec] = 0.18, elapsed time[sec] = 0
      minimal relaxation eigenvalue / collision frequency = 0.0416535
      maximal relaxation eigenvalue / collision frequency = 16.0921
      microscopic rate coefficients (at reference energy) over collision frequency:
       REACS->PRODS
            15.2392
      eigenvector populations normalized:
          L        *R        *P     REACS
          0  6.71e-07  8.98e-08         1
         *R - eigenvalue over the relaxation limit
         *P - eigenvector projection squared on the relaxation subspace
      eigenvector projections:
          L        *Q        *P     REACS
          0  2.79e-08  8.98e-08         1
         *Z       ---       ---  3.59e+20
         *Q - eigenvalue over the collision frequency
         *P - eigenvector projection squared on the relaxation subspace
         *Z - well partition function square root
      isomers-to-bimolecular equilibrium coefficients (kappa matrix):
        W\P    PRODS
      REACS        0
      projection error = 9e-08
      Wa->Wb/Wb->Wa rate constants ratios:
      Wb\Wa     REACS
      REACS         1
      W->P/P->W rate constants ratios:
        P\W     REACS
      PRODS         1
   MasterEquation::direct_diagonalization_method:  done, cpu time[sec] = 0.24, elapsed time[sec] = 0
   MasterEquation::direct_diagonalization_method:  starts
      Pressure = 1 atm	 Temperature = 1100 K
      collision frequency = 2.01732e+09 1/sec
      global relaxation matrix dimension = 250
      setting global matrices ... done, cpu time[sec] = 0.04, elapsed time[sec] = 0
      diagonalizing global relaxation matrix ... done, cpu time[sec] = 0.18, elapsed time[sec] = 0
      minimal relaxation eigenvalue / collision frequency = 0.0414854
      maximal relaxation eigenvalue / collision frequency = 2.4572
      microscopic rate coefficients (at reference energy) over collision frequency:
       REACS->PRODS
            1.52392
      some eigenvalues are too small: using low eigenvalue method
      low eigenvalue method starts
         MasterEquation::low_eigenvalue_matrix:  starts
            setting up kinetic matrices ... done, cpu time[sec] = 2.77, elapsed time[sec] = 0
            inverting kinetic matrices ... done, cpu time[sec] = 0.02, elapsed time[sec] = 0
         MasterEquation::low_eigenvalue_matrix:  done, cpu time[sec] = 2.79, elapsed time[sec] = 0
         direct-diagonalization(DD)-versus-low-eigenvalue(LE) eigenvalues
             L      DD eval      LE eval     LE proj
             0  9.62767e-08  9.62767e-08  6.17524e-09
      low eigenvalue method done, cpu time[sec] = 2.8, elapsed time[sec] = 0
      eigenvector populations normalized:
          L        *R        *P     REACS
          0  9.63e-08  6.18e-09         1
         *R - eigenvalue over the relaxation limit
         *P - eigenvector projection squared on the relaxation subspace
      eigenvector projections:
          L        *Q        *P     REACS
          0  3.99e-09  6.18e-09         1
         *Z       ---       ---  3.59e+20
         *Q - eigenvalue over the collision frequency
         *P - eigenvector projection squared on the relaxation subspace
         *Z - well partition function square root
      isomers-to-bimolecular equilibrium coefficients (kappa matrix):
        W\P    PRODS
      REACS        0
      projection error = 6.2e-09
      Wa->Wb/Wb->Wa rate constants ratios:
      Wb\Wa     REACS
      REACS         1
      W->P/P->W rate constants ratios:
        P\W     REACS
      PRODS         1
   MasterEquation::direct_diagonalization_method:  done, cpu time[sec] = 3.05, elapsed time[sec] = 0
   MasterEquation::direct_diagonalization_method:  starts
      Pressure = 10 atm	 Temperature = 1100 K
      collision frequency = 2.01732e+10 1/sec
      global relaxation matrix dimension = 250
      setting global matrices ... done, cpu time[sec] = 0.05, elapsed time[sec] = 0
      diagonalizing global relaxation matrix ... done, cpu time[sec] = 0.18, elapsed time[sec] = 0
      minimal relaxation eigenvalue / collision frequency = 0.0414281
      maximal relaxation eigenvalue / collision frequency = 1.12433
      microscopic rate coefficients (at reference energy) over collision frequency:
       REACS->PRODS
           0.152392
      some eigenvalues are too small: using low eigenvalue method
      low eigenvalue method starts
         MasterEquation::low_eigenvalue_matrix:  starts
            setting up kinetic matrices ... done, cpu time[sec] = 2.8, elapsed time[sec] = 0
            inverting kinetic matrices ... done, cpu time[sec] = 0.01, elapsed time[sec] = 0
         MasterEquation::low_eigenvalue_matrix:  done, cpu time[sec] = 2.81, elapsed time[sec] = 0
         direct-diagonalization(DD)-versus-low-eigenvalue(LE) eigenvalues
             L      DD eval      LE eval     LE proj
             0  1.11468e-08  1.11468e-08  2.18695e-10
      low eigenvalue method done, cpu time[sec] = 2.82, elapsed time[sec] = 0
      eigenvector populations normalized:
          L        *R        *P     REACS
          0  1.11e-08  2.19e-10         1
         *R - eigenvalue over the relaxation limit
         *P - eigenvector projection squared on the relaxation subspace
      eigenvector projections:
          L        *Q        *P     REACS
          0  4.62e-10  2.19e-10         1
         *Z       ---       ---  3.59e+20
         *Q - eigenvalue over the collision frequency
         *P - eigenvector projection squared on the relaxation subspace
         *Z - well partition function square root
      isomers-to-bimolecular equilibrium coefficients (kappa matrix):
        W\P    PRODS
      REACS        0
      projection error = 2.2e-10
      Wa->Wb/Wb->Wa rate constants ratios:
      Wb\Wa     REACS
      REACS         1
      W->P/P->W rate constants ratios:
        P\W     REACS
      PRODS         1
   MasterEquation::direct_diagonalization_method:  done, cpu time[sec] = 3.06, elapsed time[sec] = 0
   MasterEquation::direct_diagonalization_method:  starts
      Pressure = 1000 atm	 Temperature = 1100 K
      collision frequency = 2.01732e+12 1/sec
      global relaxation matrix dimension = 250
      setting global matrices ... done, cpu time[sec] = 0.04, elapsed time[sec] = 0
      diagonalizing global relaxation matrix ... done, cpu time[sec] = 0.17, elapsed time[sec] = 0
      minimal relaxation eigenvalue / collision frequency = 0.0414131
      maximal relaxation eigenvalue / collision frequency = 0.9881
      microscopic rate coefficients (at reference energy) over collision frequency:
       REACS->PRODS
         0.00152392
      some eigenvalues are too small: using low eigenvalue method
      low eigenvalue method starts
         MasterEquation::low_eigenvalue_matrix:  starts
            setting up kinetic matrices ... done, cpu time[sec] = 2.68, elapsed time[sec] = 0
            inverting kinetic matrices ... done, cpu time[sec] = 0.01, elapsed time[sec] = 0
         MasterEquation::low_eigenvalue_matrix:  done, cpu time[sec] = 2.7, elapsed time[sec] = 0
         direct-diagonalization(DD)-versus-low-eigenvalue(LE) eigenvalues
             L      DD eval      LE eval     LE proj
             0  1.16055e-10  1.16059e-10  3.71323e-14
      low eigenvalue method done, cpu time[sec] = 2.7, elapsed time[sec] = 0
      eigenvector populations normalized:
          L        *R        *P     REACS
          0  1.16e-10  3.73e-14         1
         *R - eigenvalue over the relaxation limit
         *P - eigenvector projection squared on the relaxation subspace
      eigenvector projections:
          L        *Q        *P     REACS
          0  4.81e-12  3.73e-14         1
         *Z       ---       ---  3.59e+20
         *Q - eigenvalue over the collision frequency
         *P - eigenvector projection squared on the relaxation subspace
         *Z - well partition function square root
      isomers-to-bimolecular equilibrium coefficients (kappa matrix):
        W\P    PRODS
      REACS        0
      projection error = 3.7e-14
      Wa->Wb/Wb->Wa rate constants ratios:
      Wb\Wa     REACS
      REACS         1
      W->P/P->W rate constants ratios:
        P\W     REACS
      PRODS         1
   MasterEquation::direct_diagonalization_method:  done, cpu time[sec] = 2.93, elapsed time[sec] = 0
   MasterEquation::set:  starts
      Temperature      = 1200 K
      Collision rate   = 3.11664e-10cm^3/sec
      Energy reference = 50603 1/cm
      Energy step      = 167 1/cm
      setting wells, barriers, and bimolecular starts
         REACS Well: density of states done, elapsed time[sec] = 0.01
         REACS Well: collisional energy transfer kernel done, elapsed time[sec] = 0.03
         REACS Well: relaxation modes basis done, elapsed time[sec] = 0.04
         REACS Well: kernel in relaxation modes basis done, elapsed time[sec] = 0.22
         REACS Well: relaxation eigenvalues done, elapsed time[sec] = 0.06
         REACS Well: minimal relaxation eigenvalue = 0.0360776
         REACS Well: maximal relaxation eigenvalue = 0.989015
         REACS Well:       grid size = 250
         REACS Well:      real depth = 0 1/cm
         REACS Well: effective depth = 8853 1/cm
         TS Barrier:        grid size = 150
         TS Barrier:      real height = 25581 1/cm
         TS Barrier: effective height = 25553 1/cm
      setting wells, barriers, and bimolecular done, cpu time[sec] = 0.37, elapsed time[sec] = 0
      Bound Species (D1/D2 - density of states at dissociation energy (DE)/reference energy):
       Name  Depth     DE      *D1      *D2
              1/cm   1/cm       cm       cm
      REACS   8854  25553 3.14e+18 1.58e+24
      Well-to-Bimolecular Barriers (N - number of states at the reference energy):
       Name Height       *N
              1/cm         
         TS  25553 3.29e+23
      Effective equilibrium constants(bimolecular units - cm^3):
        Q/Q     REACS     PRODS
      REACS         1  3.41e-10
      PRODS  2.93e+09         1
      Real equilibrium constants(bimolecular units - cm^3):
        Q/Q     REACS     PRODS
      REACS         1   3.7e-13
      PRODS  2.71e+12         1
   MasterEquation::set:  done, cpu time[sec] = 0.37, elapsed time[sec] = 0
   MasterEquation::direct_diagonalization_method:  starts
      Pressure = 0.1 atm	 Temperature = 1200 K
      collision frequency = 1.90589e+08 1/sec
      global relaxation matrix dimension = 250
      setting global matrices ... done, cpu time[sec] = 0.04, elapsed time[sec] = 0
      diagonalizing global relaxation matrix ... done, cpu time[sec] = 0.18, elapsed time[sec] = 0
      minimal relaxation eigenvalue / collision frequency = 0.0364841
      maximal relaxation eigenvalue / collision frequency = 33.6482
      microscopic rate coefficients (at reference energy) over collision frequency:
       REACS->PRODS
             32.812
      eigenvector populations normalized:
          L        *R        *P     REACS
          0  6.66e-06  1.15e-06         1
         *R - eigenvalue over the relaxation limit
         *P - eigenvector projection squared on the relaxation subspace
      eigenvector projections:
          L        *Q        *P     REACS
          0  2.43e-07  1.15e-06         1
         *Z       ---       ---     2e+20
         *Q - eigenvalue over the collision frequency
         *P - eigenvector projection squared on the relaxation subspace
         *Z - well partition function square root
      isomers-to-bimolecular equilibrium coefficients (kappa matrix):
        W\P    PRODS
      REACS        0
      projection error = 1.1e-06
      Wa->Wb/Wb->Wa rate constants ratios:
      Wb\Wa     REACS
      REACS         1
      W->P/P->W rate constants ratios:
        P\W     REACS
      PRODS         1
   MasterEquation::direct_diagonalization_method:  done, cpu time[sec] = 0.24, elapsed time[sec] = 0
   MasterEquation::direct_diagonalization_method:  starts
      Pressure = 1 atm	 Temperature = 1200 K
      collision frequency = 1.90589e+09 1/sec
      global relaxation matrix dimension = 250
      setting global matrices ... done, cpu time[sec] = 0.04, elapsed time[sec] = 0
      diagonalizing global relaxation matrix ... done, cpu time[sec] = 0.17, elapsed time[sec] = 0
      minimal relaxation eigenvalue / collision frequency = 0.0362126
      maximal relaxation eigenvalue / collision frequency = 4.1875
      microscopic rate coefficients (at reference energy) over collision frequency:
       REACS->PRODS
             3.2812
      eigenvector populations normalized:
          L        *R        *P     REACS
          0  1.12e-06  1.06e-07         1
         *R - eigenvalue over the relaxation limit
         *P - eigenvector projection squared on the relaxation subspace
      eigenvector projections:
          L        *Q        *P     REACS
          0  4.05e-08  1.06e-07         1
         *Z       ---       ---     2e+20
         *Q - eigenvalue over the collision frequency
         *P - eigenvector projection squared on the relaxation subspace
         *Z - well partition function square root
      isomers-to-bimolecular equilibrium coefficients (kappa matrix):
        W\P    PRODS
      REACS        0
      projection error = 1.1e-07
      Wa->Wb/Wb->Wa rate constants ratios:
      Wb\Wa     REACS
      REACS         1
      W->P/P->W rate constants ratios:
        P\W     REACS
      PRODS         1
   MasterEquation::direct_diagonalization_method:  done, cpu time[sec] = 0.24, elapsed time[sec] = 0
   MasterEquation::direct_diagonalization_method:  starts
      Pressure = 10 atm	 Temperature = 1200 K
      collision frequency = 1.90589e+10 1/sec
      global relaxation matrix dimension = 250
      setting global matrices ... done, cpu time[sec] = 0.03, elapsed time[sec] = 0
      diagonalizing global relaxation matrix ... done, cpu time[sec] = 0.18, elapsed time[sec] = 0
      minimal relaxation eigenvalue / collision frequency = 0.0361094
      maximal relaxation eigenvalue / collision frequency = 1.29231
      microscopic rate coefficients (at reference energy) over collision frequency:
       REACS->PRODS
            0.32812
      eigenvector populations normalized:
          L        *R        *P     REACS
          0  1.44e-07  5.25e-09         1
         *R - eigenvalue over the relaxation limit
         *P - eigenvector projection squared on the relaxation subspace
      eigenvector projections:
          L        *Q        *P     REACS
          0  5.19e-09  5.25e-09        -1
         *Z       ---       ---     2e+20
         *Q - eigenvalue over the collision frequency
         *P - eigenvector projection squared on the relaxation subspace
         *Z - well partition function square root
      isomers-to-bimolecular equilibrium coefficients (kappa matrix):
        W\P    PRODS
      REACS        0
      projection error = 5.2e-09
      Wa->Wb/Wb->Wa rate constants ratios:
      Wb\Wa     REACS
      REACS         1
      W->P/P->W rate constants ratios:
        P\W     REACS
      PRODS         1
   MasterEquation::direct_diagonalization_method:  done, cpu time[sec] = 0.23, elapsed time[sec] = 0
   MasterEquation::direct_diagonalization_method:  starts
      Pressure = 1000 atm	 Temperature = 1200 K
      collision frequency = 1.90589e+12 1/sec
      global relaxation matrix dimension = 250
      setting global matrices ... done, cpu time[sec] = 0.04, elapsed time[sec] = 0
      diagonalizing global relaxation matrix ... done, cpu time[sec] = 0.17, elapsed time[sec] = 0
      minimal relaxation eigenvalue / collision frequency = 0.0360782
      maximal relaxation eigenvalue / collision frequency = 0.989015
      microscopic rate coefficients (at reference energy) over collision frequency:
       REACS->PRODS
          0.0032812
      some eigenvalues are too small: using low eigenvalue method
      low eigenvalue method starts
         MasterEquation::low_eigenvalue_matrix:  starts
            setting up kinetic matrices ... done, cpu time[sec] = 2.77, elapsed time[sec] = 0
            inverting kinetic matrices ... done, cpu time[sec] = 0.01, elapsed time[sec] = 0
         MasterEquation::low_eigenvalue_matrix:  done, cpu time[sec] = 2.79, elapsed time[sec] = 0
         direct-diagonalization(DD)-versus-low-eigenvalue(LE) eigenvalues
             L      DD eval      LE eval     LE proj
             0  1.57385e-09  1.57384e-09  1.33136e-12
      low eigenvalue method done, cpu time[sec] = 2.79, elapsed time[sec] = 0
      eigenvector populations normalized:
          L        *R        *P     REACS
          0  1.57e-09  1.33e-12         1
         *R - eigenvalue over the relaxation limit
         *P - eigenvector projection squared on the relaxation subspace
      eigenvector projections:
          L        *Q        *P     REACS
          0  5.68e-11  1.33e-12         1
         *Z       ---       ---     2e+20
         *Q - eigenvalue over the collision frequency
         *P - eigenvector projection squared on the relaxation subspace
         *Z - well partition function square root
      isomers-to-bimolecular equilibrium coefficients (kappa matrix):
        W\P    PRODS
      REACS        0
      projection error = 1.3e-12
      Wa->Wb/Wb->Wa rate constants ratios:
      Wb\Wa     REACS
      REACS         1
      W->P/P->W rate constants ratios:
        P\W     REACS
      PRODS         1
   MasterEquation::direct_diagonalization_method:  done, cpu time[sec] = 3.02, elapsed time[sec] = 0
   MasterEquation::set:  starts
      Temperature      = 1300 K
      Collision rate   = 3.20484e-10cm^3/sec
      Energy reference = 52688 1/cm
      Energy step      = 181 1/cm
      setting wells, barriers, and bimolecular starts
         REACS Well: density of states done, elapsed time[sec] = 0
         REACS Well: collisional energy transfer kernel done, elapsed time[sec] = 0.03
         REACS Well: relaxation modes basis done, elapsed time[sec] = 0.05
         REACS Well: kernel in relaxation modes basis done, elapsed time[sec] = 0.21
         REACS Well: relaxation eigenvalues done, elapsed time[sec] = 0.06
         REACS Well: minimal relaxation eigenvalue = 0.0324049
         REACS Well: maximal relaxation eigenvalue = 0.990244
         REACS Well:       grid size = 250
         REACS Well:      real depth = 0 1/cm
         REACS Well: effective depth = 7438 1/cm
         TS Barrier:        grid size = 150
         TS Barrier:      real height = 25581 1/cm
         TS Barrier: effective height = 25538 1/cm
      setting wells, barriers, and bimolecular done, cpu time[sec] = 0.36, elapsed time[sec] = 0
      Bound Species (D1/D2 - density of states at dissociation energy (DE)/reference energy):
       Name  Depth     DE      *D1      *D2
              1/cm   1/cm       cm       cm
      REACS   7438  25538 3.11e+18  3.7e+24
      Well-to-Bimolecular Barriers (N - number of states at the reference energy):
       Name Height       *N
              1/cm         
         TS  25538 1.48e+24
      Effective equilibrium constants(bimolecular units - cm^3):
        Q/Q     REACS     PRODS
      REACS         1  2.81e-11
      PRODS  3.56e+10         1
      Real equilibrium constants(bimolecular units - cm^3):
        Q/Q     REACS     PRODS
      REACS         1  2.57e-14
      PRODS  3.88e+13         1
   MasterEquation::set:  done, cpu time[sec] = 0.36, elapsed time[sec] = 0
   MasterEquation::direct_diagonalization_method:  starts
      Pressure = 0.1 atm	 Temperature = 1300 K
      collision frequency = 1.80907e+08 1/sec
      global relaxation matrix dimension = 250
      setting global matrices ... done, cpu time[sec] = 0.04, elapsed time[sec] = 0
      diagonalizing global relaxation matrix ... done, cpu time[sec] = 0.18, elapsed time[sec] = 0
      minimal relaxation eigenvalue / collision frequency = 0.033188
      maximal relaxation eigenvalue / collision frequency = 66.8968
      microscopic rate coefficients (at reference energy) over collision frequency:
       REACS->PRODS
            66.0699
      eigenvector populations normalized:
          L        *R        *P     REACS
          0   5.2e-05  1.13e-05         1
         *R - eigenvalue over the relaxation limit
         *P - eigenvector projection squared on the relaxation subspace
      eigenvector projections:
          L        *Q        *P     REACS
          0  1.72e-06  1.13e-05         1
         *Z       ---       ---  1.16e+20
         *Q - eigenvalue over the collision frequency
         *P - eigenvector projection squared on the relaxation subspace
         *Z - well partition function square root
      isomers-to-bimolecular equilibrium coefficients (kappa matrix):
        W\P    PRODS
      REACS        0
      projection error = 1.1e-05
      Wa->Wb/Wb->Wa rate constants ratios:
      Wb\Wa     REACS
      REACS         1
      W->P/P->W rate constants ratios:
        P\W     REACS
      PRODS         1
   MasterEquation::direct_diagonalization_method:  done, cpu time[sec] = 0.25, elapsed time[sec] = 0
   MasterEquation::direct_diagonalization_method:  starts
      Pressure = 1 atm	 Temperature = 1300 K
      collision frequency = 1.80907e+09 1/sec
      global relaxation matrix dimension = 250
      setting global matrices ... done, cpu time[sec] = 0.04, elapsed time[sec] = 0
      diagonalizing global relaxation matrix ... done, cpu time[sec] = 0.17, elapsed time[sec] = 0
      minimal relaxation eigenvalue / collision frequency = 0.0326972
      maximal relaxation eigenvalue / collision frequency = 7.48502
      microscopic rate coefficients (at reference energy) over collision frequency:
       REACS->PRODS
            6.60699
      eigenvector populations normalized:
          L        *R        *P     REACS
          0  1.03e-05  1.36e-06         1
         *R - eigenvalue over the relaxation limit
         *P - eigenvector projection squared on the relaxation subspace
      eigenvector projections:
          L        *Q        *P     REACS
          0  3.38e-07  1.36e-06        -1
         *Z       ---       ---  1.16e+20
         *Q - eigenvalue over the collision frequency
         *P - eigenvector projection squared on the relaxation subspace
         *Z - well partition function square root
      isomers-to-bimolecular equilibrium coefficients (kappa matrix):
        W\P    PRODS
      REACS        0
      projection error = 1.4e-06
      Wa->Wb/Wb->Wa rate constants ratios:
      Wb\Wa     REACS
      REACS         1
      W->P/P->W rate constants ratios:
        P\W     REACS
      PRODS         1
   MasterEquation::direct_diagonalization_method:  done, cpu time[sec] = 0.23, elapsed time[sec] = 0
   MasterEquation::direct_diagonalization_method:  starts
      Pressure = 10 atm	 Temperature = 1300 K
      collision frequency = 1.80907e+10 1/sec
      global relaxation matrix dimension = 250
      setting global matrices ... done, cpu time[sec] = 0.04, elapsed time[sec] = 0
      diagonalizing global relaxation matrix ... done, cpu time[sec] = 0.17, elapsed time[sec] = 0
      minimal relaxation eigenvalue / collision frequency = 0.0324839
      maximal relaxation eigenvalue / collision frequency = 1.6139
      microscopic rate coefficients (at reference energy) over collision frequency:
       REACS->PRODS
           0.660699
      eigenvector populations normalized:
          L        *R        *P     REACS
          0  1.51e-06  9.04e-08         1
         *R - eigenvalue over the relaxation limit
         *P - eigenvector projection squared on the relaxation subspace
      eigenvector projections:
          L        *Q        *P     REACS
          0  4.91e-08  9.04e-08         1
         *Z       ---       ---  1.16e+20
         *Q - eigenvalue over the collision frequency
         *P - eigenvector projection squared on the relaxation subspace
         *Z - well partition function square root
      isomers-to-bimolecular equilibrium coefficients (kappa matrix):
        W\P    PRODS
      REACS        0
      projection error = 9e-08
      Wa->Wb/Wb->Wa rate constants ratios:
      Wb\Wa     REACS
      REACS         1
      W->P/P->W rate constants ratios:
        P\W     REACS
      PRODS         1
   MasterEquation::direct_diagonalization_method:  done, cpu time[sec] = 0.24, elapsed time[sec] = 0
   MasterEquation::direct_diagonalization_method:  starts
      Pressure = 1000 atm	 Temperature = 1300 K
      collision frequency = 1.80907e+12 1/sec
      global relaxation matrix dimension = 250
      setting global matrices ... done, cpu time[sec] = 0.05, elapsed time[sec] = 0
      diagonalizing global relaxation matrix ... done, cpu time[sec] = 0.17, elapsed time[sec] = 0
      minimal relaxation eigenvalue / collision frequency = 0.0324066
      maximal relaxation eigenvalue / collision frequency = 0.990244
      microscopic rate coefficients (at reference energy) over collision frequency:
       REACS->PRODS
         0.00660699
      some eigenvalues are too small: using low eigenvalue method
      low eigenvalue method starts
         MasterEquation::low_eigenvalue_matrix:  starts
            setting up kinetic matrices ... done, cpu time[sec] = 2.72, elapsed time[sec] = 1
            inverting kinetic matrices ... done, cpu time[sec] = 0.01, elapsed time[sec] = 0
         MasterEquation::low_eigenvalue_matrix:  done, cpu time[sec] = 2.73, elapsed time[sec] = 1
         direct-diagonalization(DD)-versus-low-eigenvalue(LE) eigenvalues
             L      DD eval      LE eval     LE proj
             0  1.80419e-08   1.8042e-08  3.74207e-11
      low eigenvalue method done, cpu time[sec] = 2.73, elapsed time[sec] = 1
      eigenvector populations normalized:
          L        *R        *P     REACS
          0   1.8e-08  3.74e-11         1
         *R - eigenvalue over the relaxation limit
         *P - eigenvector projection squared on the relaxation subspace
      eigenvector projections:
          L        *Q        *P     REACS
          0  5.85e-10  3.74e-11         1
         *Z       ---       ---  1.16e+20
         *Q - eigenvalue over the collision frequency
         *P - eigenvector projection squared on the relaxation subspace
         *Z - well partition function square root
      isomers-to-bimolecular equilibrium coefficients (kappa matrix):
        W\P    PRODS
      REACS        0
      projection error = 3.7e-11
      Wa->Wb/Wb->Wa rate constants ratios:
      Wb\Wa     REACS
      REACS         1
      W->P/P->W rate constants ratios:
        P\W     REACS
      PRODS         1
   MasterEquation::direct_diagonalization_method:  done, cpu time[sec] = 2.97, elapsed time[sec] = 1
   MasterEquation::set:  starts
      Temperature      = 1400 K
      Collision rate   = 3.28898e-10cm^3/sec
      Energy reference = 54773 1/cm
      Energy step      = 195 1/cm
      setting wells, barriers, and bimolecular starts
         REACS Well: density of states done, elapsed time[sec] = 0.01
         REACS Well: collisional energy transfer kernel done, elapsed time[sec] = 0.04
         REACS Well: relaxation modes basis done, elapsed time[sec] = 0.03
         REACS Well: kernel in relaxation modes basis done, elapsed time[sec] = 0.21
         REACS Well: relaxation eigenvalues done, elapsed time[sec] = 0.06
         REACS Well: minimal relaxation eigenvalue = 0.0302288
         REACS Well: maximal relaxation eigenvalue = 0.991981
         REACS Well:       grid size = 250
         REACS Well:      real depth = 0 1/cm
         REACS Well: effective depth = 6022 1/cm
         TS Barrier:        grid size = 150
         TS Barrier:      real height = 25581 1/cm
         TS Barrier: effective height = 25522 1/cm
      setting wells, barriers, and bimolecular done, cpu time[sec] = 0.36, elapsed time[sec] = 0
      Bound Species (D1/D2 - density of states at dissociation energy (DE)/reference energy):
       Name  Depth     DE      *D1      *D2
              1/cm   1/cm       cm       cm
      REACS   6023  25523 3.08e+18 8.47e+24
      Well-to-Bimolecular Barriers (N - number of states at the reference energy):
       Name Height       *N
              1/cm         
         TS  25523 6.12e+24
      Effective equilibrium constants(bimolecular units - cm^3):
        Q/Q     REACS     PRODS
      REACS         1  2.92e-12
      PRODS  3.43e+11         1
      Real equilibrium constants(bimolecular units - cm^3):
        Q/Q     REACS     PRODS
      REACS         1  2.66e-15
      PRODS  3.77e+14         1
   MasterEquation::set:  done, cpu time[sec] = 0.36, elapsed time[sec] = 0
   MasterEquation::direct_diagonalization_method:  starts
      Pressure = 0.1 atm	 Temperature = 1400 K
      collision frequency = 1.72395e+08 1/sec
      global relaxation matrix dimension = 250
      setting global matrices ... done, cpu time[sec] = 0.05, elapsed time[sec] = 0
      diagonalizing global relaxation matrix ... done, cpu time[sec] = 0.17, elapsed time[sec] = 0
      minimal relaxation eigenvalue / collision frequency = 0.0318431
      maximal relaxation eigenvalue / collision frequency = 126.429
      microscopic rate coefficients (at reference energy) over collision frequency:
       REACS->PRODS
            125.607
      eigenvector populations normalized:
          L        *R        *P     REACS
          0    0.0003  8.39e-05         1
         *R - eigenvalue over the relaxation limit
         *P - eigenvector projection squared on the relaxation subspace
      eigenvector projections:
          L        *Q        *P     REACS
          0  9.55e-06  8.39e-05         1
         *Z       ---       ---  7.28e+19
         *Q - eigenvalue over the collision frequency
         *P - eigenvector projection squared on the relaxation subspace
         *Z - well partition function square root
      isomers-to-bimolecular equilibrium coefficients (kappa matrix):
        W\P    PRODS
      REACS        0
      projection error = 8.4e-05
      Wa->Wb/Wb->Wa rate constants ratios:
      Wb\Wa     REACS
      REACS         1
      W->P/P->W rate constants ratios:
        P\W     REACS
      PRODS         1
   MasterEquation::direct_diagonalization_method:  done, cpu time[sec] = 0.24, elapsed time[sec] = 0
   MasterEquation::direct_diagonalization_method:  starts
      Pressure = 1 atm	 Temperature = 1400 K
      collision frequency = 1.72395e+09 1/sec
      global relaxation matrix dimension = 250
      setting global matrices ... done, cpu time[sec] = 0.05, elapsed time[sec] = 0
      diagonalizing global relaxation matrix ... done, cpu time[sec] = 0.16, elapsed time[sec] = 0
      minimal relaxation eigenvalue / collision frequency = 0.0309119
      maximal relaxation eigenvalue / collision frequency = 13.4155
      microscopic rate coefficients (at reference energy) over collision frequency:
       REACS->PRODS
            12.5607
      eigenvector populations normalized:
          L        *R        *P     REACS
          0  7.11e-05  1.27e-05         1
         *R - eigenvalue over the relaxation limit
         *P - eigenvector projection squared on the relaxation subspace
      eigenvector projections:
          L        *Q        *P     REACS
          0   2.2e-06  1.27e-05         1
         *Z       ---       ---  7.28e+19
         *Q - eigenvalue over the collision frequency
         *P - eigenvector projection squared on the relaxation subspace
         *Z - well partition function square root
      isomers-to-bimolecular equilibrium coefficients (kappa matrix):
        W\P    PRODS
      REACS        0
      projection error = 1.3e-05
      Wa->Wb/Wb->Wa rate constants ratios:
      Wb\Wa     REACS
      REACS         1
      W->P/P->W rate constants ratios:
        P\W     REACS
      PRODS         1
   MasterEquation::direct_diagonalization_method:  done, cpu time[sec] = 0.23, elapsed time[sec] = 0
   MasterEquation::direct_diagonalization_method:  starts
      Pressure = 10 atm	 Temperature = 1400 K
      collision frequency = 1.72395e+10 1/sec
      global relaxation matrix dimension = 250
      setting global matrices ... done, cpu time[sec] = 0.06, elapsed time[sec] = 0
      diagonalizing global relaxation matrix ... done, cpu time[sec] = 0.17, elapsed time[sec] = 0
      minimal relaxation eigenvalue / collision frequency = 0.0304444
      maximal relaxation eigenvalue / collision frequency = 2.1944
      microscopic rate coefficients (at reference energy) over collision frequency:
       REACS->PRODS
            1.25607
      eigenvector populations normalized:
          L        *R        *P     REACS
          0  1.21e-05   1.1e-06         1
         *R - eigenvalue over the relaxation limit
         *P - eigenvector projection squared on the relaxation subspace
      eigenvector projections:
          L        *Q        *P     REACS
          0  3.68e-07   1.1e-06        -1
         *Z       ---       ---  7.28e+19
         *Q - eigenvalue over the collision frequency
         *P - eigenvector projection squared on the relaxation subspace
         *Z - well partition function square root
      isomers-to-bimolecular equilibrium coefficients (kappa matrix):
        W\P    PRODS
      REACS        0
      projection error = 1.1e-06
      Wa->Wb/Wb->Wa rate constants ratios:
      Wb\Wa     REACS
      REACS         1
      W->P/P->W rate constants ratios:
        P\W     REACS
      PRODS         1
   MasterEquation::direct_diagonalization_method:  done, cpu time[sec] = 0.25, elapsed time[sec] = 0
   MasterEquation::direct_diagonalization_method:  starts
      Pressure = 1000 atm	 Temperature = 1400 K
      collision frequency = 1.72395e+12 1/sec
      global relaxation matrix dimension = 250
      setting global matrices ... done, cpu time[sec] = 0.05, elapsed time[sec] = 0
      diagonalizing global relaxation matrix ... done, cpu time[sec] = 0.17, elapsed time[sec] = 0
      minimal relaxation eigenvalue / collision frequency = 0.0302351
      maximal relaxation eigenvalue / collision frequency = 0.993794
      microscopic rate coefficients (at reference energy) over collision frequency:
       REACS->PRODS
          0.0125607
      eigenvector populations normalized:
          L        *R        *P     REACS
          0  1.64e-07  7.84e-10         1
         *R - eigenvalue over the relaxation limit
         *P - eigenvector projection squared on the relaxation subspace
      eigenvector projections:
          L        *Q        *P     REACS
          0  4.96e-09  7.84e-10         1
         *Z       ---       ---  7.28e+19
         *Q - eigenvalue over the collision frequency
         *P - eigenvector projection squared on the relaxation subspace
         *Z - well partition function square root
      isomers-to-bimolecular equilibrium coefficients (kappa matrix):
        W\P    PRODS
      REACS        0
      projection error = 7.8e-10
      Wa->Wb/Wb->Wa rate constants ratios:
      Wb\Wa     REACS
      REACS         1
      W->P/P->W rate constants ratios:
        P\W     REACS
      PRODS         1
   MasterEquation::direct_diagonalization_method:  done, cpu time[sec] = 0.24, elapsed time[sec] = 0
   MasterEquation::set:  starts
      Temperature      = 1500 K
      Collision rate   = 3.36944e-10cm^3/sec
      Energy reference = 56858 1/cm
      Energy step      = 209 1/cm
      setting wells, barriers, and bimolecular starts
         REACS Well: density of states done, elapsed time[sec] = 0
         REACS Well: collisional energy transfer kernel done, elapsed time[sec] = 0.04
         REACS Well: relaxation modes basis done, elapsed time[sec] = 0.04
         REACS Well: kernel in relaxation modes basis done, elapsed time[sec] = 0.21
         REACS Well: relaxation eigenvalues done, elapsed time[sec] = 0.06
         REACS Well: minimal relaxation eigenvalue = 0.0289571
         REACS Well: maximal relaxation eigenvalue = 0.994974
         REACS Well:       grid size = 250
         REACS Well:      real depth = 0 1/cm
         REACS Well: effective depth = 4608 1/cm
         TS Barrier:        grid size = 150
         TS Barrier:      real height = 25581 1/cm
         TS Barrier: effective height = 25508 1/cm
      setting wells, barriers, and bimolecular done, cpu time[sec] = 0.35, elapsed time[sec] = 0
      Bound Species (D1/D2 - density of states at dissociation energy (DE)/reference energy):
       Name  Depth     DE      *D1      *D2
              1/cm   1/cm       cm       cm
      REACS   4609  25509 3.05e+18 1.89e+25
      Well-to-Bimolecular Barriers (N - number of states at the reference energy):
       Name Height       *N
              1/cm         
         TS  25509 2.36e+25
      Effective equilibrium constants(bimolecular units - cm^3):
        Q/Q     REACS     PRODS
      REACS         1  3.91e-13
      PRODS  2.56e+12         1
      Real equilibrium constants(bimolecular units - cm^3):
        Q/Q     REACS     PRODS
      REACS         1  3.75e-16
      PRODS  2.67e+15         1
   MasterEquation::set:  done, cpu time[sec] = 0.35, elapsed time[sec] = 0
   MasterEquation::direct_diagonalization_method:  starts
      Pressure = 0.1 atm	 Temperature = 1500 K
      collision frequency = 1.64839e+08 1/sec
      global relaxation matrix dimension = 250
      setting global matrices ... done, cpu time[sec] = 0.04, elapsed time[sec] = 0
      diagonalizing global relaxation matrix ... done, cpu time[sec] = 0.17, elapsed time[sec] = 0
      minimal relaxation eigenvalue / collision frequency = 0.0321754
      maximal relaxation eigenvalue / collision frequency = 228.01
      microscopic rate coefficients (at reference energy) over collision frequency:
       REACS->PRODS
            227.193
      eigenvector populations normalized:
          L        *R        *P     REACS
          0   0.00125   0.00046         1
         *R - eigenvalue over the relaxation limit
         *P - eigenvector projection squared on the relaxation subspace
      eigenvector projections:
          L        *Q        *P     REACS
          0  4.03e-05   0.00046         1
         *Z       ---       ---  4.99e+19
         *Q - eigenvalue over the collision frequency
         *P - eigenvector projection squared on the relaxation subspace
         *Z - well partition function square root
      isomers-to-bimolecular equilibrium coefficients (kappa matrix):
        W\P    PRODS
      REACS        0
      projection error = 0.00046
      Wa->Wb/Wb->Wa rate constants ratios:
      Wb\Wa     REACS
      REACS         1
      W->P/P->W rate constants ratios:
        P\W     REACS
      PRODS         1
   MasterEquation::direct_diagonalization_method:  done, cpu time[sec] = 0.23, elapsed time[sec] = 0
   MasterEquation::direct_diagonalization_method:  starts
      Pressure = 1 atm	 Temperature = 1500 K
      collision frequency = 1.64839e+09 1/sec
      global relaxation matrix dimension = 250
      setting global matrices ... done, cpu time[sec] = 0.04, elapsed time[sec] = 0
      diagonalizing global relaxation matrix ... done, cpu time[sec] = 0.17, elapsed time[sec] = 0
      minimal relaxation eigenvalue / collision frequency = 0.0304847
      maximal relaxation eigenvalue / collision frequency = 23.5578
      microscopic rate coefficients (at reference energy) over collision frequency:
       REACS->PRODS
            22.7193
      eigenvector populations normalized:
          L        *R        *P     REACS
          0  0.000356  8.61e-05         1
         *R - eigenvalue over the relaxation limit
         *P - eigenvector projection squared on the relaxation subspace
      eigenvector projections:
          L        *Q        *P     REACS
          0  1.09e-05  8.61e-05         1
         *Z       ---       ---  4.99e+19
         *Q - eigenvalue over the collision frequency
         *P - eigenvector projection squared on the relaxation subspace
         *Z - well partition function square root
      isomers-to-bimolecular equilibrium coefficients (kappa matrix):
        W\P    PRODS
      REACS        0
      projection error = 8.6e-05
      Wa->Wb/Wb->Wa rate constants ratios:
      Wb\Wa     REACS
      REACS         1
      W->P/P->W rate constants ratios:
        P\W     REACS
      PRODS         1
   MasterEquation::direct_diagonalization_method:  done, cpu time[sec] = 0.24, elapsed time[sec] = 0
   MasterEquation::direct_diagonalization_method:  starts
      Pressure = 10 atm	 Temperature = 1500 K
      collision frequency = 1.64839e+10 1/sec
      global relaxation matrix dimension = 250
      setting global matrices ... done, cpu time[sec] = 0.05, elapsed time[sec] = 0
      diagonalizing global relaxation matrix ... done, cpu time[sec] = 0.17, elapsed time[sec] = 0
      minimal relaxation eigenvalue / collision frequency = 0.0295171
      maximal relaxation eigenvalue / collision frequency = 3.19146
      microscopic rate coefficients (at reference energy) over collision frequency:
       REACS->PRODS
            2.27193
      eigenvector populations normalized:
          L        *R        *P     REACS
          0  7.15e-05  9.54e-06         1
         *R - eigenvalue over the relaxation limit
         *P - eigenvector projection squared on the relaxation subspace
      eigenvector projections:
          L        *Q        *P     REACS
          0  2.11e-06  9.54e-06        -1
         *Z       ---       ---  4.99e+19
         *Q - eigenvalue over the collision frequency
         *P - eigenvector projection squared on the relaxation subspace
         *Z - well partition function square root
      isomers-to-bimolecular equilibrium coefficients (kappa matrix):
        W\P    PRODS
      REACS        0
      projection error = 9.5e-06
      Wa->Wb/Wb->Wa rate constants ratios:
      Wb\Wa     REACS
      REACS         1
      W->P/P->W rate constants ratios:
        P\W     REACS
      PRODS         1
   MasterEquation::direct_diagonalization_method:  done, cpu time[sec] = 0.24, elapsed time[sec] = 0
   MasterEquation::direct_diagonalization_method:  starts
      Pressure = 1000 atm	 Temperature = 1500 K
      collision frequency = 1.64839e+12 1/sec
      global relaxation matrix dimension = 250
      setting global matrices ... done, cpu time[sec] = 0.05, elapsed time[sec] = 0
      diagonalizing global relaxation matrix ... done, cpu time[sec] = 0.17, elapsed time[sec] = 0
      minimal relaxation eigenvalue / collision frequency = 0.02898
      maximal relaxation eigenvalue / collision frequency = 1.00268
      microscopic rate coefficients (at reference energy) over collision frequency:
       REACS->PRODS
          0.0227193
      eigenvector populations normalized:
          L        *R        *P     REACS
          0  1.15e-06  1.19e-08         1
         *R - eigenvalue over the relaxation limit
         *P - eigenvector projection squared on the relaxation subspace
      eigenvector projections:
          L        *Q        *P     REACS
          0  3.34e-08  1.19e-08         1
         *Z       ---       ---  4.99e+19
         *Q - eigenvalue over the collision frequency
         *P - eigenvector projection squared on the relaxation subspace
         *Z - well partition function square root
      isomers-to-bimolecular equilibrium coefficients (kappa matrix):
        W\P    PRODS
      REACS        0
      projection error = 1.2e-08
      Wa->Wb/Wb->Wa rate constants ratios:
      Wb\Wa     REACS
      REACS         1
      W->P/P->W rate constants ratios:
        P\W     REACS
      PRODS         1
   MasterEquation::direct_diagonalization_method:  done, cpu time[sec] = 0.24, elapsed time[sec] = 0
   MasterEquation::set:  starts
      Temperature      = 1600 K
      Collision rate   = 3.44658e-10cm^3/sec
      Energy reference = 58943 1/cm
      Energy step      = 222 1/cm
      setting wells, barriers, and bimolecular starts
         REACS Well: density of states done, elapsed time[sec] = 0.01
         REACS Well: cannot satisfy the constant collision frequency at energy = 3887 1/cm, truncating the well
         REACS Well: cannot satisfy the constant collision frequency at energy = 4109 1/cm, truncating the well
         REACS Well: collisional energy transfer kernel done, elapsed time[sec] = 0.1
         REACS Well: relaxation modes basis done, elapsed time[sec] = 0.03
         REACS Well: kernel in relaxation modes basis done, elapsed time[sec] = 0.21
         REACS Well: relaxation eigenvalues done, elapsed time[sec] = 0.06
         REACS Well: minimal relaxation eigenvalue = 0.0280669
         REACS Well: maximal relaxation eigenvalue = 1.01272
         REACS Well:       grid size = 247
         REACS Well:      real depth = 0 1/cm
         REACS Well: effective depth = 4109 1/cm
         TS Barrier:        grid size = 151
         TS Barrier:      real height = 25581 1/cm
         TS Barrier: effective height = 25421 1/cm
      setting wells, barriers, and bimolecular done, cpu time[sec] = 0.41, elapsed time[sec] = 0
      Bound Species (D1/D2 - density of states at dissociation energy (DE)/reference energy):
       Name  Depth     DE      *D1      *D2
              1/cm   1/cm       cm       cm
      REACS   4110  25421 2.87e+18 4.13e+25
      Well-to-Bimolecular Barriers (N - number of states at the reference energy):
       Name Height       *N
              1/cm         
         TS  25421 8.58e+25
      Effective equilibrium constants(bimolecular units - cm^3):
        Q/Q     REACS     PRODS
      REACS         1  6.72e-14
      PRODS  1.49e+13         1
      Real equilibrium constants(bimolecular units - cm^3):
        Q/Q     REACS     PRODS
      REACS         1  6.82e-17
      PRODS  1.47e+16         1
   MasterEquation::set:  done, cpu time[sec] = 0.41, elapsed time[sec] = 0
   MasterEquation::direct_diagonalization_method:  starts
      Pressure = 0.1 atm	 Temperature = 1600 K
      collision frequency = 1.58074e+08 1/sec
      global relaxation matrix dimension = 247
      setting global matrices ... done, cpu time[sec] = 0.04, elapsed time[sec] = 0
      diagonalizing global relaxation matrix ... done, cpu time[sec] = 0.16, elapsed time[sec] = 0
      minimal relaxation eigenvalue / collision frequency = 0.0339064
      maximal relaxation eigenvalue / collision frequency = 394.24
      microscopic rate coefficients (at reference energy) over collision frequency:
       REACS->PRODS
            393.425
      eigenvector populations normalized:
          L        *R        *P     REACS
          0    0.0039   0.00189         1
         *R - eigenvalue over the relaxation limit
         *P - eigenvector projection squared on the relaxation subspace
      eigenvector projections:
          L        *Q        *P     REACS
          0  0.000132   0.00189     0.999
         *Z       ---       ---  3.74e+19
         *Q - eigenvalue over the collision frequency
         *P - eigenvector projection squared on the relaxation subspace
         *Z - well partition function square root
      isomers-to-bimolecular equilibrium coefficients (kappa matrix):
        W\P    PRODS
      REACS        0
      projection error = 0.0019
      Wa->Wb/Wb->Wa rate constants ratios:
      Wb\Wa     REACS
      REACS         1
      W->P/P->W rate constants ratios:
        P\W     REACS
      PRODS         1
   MasterEquation::direct_diagonalization_method:  done, cpu time[sec] = 0.23, elapsed time[sec] = 0
   MasterEquation::direct_diagonalization_method:  starts
      Pressure = 1 atm	 Temperature = 1600 K
      collision frequency = 1.58074e+09 1/sec
      global relaxation matrix dimension = 247
      setting global matrices ... done, cpu time[sec] = 0.05, elapsed time[sec] = 0
      diagonalizing global relaxation matrix ... done, cpu time[sec] = 0.16, elapsed time[sec] = 0
      minimal relaxation eigenvalue / collision frequency = 0.0311095
      maximal relaxation eigenvalue / collision frequency = 40.1711
      microscopic rate coefficients (at reference energy) over collision frequency:
       REACS->PRODS
            39.3425
      eigenvector populations normalized:
          L        *R        *P     REACS
          0   0.00133  0.000431         1
         *R - eigenvalue over the relaxation limit
         *P - eigenvector projection squared on the relaxation subspace
      eigenvector projections:
          L        *Q        *P     REACS
          0  4.13e-05  0.000431        -1
         *Z       ---       ---  3.74e+19
         *Q - eigenvalue over the collision frequency
         *P - eigenvector projection squared on the relaxation subspace
         *Z - well partition function square root
      isomers-to-bimolecular equilibrium coefficients (kappa matrix):
        W\P    PRODS
      REACS        0
      projection error = 0.00043
      Wa->Wb/Wb->Wa rate constants ratios:
      Wb\Wa     REACS
      REACS         1
      W->P/P->W rate constants ratios:
        P\W     REACS
      PRODS         1
   MasterEquation::direct_diagonalization_method:  done, cpu time[sec] = 0.23, elapsed time[sec] = 0
   MasterEquation::direct_diagonalization_method:  starts
      Pressure = 10 atm	 Temperature = 1600 K
      collision frequency = 1.58074e+10 1/sec
      global relaxation matrix dimension = 247
      setting global matrices ... done, cpu time[sec] = 0.05, elapsed time[sec] = 0
      diagonalizing global relaxation matrix ... done, cpu time[sec] = 0.16, elapsed time[sec] = 0
      minimal relaxation eigenvalue / collision frequency = 0.0293341
      maximal relaxation eigenvalue / collision frequency = 4.83292
      microscopic rate coefficients (at reference energy) over collision frequency:
       REACS->PRODS
            3.93425
      eigenvector populations normalized:
          L        *R        *P     REACS
          0  0.000318  5.99e-05         1
         *R - eigenvalue over the relaxation limit
         *P - eigenvector projection squared on the relaxation subspace
      eigenvector projections:
          L        *Q        *P     REACS
          0  9.31e-06  5.99e-05         1
         *Z       ---       ---  3.74e+19
         *Q - eigenvalue over the collision frequency
         *P - eigenvector projection squared on the relaxation subspace
         *Z - well partition function square root
      isomers-to-bimolecular equilibrium coefficients (kappa matrix):
        W\P    PRODS
      REACS        0
      projection error = 6e-05
      Wa->Wb/Wb->Wa rate constants ratios:
      Wb\Wa     REACS
      REACS         1
      W->P/P->W rate constants ratios:
        P\W     REACS
      PRODS         1
   MasterEquation::direct_diagonalization_method:  done, cpu time[sec] = 0.23, elapsed time[sec] = 0
   MasterEquation::direct_diagonalization_method:  starts
      Pressure = 1000 atm	 Temperature = 1600 K
      collision frequency = 1.58074e+12 1/sec
      global relaxation matrix dimension = 247
      setting global matrices ... done, cpu time[sec] = 0.05, elapsed time[sec] = 0
      diagonalizing global relaxation matrix ... done, cpu time[sec] = 0.17, elapsed time[sec] = 0
      minimal relaxation eigenvalue / collision frequency = 0.0281399
      maximal relaxation eigenvalue / collision frequency = 1.01785
      microscopic rate coefficients (at reference energy) over collision frequency:
       REACS->PRODS
          0.0393425
      eigenvector populations normalized:
          L        *R        *P     REACS
          0  6.38e-06   1.3e-07         1
         *R - eigenvalue over the relaxation limit
         *P - eigenvector projection squared on the relaxation subspace
      eigenvector projections:
          L        *Q        *P     REACS
          0  1.79e-07   1.3e-07         1
         *Z       ---       ---  3.74e+19
         *Q - eigenvalue over the collision frequency
         *P - eigenvector projection squared on the relaxation subspace
         *Z - well partition function square root
      isomers-to-bimolecular equilibrium coefficients (kappa matrix):
        W\P    PRODS
      REACS        0
      projection error = 1.3e-07
      Wa->Wb/Wb->Wa rate constants ratios:
      Wb\Wa     REACS
      REACS         1
      W->P/P->W rate constants ratios:
        P\W     REACS
      PRODS         1
   MasterEquation::direct_diagonalization_method:  done, cpu time[sec] = 0.23, elapsed time[sec] = 0
   MasterEquation::set:  starts
      Temperature      = 1700 K
      Collision rate   = 3.52069e-10cm^3/sec
      Energy reference = 61028 1/cm
      Energy step      = 236 1/cm
      setting wells, barriers, and bimolecular starts
         REACS Well: density of states done, elapsed time[sec] = 0
         REACS Well: cannot satisfy the constant collision frequency at energy = 4388 1/cm, truncating the well
         REACS Well: cannot satisfy the constant collision frequency at energy = 4624 1/cm, truncating the well
         REACS Well: collisional energy transfer kernel done, elapsed time[sec] = 0.1
         REACS Well: relaxation modes basis done, elapsed time[sec] = 0.04
         REACS Well: kernel in relaxation modes basis done, elapsed time[sec] = 0.18
         REACS Well: relaxation eigenvalues done, elapsed time[sec] = 0.06
         REACS Well: minimal relaxation eigenvalue = 0.0273111
         REACS Well: maximal relaxation eigenvalue = 1.01128
         REACS Well:       grid size = 239
         REACS Well:      real depth = 0 1/cm
         REACS Well: effective depth = 4623 1/cm
         TS Barrier:        grid size = 151
         TS Barrier:      real height = 25581 1/cm
         TS Barrier: effective height = 25391 1/cm
      setting wells, barriers, and bimolecular done, cpu time[sec] = 0.39, elapsed time[sec] = 0
      Bound Species (D1/D2 - density of states at dissociation energy (DE)/reference energy):
       Name  Depth     DE      *D1      *D2
              1/cm   1/cm       cm       cm
      REACS   4624  25392 2.82e+18 8.84e+25
      Well-to-Bimolecular Barriers (N - number of states at the reference energy):
       Name Height       *N
              1/cm         
         TS  25392 2.94e+26
      Effective equilibrium constants(bimolecular units - cm^3):
        Q/Q     REACS     PRODS
      REACS         1  1.42e-14
      PRODS  7.06e+13         1
      Real equilibrium constants(bimolecular units - cm^3):
        Q/Q     REACS     PRODS
      REACS         1  1.53e-17
      PRODS  6.54e+16         1
   MasterEquation::set:  done, cpu time[sec] = 0.39, elapsed time[sec] = 0
   MasterEquation::direct_diagonalization_method:  starts
      Pressure = 0.1 atm	 Temperature = 1700 K
      collision frequency = 1.51975e+08 1/sec
      global relaxation matrix dimension = 239
      setting global matrices ... done, cpu time[sec] = 0.04, elapsed time[sec] = 0
      diagonalizing global relaxation matrix ... done, cpu time[sec] = 0.15, elapsed time[sec] = 0
      minimal relaxation eigenvalue / collision frequency = 0.0369001
      maximal relaxation eigenvalue / collision frequency = 656.456
      microscopic rate coefficients (at reference energy) over collision frequency:
       REACS->PRODS
            655.642
      eigenvector populations normalized:
          L        *R        *P     REACS
          0   0.00947   0.00603         1
         *R - eigenvalue over the relaxation limit
         *P - eigenvector projection squared on the relaxation subspace
      eigenvector projections:
          L        *Q        *P     REACS
          0  0.000349   0.00603    -0.997
         *Z       ---       ---  3.02e+19
         *Q - eigenvalue over the collision frequency
         *P - eigenvector projection squared on the relaxation subspace
         *Z - well partition function square root
      isomers-to-bimolecular equilibrium coefficients (kappa matrix):
        W\P    PRODS
      REACS        0
      projection error = 0.006
      Wa->Wb/Wb->Wa rate constants ratios:
      Wb\Wa     REACS
      REACS         1
      W->P/P->W rate constants ratios:
        P\W     REACS
      PRODS         1
   MasterEquation::direct_diagonalization_method:  done, cpu time[sec] = 0.21, elapsed time[sec] = 0
   MasterEquation::direct_diagonalization_method:  starts
      Pressure = 1 atm	 Temperature = 1700 K
      collision frequency = 1.51975e+09 1/sec
      global relaxation matrix dimension = 239
      setting global matrices ... done, cpu time[sec] = 0.04, elapsed time[sec] = 0
      diagonalizing global relaxation matrix ... done, cpu time[sec] = 0.15, elapsed time[sec] = 0
      minimal relaxation eigenvalue / collision frequency = 0.0326848
      maximal relaxation eigenvalue / collision frequency = 66.3858
      microscopic rate coefficients (at reference energy) over collision frequency:
       REACS->PRODS
            65.5642
      eigenvector populations normalized:
          L        *R        *P     REACS
          0   0.00381   0.00165         1
         *R - eigenvalue over the relaxation limit
         *P - eigenvector projection squared on the relaxation subspace
      eigenvector projections:
          L        *Q        *P     REACS
          0  0.000125   0.00165    -0.999
         *Z       ---       ---  3.02e+19
         *Q - eigenvalue over the collision frequency
         *P - eigenvector projection squared on the relaxation subspace
         *Z - well partition function square root
      isomers-to-bimolecular equilibrium coefficients (kappa matrix):
        W\P    PRODS
      REACS        0
      projection error = 0.0017
      Wa->Wb/Wb->Wa rate constants ratios:
      Wb\Wa     REACS
      REACS         1
      W->P/P->W rate constants ratios:
        P\W     REACS
      PRODS         1
   MasterEquation::direct_diagonalization_method:  done, cpu time[sec] = 0.22, elapsed time[sec] = 0
   MasterEquation::direct_diagonalization_method:  starts
      Pressure = 10 atm	 Temperature = 1700 K
      collision frequency = 1.51975e+10 1/sec
      global relaxation matrix dimension = 239
      setting global matrices ... done, cpu time[sec] = 0.04, elapsed time[sec] = 0
      diagonalizing global relaxation matrix ... done, cpu time[sec] = 0.16, elapsed time[sec] = 0
      minimal relaxation eigenvalue / collision frequency = 0.0297904
      maximal relaxation eigenvalue / collision frequency = 7.43366
      microscopic rate coefficients (at reference energy) over collision frequency:
       REACS->PRODS
            6.55642
      eigenvector populations normalized:
          L        *R        *P     REACS
          0   0.00109  0.000284         1
         *R - eigenvalue over the relaxation limit
         *P - eigenvector projection squared on the relaxation subspace
      eigenvector projections:
          L        *Q        *P     REACS
          0  3.26e-05  0.000284         1
         *Z       ---       ---  3.02e+19
         *Q - eigenvalue over the collision frequency
         *P - eigenvector projection squared on the relaxation subspace
         *Z - well partition function square root
      isomers-to-bimolecular equilibrium coefficients (kappa matrix):
        W\P    PRODS
      REACS        0
      projection error = 0.00028
      Wa->Wb/Wb->Wa rate constants ratios:
      Wb\Wa     REACS
      REACS         1
      W->P/P->W rate constants ratios:
        P\W     REACS
      PRODS         1
   MasterEquation::direct_diagonalization_method:  done, cpu time[sec] = 0.21, elapsed time[sec] = 0
   MasterEquation::direct_diagonalization_method:  starts
      Pressure = 1000 atm	 Temperature = 1700 K
      collision frequency = 1.51975e+12 1/sec
      global relaxation matrix dimension = 239
      setting global matrices ... done, cpu time[sec] = 0.05, elapsed time[sec] = 0
      diagonalizing global relaxation matrix ... done, cpu time[sec] = 0.16, elapsed time[sec] = 0
      minimal relaxation eigenvalue / collision frequency = 0.0275071
      maximal relaxation eigenvalue / collision frequency = 1.04202
      microscopic rate coefficients (at reference energy) over collision frequency:
       REACS->PRODS
          0.0655642
      eigenvector populations normalized:
          L        *R        *P     REACS
          0  2.85e-05  1.05e-06         1
         *R - eigenvalue over the relaxation limit
         *P - eigenvector projection squared on the relaxation subspace
      eigenvector projections:
          L        *Q        *P     REACS
          0  7.85e-07  1.05e-06         1
         *Z       ---       ---  3.02e+19
         *Q - eigenvalue over the collision frequency
         *P - eigenvector projection squared on the relaxation subspace
         *Z - well partition function square root
      isomers-to-bimolecular equilibrium coefficients (kappa matrix):
        W\P    PRODS
      REACS        0
      projection error = 1.1e-06
      Wa->Wb/Wb->Wa rate constants ratios:
      Wb\Wa     REACS
      REACS         1
      W->P/P->W rate constants ratios:
        P\W     REACS
      PRODS         1
   MasterEquation::direct_diagonalization_method:  done, cpu time[sec] = 0.22, elapsed time[sec] = 0
   MasterEquation::set:  starts
      Temperature      = 1800 K
      Collision rate   = 3.59205e-10cm^3/sec
      Energy reference = 63114 1/cm
      Energy step      = 250 1/cm
      setting wells, barriers, and bimolecular starts
         REACS Well: density of states done, elapsed time[sec] = 0
         REACS Well: cannot satisfy the constant collision frequency at energy = 4864 1/cm, truncating the well
         REACS Well: cannot satisfy the constant collision frequency at energy = 5114 1/cm, truncating the well
         REACS Well: collisional energy transfer kernel done, elapsed time[sec] = 0.1
         REACS Well: relaxation modes basis done, elapsed time[sec] = 0.03
         REACS Well: kernel in relaxation modes basis done, elapsed time[sec] = 0.17
         REACS Well: relaxation eigenvalues done, elapsed time[sec] = 0.05
         REACS Well: minimal relaxation eigenvalue = 0.0266352
         REACS Well: maximal relaxation eigenvalue = 1.01205
         REACS Well:       grid size = 232
         REACS Well:      real depth = 0 1/cm
         REACS Well: effective depth = 5114 1/cm
         TS Barrier:        grid size = 151
         TS Barrier:      real height = 25581 1/cm
         TS Barrier: effective height = 25364 1/cm
      setting wells, barriers, and bimolecular done, cpu time[sec] = 0.37, elapsed time[sec] = 0
      Bound Species (D1/D2 - density of states at dissociation energy (DE)/reference energy):
       Name  Depth     DE      *D1      *D2
              1/cm   1/cm       cm       cm
      REACS   5114  25364 2.77e+18 1.85e+26
      Well-to-Bimolecular Barriers (N - number of states at the reference energy):
       Name Height       *N
              1/cm         
         TS  25364 9.56e+26
      Effective equilibrium constants(bimolecular units - cm^3):
        Q/Q     REACS     PRODS
      REACS         1  3.57e-15
      PRODS   2.8e+14         1
      Real equilibrium constants(bimolecular units - cm^3):
        Q/Q     REACS     PRODS
      REACS         1  4.08e-18
      PRODS  2.45e+17         1
   MasterEquation::set:  done, cpu time[sec] = 0.37, elapsed time[sec] = 0
   MasterEquation::direct_diagonalization_method:  starts
      Pressure = 0.1 atm	 Temperature = 1800 K
      collision frequency = 1.46441e+08 1/sec
      global relaxation matrix dimension = 232
      setting global matrices ... done, cpu time[sec] = 0.04, elapsed time[sec] = 0
      diagonalizing global relaxation matrix ... done, cpu time[sec] = 0.14, elapsed time[sec] = 0
      minimal relaxation eigenvalue / collision frequency = 0.0411746
      maximal relaxation eigenvalue / collision frequency = 1057.1
      microscopic rate coefficients (at reference energy) over collision frequency:
       REACS->PRODS
            1056.28
      eigenvector populations normalized:
          L        *R        *P     REACS
          0    0.0189    0.0155         1
         *R - eigenvalue over the relaxation limit
         *P - eigenvector projection squared on the relaxation subspace
      eigenvector projections:
          L        *Q        *P     REACS
          0  0.000778    0.0155    -0.992
         *Z       ---       ---   2.6e+19
         *Q - eigenvalue over the collision frequency
         *P - eigenvector projection squared on the relaxation subspace
         *Z - well partition function square root
      isomers-to-bimolecular equilibrium coefficients (kappa matrix):
        W\P    PRODS
      REACS        0
      projection error = 0.016
      Wa->Wb/Wb->Wa rate constants ratios:
      Wb\Wa     REACS
      REACS         1
      W->P/P->W rate constants ratios:
        P\W     REACS
      PRODS         1
   MasterEquation::direct_diagonalization_method:  done, cpu time[sec] = 0.2, elapsed time[sec] = 0
   MasterEquation::direct_diagonalization_method:  starts
      Pressure = 1 atm	 Temperature = 1800 K
      collision frequency = 1.46441e+09 1/sec
      global relaxation matrix dimension = 232
      setting global matrices ... done, cpu time[sec] = 0.04, elapsed time[sec] = 0
      diagonalizing global relaxation matrix ... done, cpu time[sec] = 0.14, elapsed time[sec] = 0
      minimal relaxation eigenvalue / collision frequency = 0.0352603
      maximal relaxation eigenvalue / collision frequency = 106.445
      microscopic rate coefficients (at reference energy) over collision frequency:
       REACS->PRODS
            105.628
      eigenvector populations normalized:
          L        *R        *P     REACS
          0   0.00884   0.00504         1
         *R - eigenvalue over the relaxation limit
         *P - eigenvector projection squared on the relaxation subspace
      eigenvector projections:
          L        *Q        *P     REACS
          0  0.000312   0.00504     0.997
         *Z       ---       ---   2.6e+19
         *Q - eigenvalue over the collision frequency
         *P - eigenvector projection squared on the relaxation subspace
         *Z - well partition function square root
      isomers-to-bimolecular equilibrium coefficients (kappa matrix):
        W\P    PRODS
      REACS        0
      projection error = 0.005
      Wa->Wb/Wb->Wa rate constants ratios:
      Wb\Wa     REACS
      REACS         1
      W->P/P->W rate constants ratios:
        P\W     REACS
      PRODS         1
   MasterEquation::direct_diagonalization_method:  done, cpu time[sec] = 0.2, elapsed time[sec] = 0
   MasterEquation::direct_diagonalization_method:  starts
      Pressure = 10 atm	 Temperature = 1800 K
      collision frequency = 1.46441e+10 1/sec
      global relaxation matrix dimension = 232
      setting global matrices ... done, cpu time[sec] = 0.04, elapsed time[sec] = 0
      diagonalizing global relaxation matrix ... done, cpu time[sec] = 0.14, elapsed time[sec] = 0
      minimal relaxation eigenvalue / collision frequency = 0.0309518
      maximal relaxation eigenvalue / collision frequency = 11.4213
      microscopic rate coefficients (at reference energy) over collision frequency:
       REACS->PRODS
            10.5628
      eigenvector populations normalized:
          L        *R        *P     REACS
          0   0.00302   0.00106         1
         *R - eigenvalue over the relaxation limit
         *P - eigenvector projection squared on the relaxation subspace
      eigenvector projections:
          L        *Q        *P     REACS
          0  9.35e-05   0.00106     0.999
         *Z       ---       ---   2.6e+19
         *Q - eigenvalue over the collision frequency
         *P - eigenvector projection squared on the relaxation subspace
         *Z - well partition function square root
      isomers-to-bimolecular equilibrium coefficients (kappa matrix):
        W\P    PRODS
      REACS        0
      projection error = 0.0011
      Wa->Wb/Wb->Wa rate constants ratios:
      Wb\Wa     REACS
      REACS         1
      W->P/P->W rate constants ratios:
        P\W     REACS
      PRODS         1
   MasterEquation::direct_diagonalization_method:  done, cpu time[sec] = 0.2, elapsed time[sec] = 0
   MasterEquation::direct_diagonalization_method:  starts
      Pressure = 1000 atm	 Temperature = 1800 K
      collision frequency = 1.46441e+12 1/sec
      global relaxation matrix dimension = 232
      setting global matrices ... done, cpu time[sec] = 0.04, elapsed time[sec] = 0
      diagonalizing global relaxation matrix ... done, cpu time[sec] = 0.14, elapsed time[sec] = 0
      minimal relaxation eigenvalue / collision frequency = 0.0270833
      maximal relaxation eigenvalue / collision frequency = 1.07952
      microscopic rate coefficients (at reference energy) over collision frequency:
       REACS->PRODS
           0.105628
      eigenvector populations normalized:
          L        *R        *P     REACS
          0  0.000106   6.5e-06         1
         *R - eigenvalue over the relaxation limit
         *P - eigenvector projection squared on the relaxation subspace
      eigenvector projections:
          L        *Q        *P     REACS
          0  2.87e-06   6.5e-06         1
         *Z       ---       ---   2.6e+19
         *Q - eigenvalue over the collision frequency
         *P - eigenvector projection squared on the relaxation subspace
         *Z - well partition function square root
      isomers-to-bimolecular equilibrium coefficients (kappa matrix):
        W\P    PRODS
      REACS        0
      projection error = 6.5e-06
      Wa->Wb/Wb->Wa rate constants ratios:
      Wb\Wa     REACS
      REACS         1
      W->P/P->W rate constants ratios:
        P\W     REACS
      PRODS         1
   MasterEquation::direct_diagonalization_method:  done, cpu time[sec] = 0.21, elapsed time[sec] = 0
   MasterEquation::set:  starts
      Temperature      = 1900 K
      Collision rate   = 3.6609e-10cm^3/sec
      Energy reference = 65199 1/cm
      Energy step      = 264 1/cm
      setting wells, barriers, and bimolecular starts
         REACS Well: density of states done, elapsed time[sec] = 0
         REACS Well: cannot satisfy the constant collision frequency at energy = 5271 1/cm, truncating the well
         REACS Well: cannot satisfy the constant collision frequency at energy = 5535 1/cm, truncating the well
         REACS Well: collisional energy transfer kernel done, elapsed time[sec] = 0.08
         REACS Well: relaxation modes basis done, elapsed time[sec] = 0.03
         REACS Well: kernel in relaxation modes basis done, elapsed time[sec] = 0.17
         REACS Well: relaxation eigenvalues done, elapsed time[sec] = 0.04
         REACS Well: minimal relaxation eigenvalue = 0.0260385
         REACS Well: maximal relaxation eigenvalue = 1.01733
         REACS Well:       grid size = 226
         REACS Well:      real depth = 0 1/cm
         REACS Well: effective depth = 5534 1/cm
         TS Barrier:        grid size = 151
         TS Barrier:      real height = 25581 1/cm
         TS Barrier: effective height = 25334 1/cm
      setting wells, barriers, and bimolecular done, cpu time[sec] = 0.34, elapsed time[sec] = 0
      Bound Species (D1/D2 - density of states at dissociation energy (DE)/reference energy):
       Name  Depth     DE      *D1      *D2
              1/cm   1/cm       cm       cm
      REACS   5535  25335 2.71e+18 3.81e+26
      Well-to-Bimolecular Barriers (N - number of states at the reference energy):
       Name Height       *N
              1/cm         
         TS  25335 2.96e+27
      Effective equilibrium constants(bimolecular units - cm^3):
        Q/Q     REACS     PRODS
      REACS         1  1.04e-15
      PRODS  9.58e+14         1
      Real equilibrium constants(bimolecular units - cm^3):
        Q/Q     REACS     PRODS
      REACS         1  1.26e-18
      PRODS  7.94e+17         1
   MasterEquation::set:  done, cpu time[sec] = 0.34, elapsed time[sec] = 0
   MasterEquation::direct_diagonalization_method:  starts
      Pressure = 0.1 atm	 Temperature = 1900 K
      collision frequency = 1.41392e+08 1/sec
      global relaxation matrix dimension = 226
      setting global matrices ... done, cpu time[sec] = 0.04, elapsed time[sec] = 0
      diagonalizing global relaxation matrix ... done, cpu time[sec] = 0.14, elapsed time[sec] = 0
      minimal relaxation eigenvalue / collision frequency = 0.0467973
      maximal relaxation eigenvalue / collision frequency = 1651.3
      microscopic rate coefficients (at reference energy) over collision frequency:
       REACS->PRODS
            1650.49
      eigenvector populations normalized:
          L        *R        *P     REACS
          0    0.0323    0.0335         1
         *R - eigenvalue over the relaxation limit
         *P - eigenvector projection squared on the relaxation subspace
      eigenvector projections:
          L        *Q        *P     REACS
          0   0.00151    0.0335     0.983
         *Z       ---       ---  2.36e+19
         *Q - eigenvalue over the collision frequency
         *P - eigenvector projection squared on the relaxation subspace
         *Z - well partition function square root
      isomers-to-bimolecular equilibrium coefficients (kappa matrix):
        W\P    PRODS
      REACS        0
      projection error = 0.033
      Wa->Wb/Wb->Wa rate constants ratios:
      Wb\Wa     REACS
      REACS         1
      W->P/P->W rate constants ratios:
        P\W     REACS
      PRODS         1
   MasterEquation::direct_diagonalization_method:  done, cpu time[sec] = 0.2, elapsed time[sec] = 0
   MasterEquation::direct_diagonalization_method:  starts
      Pressure = 1 atm	 Temperature = 1900 K
      collision frequency = 1.41392e+09 1/sec
      global relaxation matrix dimension = 226
      setting global matrices ... done, cpu time[sec] = 0.03, elapsed time[sec] = 0
      diagonalizing global relaxation matrix ... done, cpu time[sec] = 0.13, elapsed time[sec] = 0
      minimal relaxation eigenvalue / collision frequency = 0.0389164
      maximal relaxation eigenvalue / collision frequency = 165.862
      microscopic rate coefficients (at reference energy) over collision frequency:
       REACS->PRODS
            165.049
      eigenvector populations normalized:
          L        *R        *P     REACS
          0    0.0172    0.0126         1
         *R - eigenvalue over the relaxation limit
         *P - eigenvector projection squared on the relaxation subspace
      eigenvector projections:
          L        *Q        *P     REACS
          0   0.00067    0.0126     0.994
         *Z       ---       ---  2.36e+19
         *Q - eigenvalue over the collision frequency
         *P - eigenvector projection squared on the relaxation subspace
         *Z - well partition function square root
      isomers-to-bimolecular equilibrium coefficients (kappa matrix):
        W\P    PRODS
      REACS        0
      projection error = 0.013
      Wa->Wb/Wb->Wa rate constants ratios:
      Wb\Wa     REACS
      REACS         1
      W->P/P->W rate constants ratios:
        P\W     REACS
      PRODS         1
   MasterEquation::direct_diagonalization_method:  done, cpu time[sec] = 0.18, elapsed time[sec] = 0
   MasterEquation::direct_diagonalization_method:  starts
      Pressure = 10 atm	 Temperature = 1900 K
      collision frequency = 1.41392e+10 1/sec
      global relaxation matrix dimension = 226
      setting global matrices ... done, cpu time[sec] = 0.05, elapsed time[sec] = 0
      diagonalizing global relaxation matrix ... done, cpu time[sec] = 0.13, elapsed time[sec] = 0
      minimal relaxation eigenvalue / collision frequency = 0.0329149
      maximal relaxation eigenvalue / collision frequency = 17.3483
      microscopic rate coefficients (at reference energy) over collision frequency:
       REACS->PRODS
            16.5049
      eigenvector populations normalized:
          L        *R        *P     REACS
          0    0.0069    0.0032         1
         *R - eigenvalue over the relaxation limit
         *P - eigenvector projection squared on the relaxation subspace
      eigenvector projections:
          L        *Q        *P     REACS
          0  0.000227    0.0032    -0.998
         *Z       ---       ---  2.36e+19
         *Q - eigenvalue over the collision frequency
         *P - eigenvector projection squared on the relaxation subspace
         *Z - well partition function square root
      isomers-to-bimolecular equilibrium coefficients (kappa matrix):
        W\P    PRODS
      REACS        0
      projection error = 0.0032
      Wa->Wb/Wb->Wa rate constants ratios:
      Wb\Wa     REACS
      REACS         1
      W->P/P->W rate constants ratios:
        P\W     REACS
      PRODS         1
   MasterEquation::direct_diagonalization_method:  done, cpu time[sec] = 0.2, elapsed time[sec] = 0
   MasterEquation::direct_diagonalization_method:  starts
      Pressure = 1000 atm	 Temperature = 1900 K
      collision frequency = 1.41392e+12 1/sec
      global relaxation matrix dimension = 226
      setting global matrices ... done, cpu time[sec] = 0.04, elapsed time[sec] = 0
      diagonalizing global relaxation matrix ... done, cpu time[sec] = 0.14, elapsed time[sec] = 0
      minimal relaxation eigenvalue / collision frequency = 0.0269353
      maximal relaxation eigenvalue / collision frequency = 1.13579
      microscopic rate coefficients (at reference energy) over collision frequency:
       REACS->PRODS
           0.165049
      eigenvector populations normalized:
          L        *R        *P     REACS
          0  0.000332  3.16e-05         1
         *R - eigenvalue over the relaxation limit
         *P - eigenvector projection squared on the relaxation subspace
      eigenvector projections:
          L        *Q        *P     REACS
          0  8.96e-06  3.16e-05         1
         *Z       ---       ---  2.36e+19
         *Q - eigenvalue over the collision frequency
         *P - eigenvector projection squared on the relaxation subspace
         *Z - well partition function square root
      isomers-to-bimolecular equilibrium coefficients (kappa matrix):
        W\P    PRODS
      REACS        0
      projection error = 3.2e-05
      Wa->Wb/Wb->Wa rate constants ratios:
      Wb\Wa     REACS
      REACS         1
      W->P/P->W rate constants ratios:
        P\W     REACS
      PRODS         1
   MasterEquation::direct_diagonalization_method:  done, cpu time[sec] = 0.19, elapsed time[sec] = 0
   MasterEquation::set:  starts
      Temperature      = 2000 K
      Collision rate   = 3.72744e-10cm^3/sec
      Energy reference = 67284 1/cm
      Energy step      = 278 1/cm
      setting wells, barriers, and bimolecular starts
         REACS Well: density of states done, elapsed time[sec] = 0
         REACS Well: cannot satisfy the constant collision frequency at energy = 5846 1/cm, truncating the well
         REACS Well: cannot satisfy the constant collision frequency at energy = 6124 1/cm, truncating the well
         REACS Well: collisional energy transfer kernel done, elapsed time[sec] = 0.09
         REACS Well: relaxation modes basis done, elapsed time[sec] = 0.02
         REACS Well: kernel in relaxation modes basis done, elapsed time[sec] = 0.14
         REACS Well: relaxation eigenvalues done, elapsed time[sec] = 0.06
         REACS Well: minimal relaxation eigenvalue = 0.0255021
         REACS Well: maximal relaxation eigenvalue = 1.01411
         REACS Well:       grid size = 220
         REACS Well:      real depth = 0 1/cm
         REACS Well: effective depth = 6123 1/cm
         TS Barrier:        grid size = 151
         TS Barrier:      real height = 25581 1/cm
         TS Barrier: effective height = 25306 1/cm
      setting wells, barriers, and bimolecular done, cpu time[sec] = 0.33, elapsed time[sec] = 0
      Bound Species (D1/D2 - density of states at dissociation energy (DE)/reference energy):
       Name  Depth     DE      *D1      *D2
              1/cm   1/cm       cm       cm
      REACS   6124  25306 2.66e+18 7.69e+26
      Well-to-Bimolecular Barriers (N - number of states at the reference energy):
       Name Height       *N
              1/cm         
         TS  25306  8.8e+27
      Effective equilibrium constants(bimolecular units - cm^3):
        Q/Q     REACS     PRODS
      REACS         1  3.46e-16
      PRODS  2.89e+15         1
      Real equilibrium constants(bimolecular units - cm^3):
        Q/Q     REACS     PRODS
      REACS         1   4.4e-19
      PRODS  2.27e+18         1
   MasterEquation::set:  done, cpu time[sec] = 0.33, elapsed time[sec] = 0
   MasterEquation::direct_diagonalization_method:  starts
      Pressure = 0.1 atm	 Temperature = 2000 K
      collision frequency = 1.36764e+08 1/sec
      global relaxation matrix dimension = 220
      setting global matrices ... done, cpu time[sec] = 0.04, elapsed time[sec] = 0
      diagonalizing global relaxation matrix ... done, cpu time[sec] = 0.13, elapsed time[sec] = 0
      minimal relaxation eigenvalue / collision frequency = 0.0537927
      maximal relaxation eigenvalue / collision frequency = 2510.45
      microscopic rate coefficients (at reference energy) over collision frequency:
       REACS->PRODS
            2509.65
      eigenvector populations normalized:
          L        *R        *P     REACS
          0    0.0492    0.0625         1
         *R - eigenvalue over the relaxation limit
         *P - eigenvector projection squared on the relaxation subspace
      eigenvector projections:
          L        *Q        *P     REACS
          0   0.00265    0.0625     0.968
         *Z       ---       ---  2.23e+19
         *Q - eigenvalue over the collision frequency
         *P - eigenvector projection squared on the relaxation subspace
         *Z - well partition function square root
      isomers-to-bimolecular equilibrium coefficients (kappa matrix):
        W\P    PRODS
      REACS    0.062
      projection error = 0.062
      Wa->Wb/Wb->Wa rate constants ratios:
      Wb\Wa     REACS
      REACS         1
      W->P/P->W rate constants ratios:
        P\W     REACS
      PRODS       1.1
   MasterEquation::direct_diagonalization_method:  done, cpu time[sec] = 0.18, elapsed time[sec] = 0
   MasterEquation::direct_diagonalization_method:  starts
      Pressure = 1 atm	 Temperature = 2000 K
      collision frequency = 1.36764e+09 1/sec
      global relaxation matrix dimension = 220
      setting global matrices ... done, cpu time[sec] = 0.05, elapsed time[sec] = 0
      diagonalizing global relaxation matrix ... done, cpu time[sec] = 0.12, elapsed time[sec] = 0
      minimal relaxation eigenvalue / collision frequency = 0.0436836
      maximal relaxation eigenvalue / collision frequency = 251.775
      microscopic rate coefficients (at reference energy) over collision frequency:
       REACS->PRODS
            250.965
      eigenvector populations normalized:
          L        *R        *P     REACS
          0    0.0291    0.0269         1
         *R - eigenvalue over the relaxation limit
         *P - eigenvector projection squared on the relaxation subspace
      eigenvector projections:
          L        *Q        *P     REACS
          0   0.00127    0.0269    -0.986
         *Z       ---       ---  2.23e+19
         *Q - eigenvalue over the collision frequency
         *P - eigenvector projection squared on the relaxation subspace
         *Z - well partition function square root
      isomers-to-bimolecular equilibrium coefficients (kappa matrix):
        W\P    PRODS
      REACS        0
      projection error = 0.027
      Wa->Wb/Wb->Wa rate constants ratios:
      Wb\Wa     REACS
      REACS         1
      W->P/P->W rate constants ratios:
        P\W     REACS
      PRODS         1
   MasterEquation::direct_diagonalization_method:  done, cpu time[sec] = 0.19, elapsed time[sec] = 0
   MasterEquation::direct_diagonalization_method:  starts
      Pressure = 10 atm	 Temperature = 2000 K
      collision frequency = 1.36764e+10 1/sec
      global relaxation matrix dimension = 220
      setting global matrices ... done, cpu time[sec] = 0.04, elapsed time[sec] = 0
      diagonalizing global relaxation matrix ... done, cpu time[sec] = 0.13, elapsed time[sec] = 0
      minimal relaxation eigenvalue / collision frequency = 0.0357263
      maximal relaxation eigenvalue / collision frequency = 25.9287
      microscopic rate coefficients (at reference energy) over collision frequency:
       REACS->PRODS
            25.0965
      eigenvector populations normalized:
          L        *R        *P     REACS
          0    0.0135   0.00809         1
         *R - eigenvalue over the relaxation limit
         *P - eigenvector projection squared on the relaxation subspace
      eigenvector projections:
          L        *Q        *P     REACS
          0  0.000481   0.00809    -0.996
         *Z       ---       ---  2.23e+19
         *Q - eigenvalue over the collision frequency
         *P - eigenvector projection squared on the relaxation subspace
         *Z - well partition function square root
      isomers-to-bimolecular equilibrium coefficients (kappa matrix):
        W\P    PRODS
      REACS        0
      projection error = 0.0081
      Wa->Wb/Wb->Wa rate constants ratios:
      Wb\Wa     REACS
      REACS         1
      W->P/P->W rate constants ratios:
        P\W     REACS
      PRODS         1
   MasterEquation::direct_diagonalization_method:  done, cpu time[sec] = 0.19, elapsed time[sec] = 0
   MasterEquation::direct_diagonalization_method:  starts
      Pressure = 1000 atm	 Temperature = 2000 K
      collision frequency = 1.36764e+12 1/sec
      global relaxation matrix dimension = 220
      setting global matrices ... done, cpu time[sec] = 0.04, elapsed time[sec] = 0
      diagonalizing global relaxation matrix ... done, cpu time[sec] = 0.13, elapsed time[sec] = 0
      minimal relaxation eigenvalue / collision frequency = 0.0271127
      maximal relaxation eigenvalue / collision frequency = 1.21789
      microscopic rate coefficients (at reference energy) over collision frequency:
       REACS->PRODS
           0.250965
      eigenvector populations normalized:
          L        *R        *P     REACS
          0  0.000896  0.000125         1
         *R - eigenvalue over the relaxation limit
         *P - eigenvector projection squared on the relaxation subspace
      eigenvector projections:
          L        *Q        *P     REACS
          0  2.43e-05  0.000125         1
         *Z       ---       ---  2.23e+19
         *Q - eigenvalue over the collision frequency
         *P - eigenvector projection squared on the relaxation subspace
         *Z - well partition function square root
      isomers-to-bimolecular equilibrium coefficients (kappa matrix):
        W\P    PRODS
      REACS        0
      projection error = 0.00012
      Wa->Wb/Wb->Wa rate constants ratios:
      Wb\Wa     REACS
      REACS         1
      W->P/P->W rate constants ratios:
        P\W     REACS
      PRODS         1
   MasterEquation::direct_diagonalization_method:  done, cpu time[sec] = 0.19, elapsed time[sec] = 0
   MasterEquation::set:  starts
      Temperature      = 2100 K
      Collision rate   = 3.79187e-10cm^3/sec
      Energy reference = 69369 1/cm
      Energy step      = 292 1/cm
      setting wells, barriers, and bimolecular starts
         REACS Well: density of states done, elapsed time[sec] = 0
         REACS Well: cannot satisfy the constant collision frequency at energy = 6297 1/cm, truncating the well
         REACS Well: cannot satisfy the constant collision frequency at energy = 6589 1/cm, truncating the well
         REACS Well: cannot satisfy the constant collision frequency at energy = 6881 1/cm, truncating the well
         REACS Well: collisional energy transfer kernel done, elapsed time[sec] = 0.11
         REACS Well: relaxation modes basis done, elapsed time[sec] = 0.03
         REACS Well: kernel in relaxation modes basis done, elapsed time[sec] = 0.14
         REACS Well: relaxation eigenvalues done, elapsed time[sec] = 0.05
         REACS Well: minimal relaxation eigenvalue = 0.0250303
         REACS Well: maximal relaxation eigenvalue = 1.00593
         REACS Well:       grid size = 214
         REACS Well:      real depth = 0 1/cm
         REACS Well: effective depth = 6881 1/cm
         TS Barrier:        grid size = 150
         TS Barrier:      real height = 25581 1/cm
         TS Barrier: effective height = 25569 1/cm
      setting wells, barriers, and bimolecular done, cpu time[sec] = 0.33, elapsed time[sec] = 0
      Bound Species (D1/D2 - density of states at dissociation energy (DE)/reference energy):
       Name  Depth     DE      *D1      *D2
              1/cm   1/cm       cm       cm
      REACS   6882  25570 3.18e+18 1.53e+27
      Well-to-Bimolecular Barriers (N - number of states at the reference energy):
       Name Height       *N
              1/cm         
         TS  25570 2.51e+28
      Effective equilibrium constants(bimolecular units - cm^3):
        Q/Q     REACS     PRODS
      REACS         1  1.28e-16
      PRODS  7.81e+15         1
      Real equilibrium constants(bimolecular units - cm^3):
        Q/Q     REACS     PRODS
      REACS         1  1.71e-19
      PRODS  5.85e+18         1
   MasterEquation::set:  done, cpu time[sec] = 0.33, elapsed time[sec] = 0
   MasterEquation::direct_diagonalization_method:  starts
      Pressure = 0.1 atm	 Temperature = 2100 K
      collision frequency = 1.32503e+08 1/sec
      global relaxation matrix dimension = 214
      setting global matrices ... done, cpu time[sec] = 0.03, elapsed time[sec] = 0
      diagonalizing global relaxation matrix ... done, cpu time[sec] = 0.14, elapsed time[sec] = 0
      minimal relaxation eigenvalue / collision frequency = 0.0622257
      maximal relaxation eigenvalue / collision frequency = 3724.27
      microscopic rate coefficients (at reference energy) over collision frequency:
       REACS->PRODS
            3723.46
      eigenvector populations normalized:
          L        *R        *P     REACS
          0    0.0686     0.104         1
         *R - eigenvalue over the relaxation limit
         *P - eigenvector projection squared on the relaxation subspace
      eigenvector projections:
          L        *Q        *P     REACS
          0   0.00427     0.104     0.947
         *Z       ---       ---  2.19e+19
         *Q - eigenvalue over the collision frequency
         *P - eigenvector projection squared on the relaxation subspace
         *Z - well partition function square root
      isomers-to-bimolecular equilibrium coefficients (kappa matrix):
        W\P    PRODS
      REACS      0.1
      projection error = 0.1
      Wa->Wb/Wb->Wa rate constants ratios:
      Wb\Wa     REACS
      REACS         1
      W->P/P->W rate constants ratios:
        P\W     REACS
      PRODS       1.1
   MasterEquation::direct_diagonalization_method:  done, cpu time[sec] = 0.18, elapsed time[sec] = 0
   MasterEquation::direct_diagonalization_method:  starts
      Pressure = 1 atm	 Temperature = 2100 K
      collision frequency = 1.32503e+09 1/sec
      global relaxation matrix dimension = 214
      setting global matrices ... done, cpu time[sec] = 0.04, elapsed time[sec] = 0
      diagonalizing global relaxation matrix ... done, cpu time[sec] = 0.12, elapsed time[sec] = 0
      minimal relaxation eigenvalue / collision frequency = 0.0496156
      maximal relaxation eigenvalue / collision frequency = 373.154
      microscopic rate coefficients (at reference energy) over collision frequency:
       REACS->PRODS
            372.346
      eigenvector populations normalized:
          L        *R        *P     REACS
          0    0.0443    0.0502         1
         *R - eigenvalue over the relaxation limit
         *P - eigenvector projection squared on the relaxation subspace
      eigenvector projections:
          L        *Q        *P     REACS
          0    0.0022    0.0502     0.975
         *Z       ---       ---  2.19e+19
         *Q - eigenvalue over the collision frequency
         *P - eigenvector projection squared on the relaxation subspace
         *Z - well partition function square root
      isomers-to-bimolecular equilibrium coefficients (kappa matrix):
        W\P    PRODS
      REACS     0.05
      projection error = 0.05
      Wa->Wb/Wb->Wa rate constants ratios:
      Wb\Wa     REACS
      REACS         1
      W->P/P->W rate constants ratios:
        P\W     REACS
      PRODS       1.1
   MasterEquation::direct_diagonalization_method:  done, cpu time[sec] = 0.17, elapsed time[sec] = 0
   MasterEquation::direct_diagonalization_method:  starts
      Pressure = 10 atm	 Temperature = 2100 K
      collision frequency = 1.32503e+10 1/sec
      global relaxation matrix dimension = 214
      setting global matrices ... done, cpu time[sec] = 0.03, elapsed time[sec] = 0
      diagonalizing global relaxation matrix ... done, cpu time[sec] = 0.12, elapsed time[sec] = 0
      minimal relaxation eigenvalue / collision frequency = 0.0394414
      maximal relaxation eigenvalue / collision frequency = 38.0585
      microscopic rate coefficients (at reference energy) over collision frequency:
       REACS->PRODS
            37.2346
      eigenvector populations normalized:
          L        *R        *P     REACS
          0    0.0231    0.0175         1
         *R - eigenvalue over the relaxation limit
         *P - eigenvector projection squared on the relaxation subspace
      eigenvector projections:
          L        *Q        *P     REACS
          0  0.000911    0.0175    -0.991
         *Z       ---       ---  2.19e+19
         *Q - eigenvalue over the collision frequency
         *P - eigenvector projection squared on the relaxation subspace
         *Z - well partition function square root
      isomers-to-bimolecular equilibrium coefficients (kappa matrix):
        W\P    PRODS
      REACS        0
      projection error = 0.018
      Wa->Wb/Wb->Wa rate constants ratios:
      Wb\Wa     REACS
      REACS         1
      W->P/P->W rate constants ratios:
        P\W     REACS
      PRODS         1
   MasterEquation::direct_diagonalization_method:  done, cpu time[sec] = 0.18, elapsed time[sec] = 0
   MasterEquation::direct_diagonalization_method:  starts
      Pressure = 1000 atm	 Temperature = 2100 K
      collision frequency = 1.32503e+12 1/sec
      global relaxation matrix dimension = 214
      setting global matrices ... done, cpu time[sec] = 0.03, elapsed time[sec] = 0
      diagonalizing global relaxation matrix ... done, cpu time[sec] = 0.14, elapsed time[sec] = 0
      minimal relaxation eigenvalue / collision frequency = 0.0276835
      maximal relaxation eigenvalue / collision frequency = 1.33468
      microscopic rate coefficients (at reference energy) over collision frequency:
       REACS->PRODS
           0.372346
      eigenvector populations normalized:
          L        *R        *P     REACS
          0   0.00211  0.000411         1
         *R - eigenvalue over the relaxation limit
         *P - eigenvector projection squared on the relaxation subspace
      eigenvector projections:
          L        *Q        *P     REACS
          0  5.83e-05  0.000411         1
         *Z       ---       ---  2.19e+19
         *Q - eigenvalue over the collision frequency
         *P - eigenvector projection squared on the relaxation subspace
         *Z - well partition function square root
      isomers-to-bimolecular equilibrium coefficients (kappa matrix):
        W\P    PRODS
      REACS        0
      projection error = 0.00041
      Wa->Wb/Wb->Wa rate constants ratios:
      Wb\Wa     REACS
      REACS         1
      W->P/P->W rate constants ratios:
        P\W     REACS
      PRODS         1
   MasterEquation::direct_diagonalization_method:  done, cpu time[sec] = 0.19, elapsed time[sec] = 0
   MasterEquation::set:  starts
      Temperature      = 2200 K
      Collision rate   = 3.85434e-10cm^3/sec
      Energy reference = 71454 1/cm
      Energy step      = 306 1/cm
      setting wells, barriers, and bimolecular starts
         REACS Well: density of states done, elapsed time[sec] = 0
         REACS Well: cannot satisfy the constant collision frequency at energy = 6888 1/cm, truncating the well
         REACS Well: cannot satisfy the constant collision frequency at energy = 7194 1/cm, truncating the well
         REACS Well: collisional energy transfer kernel done, elapsed time[sec] = 0.08
         REACS Well: relaxation modes basis done, elapsed time[sec] = 0.02
         REACS Well: kernel in relaxation modes basis done, elapsed time[sec] = 0.14
         REACS Well: relaxation eigenvalues done, elapsed time[sec] = 0.05
         REACS Well: minimal relaxation eigenvalue = 0.0246076
         REACS Well: maximal relaxation eigenvalue = 1.01557
         REACS Well:       grid size = 210
         REACS Well:      real depth = 0 1/cm
         REACS Well: effective depth = 7194 1/cm
         TS Barrier:        grid size = 150
         TS Barrier:      real height = 25581 1/cm
         TS Barrier: effective height = 25554 1/cm
      setting wells, barriers, and bimolecular done, cpu time[sec] = 0.29, elapsed time[sec] = 0
      Bound Species (D1/D2 - density of states at dissociation energy (DE)/reference energy):
       Name  Depth     DE      *D1      *D2
              1/cm   1/cm       cm       cm
      REACS   7195  25554 3.15e+18 2.98e+27
      Well-to-Bimolecular Barriers (N - number of states at the reference energy):
       Name Height       *N
              1/cm         
         TS  25554  6.9e+28
      Effective equilibrium constants(bimolecular units - cm^3):
        Q/Q     REACS     PRODS
      REACS         1   5.2e-17
      PRODS  1.92e+16         1
      Real equilibrium constants(bimolecular units - cm^3):
        Q/Q     REACS     PRODS
      REACS         1  7.27e-20
      PRODS  1.38e+19         1
   MasterEquation::set:  done, cpu time[sec] = 0.29, elapsed time[sec] = 0
   MasterEquation::direct_diagonalization_method:  starts
      Pressure = 0.1 atm	 Temperature = 2200 K
      collision frequency = 1.28564e+08 1/sec
      global relaxation matrix dimension = 210
      setting global matrices ... done, cpu time[sec] = 0.03, elapsed time[sec] = 0
      diagonalizing global relaxation matrix ... done, cpu time[sec] = 0.12, elapsed time[sec] = 0
      minimal relaxation eigenvalue / collision frequency = 0.0720719
      maximal relaxation eigenvalue / collision frequency = 5403.66
      microscopic rate coefficients (at reference energy) over collision frequency:
       REACS->PRODS
            5402.85
      eigenvector populations normalized:
          L        *R        *P     REACS
          0    0.0895     0.158         1
         *R - eigenvalue over the relaxation limit
         *P - eigenvector projection squared on the relaxation subspace
      eigenvector projections:
          L        *Q        *P     REACS
          0   0.00645     0.158     0.918
         *Z       ---       ---  2.21e+19
         *Q - eigenvalue over the collision frequency
         *P - eigenvector projection squared on the relaxation subspace
         *Z - well partition function square root
      isomers-to-bimolecular equilibrium coefficients (kappa matrix):
        W\P    PRODS
      REACS     0.16
      projection error = 0.16
      Wa->Wb/Wb->Wa rate constants ratios:
      Wb\Wa     REACS
      REACS         1
      W->P/P->W rate constants ratios:
        P\W     REACS
      PRODS       1.2
   MasterEquation::direct_diagonalization_method:  done, cpu time[sec] = 0.17, elapsed time[sec] = 0
   MasterEquation::direct_diagonalization_method:  starts
      Pressure = 1 atm	 Temperature = 2200 K
      collision frequency = 1.28564e+09 1/sec
      global relaxation matrix dimension = 210
      setting global matrices ... done, cpu time[sec] = 0.03, elapsed time[sec] = 0
      diagonalizing global relaxation matrix ... done, cpu time[sec] = 0.12, elapsed time[sec] = 0
      minimal relaxation eigenvalue / collision frequency = 0.056701
      maximal relaxation eigenvalue / collision frequency = 541.092
      microscopic rate coefficients (at reference energy) over collision frequency:
       REACS->PRODS
            540.285
      eigenvector populations normalized:
          L        *R        *P     REACS
          0    0.0619     0.084         1
         *R - eigenvalue over the relaxation limit
         *P - eigenvector projection squared on the relaxation subspace
      eigenvector projections:
          L        *Q        *P     REACS
          0   0.00351     0.084     0.957
         *Z       ---       ---  2.21e+19
         *Q - eigenvalue over the collision frequency
         *P - eigenvector projection squared on the relaxation subspace
         *Z - well partition function square root
      isomers-to-bimolecular equilibrium coefficients (kappa matrix):
        W\P    PRODS
      REACS    0.084
      projection error = 0.084
      Wa->Wb/Wb->Wa rate constants ratios:
      Wb\Wa     REACS
      REACS         1
      W->P/P->W rate constants ratios:
        P\W     REACS
      PRODS       1.1
   MasterEquation::direct_diagonalization_method:  done, cpu time[sec] = 0.16, elapsed time[sec] = 0
   MasterEquation::direct_diagonalization_method:  starts
      Pressure = 10 atm	 Temperature = 2200 K
      collision frequency = 1.28564e+10 1/sec
      global relaxation matrix dimension = 210
      setting global matrices ... done, cpu time[sec] = 0.03, elapsed time[sec] = 0
      diagonalizing global relaxation matrix ... done, cpu time[sec] = 0.11, elapsed time[sec] = 0
      minimal relaxation eigenvalue / collision frequency = 0.0440617
      maximal relaxation eigenvalue / collision frequency = 54.8464
      microscopic rate coefficients (at reference energy) over collision frequency:
       REACS->PRODS
            54.0285
      eigenvector populations normalized:
          L        *R        *P     REACS
          0    0.0357    0.0335         1
         *R - eigenvalue over the relaxation limit
         *P - eigenvector projection squared on the relaxation subspace
      eigenvector projections:
          L        *Q        *P     REACS
          0   0.00157    0.0335    -0.983
         *Z       ---       ---  2.21e+19
         *Q - eigenvalue over the collision frequency
         *P - eigenvector projection squared on the relaxation subspace
         *Z - well partition function square root
      isomers-to-bimolecular equilibrium coefficients (kappa matrix):
        W\P    PRODS
      REACS        0
      projection error = 0.033
      Wa->Wb/Wb->Wa rate constants ratios:
      Wb\Wa     REACS
      REACS         1
      W->P/P->W rate constants ratios:
        P\W     REACS
      PRODS         1
   MasterEquation::direct_diagonalization_method:  done, cpu time[sec] = 0.15, elapsed time[sec] = 0
   MasterEquation::direct_diagonalization_method:  starts
      Pressure = 1000 atm	 Temperature = 2200 K
      collision frequency = 1.28564e+12 1/sec
      global relaxation matrix dimension = 210
      setting global matrices ... done, cpu time[sec] = 0.03, elapsed time[sec] = 0
      diagonalizing global relaxation matrix ... done, cpu time[sec] = 0.12, elapsed time[sec] = 0
      minimal relaxation eigenvalue / collision frequency = 0.0286822
      maximal relaxation eigenvalue / collision frequency = 1.49717
      microscopic rate coefficients (at reference energy) over collision frequency:
       REACS->PRODS
           0.540285
      eigenvector populations normalized:
          L        *R        *P     REACS
          0   0.00438   0.00116         1
         *R - eigenvalue over the relaxation limit
         *P - eigenvector projection squared on the relaxation subspace
      eigenvector projections:
          L        *Q        *P     REACS
          0  0.000125   0.00116     0.999
         *Z       ---       ---  2.21e+19
         *Q - eigenvalue over the collision frequency
         *P - eigenvector projection squared on the relaxation subspace
         *Z - well partition function square root
      isomers-to-bimolecular equilibrium coefficients (kappa matrix):
        W\P    PRODS
      REACS        0
      projection error = 0.0012
      Wa->Wb/Wb->Wa rate constants ratios:
      Wb\Wa     REACS
      REACS         1
      W->P/P->W rate constants ratios:
        P\W     REACS
      PRODS         1
   MasterEquation::direct_diagonalization_method:  done, cpu time[sec] = 0.18, elapsed time[sec] = 0
   MasterEquation::set:  starts
      Temperature      = 2300 K
      Collision rate   = 3.91499e-10cm^3/sec
      Energy reference = 73539 1/cm
      Energy step      = 320 1/cm
      setting wells, barriers, and bimolecular starts
         REACS Well: density of states done, elapsed time[sec] = 0
         REACS Well: cannot satisfy the constant collision frequency at energy = 7299 1/cm, truncating the well
         REACS Well: cannot satisfy the constant collision frequency at energy = 7619 1/cm, truncating the well
         REACS Well: cannot satisfy the constant collision frequency at energy = 7939 1/cm, truncating the well
         REACS Well: collisional energy transfer kernel done, elapsed time[sec] = 0.11
         REACS Well: relaxation modes basis done, elapsed time[sec] = 0.02
         REACS Well: kernel in relaxation modes basis done, elapsed time[sec] = 0.13
         REACS Well: relaxation eigenvalues done, elapsed time[sec] = 0.04
         REACS Well: minimal relaxation eigenvalue = 0.0242284
         REACS Well: maximal relaxation eigenvalue = 1.00868
         REACS Well:       grid size = 205
         REACS Well:      real depth = 0 1/cm
         REACS Well: effective depth = 7938 1/cm
         TS Barrier:        grid size = 150
         TS Barrier:      real height = 25581 1/cm
         TS Barrier: effective height = 25539 1/cm
      setting wells, barriers, and bimolecular done, cpu time[sec] = 0.3, elapsed time[sec] = 0
      Bound Species (D1/D2 - density of states at dissociation energy (DE)/reference energy):
       Name  Depth     DE      *D1      *D2
              1/cm   1/cm       cm       cm
      REACS   7939  25540 3.11e+18 5.73e+27
      Well-to-Bimolecular Barriers (N - number of states at the reference energy):
       Name Height       *N
              1/cm         
         TS  25540 1.83e+29
      Effective equilibrium constants(bimolecular units - cm^3):
        Q/Q     REACS     PRODS
      REACS         1  2.29e-17
      PRODS  4.37e+16         1
      Real equilibrium constants(bimolecular units - cm^3):
        Q/Q     REACS     PRODS
      REACS         1  3.35e-20
      PRODS  2.99e+19         1
   MasterEquation::set:  done, cpu time[sec] = 0.3, elapsed time[sec] = 0
   MasterEquation::direct_diagonalization_method:  starts
      Pressure = 0.1 atm	 Temperature = 2300 K
      collision frequency = 1.24909e+08 1/sec
      global relaxation matrix dimension = 205
      setting global matrices ... done, cpu time[sec] = 0.02, elapsed time[sec] = 0
      diagonalizing global relaxation matrix ... done, cpu time[sec] = 0.12, elapsed time[sec] = 0
      minimal relaxation eigenvalue / collision frequency = 0.0834046
      maximal relaxation eigenvalue / collision frequency = 7683.62
      microscopic rate coefficients (at reference energy) over collision frequency:
       REACS->PRODS
            7682.82
      eigenvector populations normalized:
          L        *R        *P     REACS
          0     0.111     0.222         1
         *R - eigenvalue over the relaxation limit
         *P - eigenvector projection squared on the relaxation subspace
      eigenvector projections:
          L        *Q        *P     REACS
          0   0.00926     0.222    -0.882
         *Z       ---       ---  2.28e+19
         *Q - eigenvalue over the collision frequency
         *P - eigenvector projection squared on the relaxation subspace
         *Z - well partition function square root
      dimension of the chemical subspace = 0
      isomers-to-bimolecular equilibrium coefficients (kappa matrix):
        W\P    PRODS
      REACS        1
   MasterEquation::direct_diagonalization_method:  done, cpu time[sec] = 0.16, elapsed time[sec] = 0
   MasterEquation::direct_diagonalization_method:  starts
      Pressure = 1 atm	 Temperature = 2.3e+03 K
      collision frequency = 1.2e+09 1/sec
      global relaxation matrix dimension = 205
      setting global matrices ... done, cpu time[sec] = 0.03, elapsed time[sec] = 0
      diagonalizing global relaxation matrix ... done, cpu time[sec] = 0.11, elapsed time[sec] = 0
      minimal relaxation eigenvalue / collision frequency = 0.065
      maximal relaxation eigenvalue / collision frequency = 7.7e+02
      microscopic rate coefficients (at reference energy) over collision frequency:
       REACS->PRODS
            7.7e+02
      eigenvector populations normalized:
          L        *R        *P     REACS
          0    0.0812     0.129         1
         *R - eigenvalue over the relaxation limit
         *P - eigenvector projection squared on the relaxation subspace
      eigenvector projections:
          L        *Q        *P     REACS
          0   0.00527     0.129    -0.934
         *Z       ---       ---  2.28e+19
         *Q - eigenvalue over the collision frequency
         *P - eigenvector projection squared on the relaxation subspace
         *Z - well partition function square root
      isomers-to-bimolecular equilibrium coefficients (kappa matrix):
        W\P    PRODS
      REACS     0.13
      projection error = 0.13
      Wa->Wb/Wb->Wa rate constants ratios:
      Wb\Wa     REACS
      REACS         1
      W->P/P->W rate constants ratios:
        P\W     REACS
      PRODS       1.1
   MasterEquation::direct_diagonalization_method:  done, cpu time[sec] = 0.15, elapsed time[sec] = 0
   MasterEquation::direct_diagonalization_method:  starts
      Pressure = 10 atm	 Temperature = 2300 K
      collision frequency = 1.24909e+10 1/sec
      global relaxation matrix dimension = 205
      setting global matrices ... done, cpu time[sec] = 0.03, elapsed time[sec] = 0
      diagonalizing global relaxation matrix ... done, cpu time[sec] = 0.12, elapsed time[sec] = 0
      minimal relaxation eigenvalue / collision frequency = 0.0496139
      maximal relaxation eigenvalue / collision frequency = 77.6414
      microscopic rate coefficients (at reference energy) over collision frequency:
       REACS->PRODS
            76.8282
      eigenvector populations normalized:
          L        *R        *P     REACS
          0    0.0508    0.0575         1
         *R - eigenvalue over the relaxation limit
         *P - eigenvector projection squared on the relaxation subspace
      eigenvector projections:
          L        *Q        *P     REACS
          0   0.00252    0.0575     0.971
         *Z       ---       ---  2.28e+19
         *Q - eigenvalue over the collision frequency
         *P - eigenvector projection squared on the relaxation subspace
         *Z - well partition function square root
      isomers-to-bimolecular equilibrium coefficients (kappa matrix):
        W\P    PRODS
      REACS    0.057
      projection error = 0.057
      Wa->Wb/Wb->Wa rate constants ratios:
      Wb\Wa     REACS
      REACS         1
      W->P/P->W rate constants ratios:
        P\W     REACS
      PRODS       1.1
   MasterEquation::direct_diagonalization_method:  done, cpu time[sec] = 0.17, elapsed time[sec] = 0
   MasterEquation::direct_diagonalization_method:  starts
      Pressure = 1000 atm	 Temperature = 2300 K
      collision frequency = 1.24909e+12 1/sec
      global relaxation matrix dimension = 205
      setting global matrices ... done, cpu time[sec] = 0.03, elapsed time[sec] = 0
      diagonalizing global relaxation matrix ... done, cpu time[sec] = 0.12, elapsed time[sec] = 0
      minimal relaxation eigenvalue / collision frequency = 0.0301441
      maximal relaxation eigenvalue / collision frequency = 1.71879
      microscopic rate coefficients (at reference energy) over collision frequency:
       REACS->PRODS
           0.768282
      eigenvector populations normalized:
          L        *R        *P     REACS
          0   0.00815   0.00283         1
         *R - eigenvalue over the relaxation limit
         *P - eigenvector projection squared on the relaxation subspace
      eigenvector projections:
          L        *Q        *P     REACS
          0  0.000246   0.00283     0.999
         *Z       ---       ---  2.28e+19
         *Q - eigenvalue over the collision frequency
         *P - eigenvector projection squared on the relaxation subspace
         *Z - well partition function square root
      isomers-to-bimolecular equilibrium coefficients (kappa matrix):
        W\P    PRODS
      REACS        0
      projection error = 0.0028
      Wa->Wb/Wb->Wa rate constants ratios:
      Wb\Wa     REACS
      REACS         1
      W->P/P->W rate constants ratios:
        P\W     REACS
      PRODS         1
   MasterEquation::direct_diagonalization_method:  done, cpu time[sec] = 0.17, elapsed time[sec] = 0
   MasterEquation::set:  starts
      Temperature      = 2400 K
      Collision rate   = 3.97395e-10cm^3/sec
      Energy reference = 75624 1/cm
      Energy step      = 334 1/cm
      setting wells, barriers, and bimolecular starts
         REACS Well: density of states done, elapsed time[sec] = 0
         REACS Well: cannot satisfy the constant collision frequency at energy = 7822 1/cm, truncating the well
         REACS Well: cannot satisfy the constant collision frequency at energy = 8156 1/cm, truncating the well
         REACS Well: cannot satisfy the constant collision frequency at energy = 8490 1/cm, truncating the well
         REACS Well: collisional energy transfer kernel done, elapsed time[sec] = 0.1
         REACS Well: relaxation modes basis done, elapsed time[sec] = 0.02
         REACS Well: kernel in relaxation modes basis done, elapsed time[sec] = 0.12
         REACS Well: relaxation eigenvalues done, elapsed time[sec] = 0.03
         REACS Well: minimal relaxation eigenvalue = 0.0238973
         REACS Well: maximal relaxation eigenvalue = 1.00984
         REACS Well:       grid size = 201
         REACS Well:      real depth = 0 1/cm
         REACS Well: effective depth = 8490 1/cm
         TS Barrier:        grid size = 150
         TS Barrier:      real height = 25581 1/cm
         TS Barrier: effective height = 25524 1/cm
      setting wells, barriers, and bimolecular done, cpu time[sec] = 0.29, elapsed time[sec] = 0
      Bound Species (D1/D2 - density of states at dissociation energy (DE)/reference energy):
       Name  Depth     DE      *D1      *D2
              1/cm   1/cm       cm       cm
      REACS   8491  25525 3.08e+18 1.09e+28
      Well-to-Bimolecular Barriers (N - number of states at the reference energy):
       Name Height       *N
              1/cm         
         TS  25525 4.72e+29
      Effective equilibrium constants(bimolecular units - cm^3):
        Q/Q     REACS     PRODS
      REACS         1  1.08e-17
      PRODS  9.24e+16         1
      Real equilibrium constants(bimolecular units - cm^3):
        Q/Q     REACS     PRODS
      REACS         1  1.65e-20
      PRODS  6.06e+19         1
   MasterEquation::set:  done, cpu time[sec] = 0.29, elapsed time[sec] = 0
   MasterEquation::direct_diagonalization_method:  starts
      Pressure = 0.1 atm	 Temperature = 2400 K
      collision frequency = 1.21508e+08 1/sec
      global relaxation matrix dimension = 201
      setting global matrices ... done, cpu time[sec] = 0.03, elapsed time[sec] = 0
      diagonalizing global relaxation matrix ... done, cpu time[sec] = 0.11, elapsed time[sec] = 0
      minimal relaxation eigenvalue / collision frequency = 0.096253
      maximal relaxation eigenvalue / collision frequency = 10726.1
      microscopic rate coefficients (at reference energy) over collision frequency:
       REACS->PRODS
            10725.3
      eigenvector populations normalized:
          L        *R        *P     REACS
          0     0.133     0.293         1
         *R - eigenvalue over the relaxation limit
         *P - eigenvector projection squared on the relaxation subspace
      eigenvector projections:
          L        *Q        *P     REACS
          0    0.0128     0.293    -0.841
         *Z       ---       ---  2.41e+19
         *Q - eigenvalue over the collision frequency
         *P - eigenvector projection squared on the relaxation subspace
         *Z - well partition function square root
      dimension of the chemical subspace = 0
      isomers-to-bimolecular equilibrium coefficients (kappa matrix):
        W\P    PRODS
      REACS        1
   MasterEquation::direct_diagonalization_method:  done, cpu time[sec] = 0.15, elapsed time[sec] = 0
   MasterEquation::direct_diagonalization_method:  starts
      Pressure = 1 atm	 Temperature = 2.4e+03 K
      collision frequency = 1.2e+09 1/sec
      global relaxation matrix dimension = 201
      setting global matrices ... done, cpu time[sec] = 0.03, elapsed time[sec] = 0
      diagonalizing global relaxation matrix ... done, cpu time[sec] = 0.1, elapsed time[sec] = 0
      minimal relaxation eigenvalue / collision frequency = 0.074
      maximal relaxation eigenvalue / collision frequency = 1.1e+03
      microscopic rate coefficients (at reference energy) over collision frequency:
       REACS->PRODS
            1.1e+03
      eigenvector populations normalized:
          L        *R        *P     REACS
          0     0.101     0.183         1
         *R - eigenvalue over the relaxation limit
         *P - eigenvector projection squared on the relaxation subspace
      eigenvector projections:
          L        *Q        *P     REACS
          0   0.00755     0.183     0.904
         *Z       ---       ---  2.41e+19
         *Q - eigenvalue over the collision frequency
         *P - eigenvector projection squared on the relaxation subspace
         *Z - well partition function square root
      isomers-to-bimolecular equilibrium coefficients (kappa matrix):
        W\P    PRODS
      REACS     0.18
      projection error = 0.18
      Wa->Wb/Wb->Wa rate constants ratios:
      Wb\Wa     REACS
      REACS         1
      W->P/P->W rate constants ratios:
        P\W     REACS
      PRODS       1.2
   MasterEquation::direct_diagonalization_method:  done, cpu time[sec] = 0.15, elapsed time[sec] = 0
   MasterEquation::direct_diagonalization_method:  starts
      Pressure = 10 atm	 Temperature = 2400 K
      collision frequency = 1.21508e+10 1/sec
      global relaxation matrix dimension = 201
      setting global matrices ... done, cpu time[sec] = 0.03, elapsed time[sec] = 0
      diagonalizing global relaxation matrix ... done, cpu time[sec] = 0.1, elapsed time[sec] = 0
      minimal relaxation eigenvalue / collision frequency = 0.0561247
      maximal relaxation eigenvalue / collision frequency = 108.062
      microscopic rate coefficients (at reference energy) over collision frequency:
       REACS->PRODS
            107.253
      eigenvector populations normalized:
          L        *R        *P     REACS
          0    0.0679    0.0904         1
         *R - eigenvalue over the relaxation limit
         *P - eigenvector projection squared on the relaxation subspace
      eigenvector projections:
          L        *Q        *P     REACS
          0   0.00381    0.0904     0.954
         *Z       ---       ---  2.41e+19
         *Q - eigenvalue over the collision frequency
         *P - eigenvector projection squared on the relaxation subspace
         *Z - well partition function square root
      isomers-to-bimolecular equilibrium coefficients (kappa matrix):
        W\P    PRODS
      REACS     0.09
      projection error = 0.09
      Wa->Wb/Wb->Wa rate constants ratios:
      Wb\Wa     REACS
      REACS         1
      W->P/P->W rate constants ratios:
        P\W     REACS
      PRODS       1.1
   MasterEquation::direct_diagonalization_method:  done, cpu time[sec] = 0.15, elapsed time[sec] = 0
   MasterEquation::direct_diagonalization_method:  starts
      Pressure = 1000 atm	 Temperature = 2400 K
      collision frequency = 1.21508e+12 1/sec
      global relaxation matrix dimension = 201
      setting global matrices ... done, cpu time[sec] = 0.03, elapsed time[sec] = 0
      diagonalizing global relaxation matrix ... done, cpu time[sec] = 0.11, elapsed time[sec] = 0
      minimal relaxation eigenvalue / collision frequency = 0.0321035
      maximal relaxation eigenvalue / collision frequency = 2.01566
      microscopic rate coefficients (at reference energy) over collision frequency:
       REACS->PRODS
            1.07253
      eigenvector populations normalized:
          L        *R        *P     REACS
          0    0.0138   0.00612         1
         *R - eigenvalue over the relaxation limit
         *P - eigenvector projection squared on the relaxation subspace
      eigenvector projections:
          L        *Q        *P     REACS
          0  0.000443   0.00612     0.997
         *Z       ---       ---  2.41e+19
         *Q - eigenvalue over the collision frequency
         *P - eigenvector projection squared on the relaxation subspace
         *Z - well partition function square root
      isomers-to-bimolecular equilibrium coefficients (kappa matrix):
        W\P    PRODS
      REACS        0
      projection error = 0.0061
      Wa->Wb/Wb->Wa rate constants ratios:
      Wb\Wa     REACS
      REACS         1
      W->P/P->W rate constants ratios:
        P\W     REACS
      PRODS         1
   MasterEquation::direct_diagonalization_method:  done, cpu time[sec] = 0.16, elapsed time[sec] = 0
   MasterEquation::set:  starts
      Temperature      = 2500 K
      Collision rate   = 4.03135e-10cm^3/sec
      Energy reference = 77709 1/cm
      Energy step      = 348 1/cm
      setting wells, barriers, and bimolecular starts
         REACS Well: density of states done, elapsed time[sec] = 0
         REACS Well: cannot satisfy the constant collision frequency at energy = 8457 1/cm, truncating the well
         REACS Well: cannot satisfy the constant collision frequency at energy = 8805 1/cm, truncating the well
         REACS Well: cannot satisfy the constant collision frequency at energy = 9153 1/cm, truncating the well
         REACS Well: collisional energy transfer kernel done, elapsed time[sec] = 0.1
         REACS Well: relaxation modes basis done, elapsed time[sec] = 0.02
         REACS Well: kernel in relaxation modes basis done, elapsed time[sec] = 0.12
         REACS Well: relaxation eigenvalues done, elapsed time[sec] = 0.04
         REACS Well: minimal relaxation eigenvalue = 0.023606
         REACS Well: maximal relaxation eigenvalue = 1.0078
         REACS Well:       grid size = 197
         REACS Well:      real depth = 0 1/cm
         REACS Well: effective depth = 9153 1/cm
         TS Barrier:        grid size = 150
         TS Barrier:      real height = 25581 1/cm
         TS Barrier: effective height = 25508 1/cm
      setting wells, barriers, and bimolecular done, cpu time[sec] = 0.28, elapsed time[sec] = 0
      Bound Species (D1/D2 - density of states at dissociation energy (DE)/reference energy):
       Name  Depth     DE      *D1      *D2
              1/cm   1/cm       cm       cm
      REACS   9154  25509 3.05e+18 2.03e+28
      Well-to-Bimolecular Barriers (N - number of states at the reference energy):
       Name Height       *N
              1/cm         
         TS  25509 1.18e+30
      Effective equilibrium constants(bimolecular units - cm^3):
        Q/Q     REACS     PRODS
      REACS         1  5.44e-18
      PRODS  1.84e+17         1
      Real equilibrium constants(bimolecular units - cm^3):
        Q/Q     REACS     PRODS
      REACS         1  8.65e-21
      PRODS  1.16e+20         1
   MasterEquation::set:  done, cpu time[sec] = 0.28, elapsed time[sec] = 0
   MasterEquation::direct_diagonalization_method:  starts
      Pressure = 0.1 atm	 Temperature = 2500 K
      collision frequency = 1.18332e+08 1/sec
      global relaxation matrix dimension = 197
      setting global matrices ... done, cpu time[sec] = 0.03, elapsed time[sec] = 0
      diagonalizing global relaxation matrix ... done, cpu time[sec] = 0.1, elapsed time[sec] = 0
      minimal relaxation eigenvalue / collision frequency = 0.110659
      maximal relaxation eigenvalue / collision frequency = 14722.6
      microscopic rate coefficients (at reference energy) over collision frequency:
       REACS->PRODS
            14721.8
      eigenvector populations normalized:
          L        *R        *P     REACS
          0     0.154     0.369         1
         *R - eigenvalue over the relaxation limit
         *P - eigenvector projection squared on the relaxation subspace
      eigenvector projections:
          L        *Q        *P     REACS
          0     0.017     0.369     0.795
         *Z       ---       ---   2.6e+19
         *Q - eigenvalue over the collision frequency
         *P - eigenvector projection squared on the relaxation subspace
         *Z - well partition function square root
      dimension of the chemical subspace = 0
      isomers-to-bimolecular equilibrium coefficients (kappa matrix):
        W\P    PRODS
      REACS        1
   MasterEquation::direct_diagonalization_method:  done, cpu time[sec] = 0.14, elapsed time[sec] = 0
   MasterEquation::direct_diagonalization_method:  starts
      Pressure = 1 atm	 Temperature = 2.5e+03 K
      collision frequency = 1.2e+09 1/sec
      global relaxation matrix dimension = 197
      setting global matrices ... done, cpu time[sec] = 0.03, elapsed time[sec] = 0
      diagonalizing global relaxation matrix ... done, cpu time[sec] = 0.1, elapsed time[sec] = 0
      minimal relaxation eigenvalue / collision frequency = 0.085
      maximal relaxation eigenvalue / collision frequency = 1.5e+03
      microscopic rate coefficients (at reference energy) over collision frequency:
       REACS->PRODS
            1.5e+03
      eigenvector populations normalized:
          L        *R        *P     REACS
          0     0.122     0.245         1
         *R - eigenvalue over the relaxation limit
         *P - eigenvector projection squared on the relaxation subspace
      eigenvector projections:
          L        *Q        *P     REACS
          0    0.0104     0.245    -0.869
         *Z       ---       ---   2.6e+19
         *Q - eigenvalue over the collision frequency
         *P - eigenvector projection squared on the relaxation subspace
         *Z - well partition function square root
      dimension of the chemical subspace = 0
      isomers-to-bimolecular equilibrium coefficients (kappa matrix):
        W\P    PRODS
      REACS        1
   MasterEquation::direct_diagonalization_method:  done, cpu time[sec] = 0.14, elapsed time[sec] = 0
   MasterEquation::direct_diagonalization_method:  starts
      Pressure = 10 atm	 Temperature = 2.5e+03 K
      collision frequency = 1.2e+10 1/sec
      global relaxation matrix dimension = 197
      setting global matrices ... done, cpu time[sec] = 0.03, elapsed time[sec] = 0
      diagonalizing global relaxation matrix ... done, cpu time[sec] = 0.11, elapsed time[sec] = 0
      minimal relaxation eigenvalue / collision frequency = 0.064
      maximal relaxation eigenvalue / collision frequency = 1.5e+02
      microscopic rate coefficients (at reference energy) over collision frequency:
       REACS->PRODS
            1.5e+02
      eigenvector populations normalized:
          L        *R        *P     REACS
          0    0.0861     0.132         1
         *R - eigenvalue over the relaxation limit
         *P - eigenvector projection squared on the relaxation subspace
      eigenvector projections:
          L        *Q        *P     REACS
          0   0.00548     0.132     0.932
         *Z       ---       ---   2.6e+19
         *Q - eigenvalue over the collision frequency
         *P - eigenvector projection squared on the relaxation subspace
         *Z - well partition function square root
      isomers-to-bimolecular equilibrium coefficients (kappa matrix):
        W\P    PRODS
      REACS     0.13
      projection error = 0.13
      Wa->Wb/Wb->Wa rate constants ratios:
      Wb\Wa     REACS
      REACS         1
      W->P/P->W rate constants ratios:
        P\W     REACS
      PRODS       1.2
   MasterEquation::direct_diagonalization_method:  done, cpu time[sec] = 0.15, elapsed time[sec] = 0
   MasterEquation::direct_diagonalization_method:  starts
      Pressure = 1000 atm	 Temperature = 2500 K
      collision frequency = 1.18332e+12 1/sec
      global relaxation matrix dimension = 197
      setting global matrices ... done, cpu time[sec] = 0.02, elapsed time[sec] = 0
      diagonalizing global relaxation matrix ... done, cpu time[sec] = 0.11, elapsed time[sec] = 0
      minimal relaxation eigenvalue / collision frequency = 0.0345724
      maximal relaxation eigenvalue / collision frequency = 2.40693
      microscopic rate coefficients (at reference energy) over collision frequency:
       REACS->PRODS
            1.47218
      eigenvector populations normalized:
          L        *R        *P     REACS
          0    0.0215    0.0119         1
         *R - eigenvalue over the relaxation limit
         *P - eigenvector projection squared on the relaxation subspace
      eigenvector projections:
          L        *Q        *P     REACS
          0  0.000743    0.0119     0.994
         *Z       ---       ---   2.6e+19
         *Q - eigenvalue over the collision frequency
         *P - eigenvector projection squared on the relaxation subspace
         *Z - well partition function square root
      isomers-to-bimolecular equilibrium coefficients (kappa matrix):
        W\P    PRODS
      REACS        0
      projection error = 0.012
      Wa->Wb/Wb->Wa rate constants ratios:
      Wb\Wa     REACS
      REACS         1
      W->P/P->W rate constants ratios:
        P\W     REACS
      PRODS         1
   MasterEquation::direct_diagonalization_method:  done, cpu time[sec] = 0.14, elapsed time[sec] = 0
rate calculation done, cpu time[sec] = 131.3, elapsed time[sec] = 8
